0393781929818,1
12012037769,6
12012524714,6
12012584378,6
12012599223,8
12012663840,5
12012790024,5
12012854635,8
12013122220,6
12013408962,11
12013474386,8
12013815513,5
12014169061,5
12014428098,5
12014509217,5
12014999045,5
12015841892,5
12015947053,16
12016485496,5
12016880925,5
12017789132,5
12018206511,8
12018563902,5
12019712252,7
12022215979,6
12023041930,5
12023079100,6
12023243000,5
12023258000,6
12023262222,27
12023506947,11
12023509493,6
12023706342,5
12023706456,5
12023706494,5
12023810895,5
12024003581,8
12024107994,7
12024227707,7
12024482899,5
12024695578,5
12024711840,8
12025057304,6
12025075395,10
12025363059,6
12026022004,6
12026022132,6
12026143081,6
12026143123,5
12026148373,5
12026148451,7
12026183853,13
12026838183,8
12026951237,6
12027011969,6
12027302058,10
12027347505,6
12027347590,10
12027347616,7
12027347637,7
12027347759,9
12027347812,5
12027347922,5
12027347964,5
12027353196,7
12027804814,7
12027924091,6
12027928474,5
12027928503,7
12027928635,6
12027932289,7
12027932897,6
12027933091,6
12027946285,5
12027946319,5
12027963966,7
12027988094,6
12028075354,6
12028300636,6
12028380957,6
12028380961,5
12028587776,5
12028602613,11
12028916237,7
12028916281,7
12028916291,5
12028916328,5
12028916359,7
12028916361,6
12028916399,6
12028916431,7
12028916591,5
12028927409,5
12029030139,6
12029195180,6
12029195183,8
12029195228,8
12029216691,5
12029225517,5
12029326723,6
12029327068,5
12029334334,5
12029363883,5
12029517935,10
12029634050,5
12029671067,5
12029671076,7
12029671717,6
12029671873,8
12029750957,8
12029789046,6
12029907799,7
12029981857,9
12034091338,12
12036040196,13
12036293114,5
12037016749,7
12037803420,6
12053580312,6
12053831546,11
12055575286,9
12056702598,8
12057455948,6
12058270231,13
12062029381,6
12062107476,6
12062129339,6
12063130004,5
12064532329,25
12064606747,5
12065080851,9
12065363695,26
12067425662,9
12067425679,9
12067455159,14
12068062971,6
12068062976,6
12068755457,12
12069220880,29
12072045129,161
12072308666,5
12074777669,8
12074870134,23
12074874870,5
12078498615,5
12079772134,7
12082790820,15
12084693261,9
12086507984,13
12092093561,5
12092544025,5
12092705382,5
12093480482,9
12093930356,10
12096554105,21
12097594119,5
12098864205,6
12106616791,70
12109444825,5
12109529980,14
12122702479,9
12122706000,8
12122726000,5
12123340559,10
12123756913,5
12123841000,22
12125525100,34
12125615117,7
12126010050,5
12126360821,5
12126781611,5
12127414811,5
12128883078,17
12129937330,13
12129937333,5
12129937813,10
12132015581,6
12132056372,5
12132463439,25
12132695671,8
12132953417,18
12132953440,6
12133402429,6
12134376902,7
12134603501,6
12134603853,9
12136468216,5
12136525088,6
12137590830,7
12138379972,13
12138456677,5
12138619431,7
12139475724,7
12142269139,126
12142393181,7
12143028408,6
12143085316,6
12143824871,20
12144239916,5
12144294509,5
12144732513,6
12145743018,9
12145845873,5
12146284150,5
12146284154,5
12146668111,7
12148105347,5
12148639760,7
12152746762,5
12153710676,9
12153757070,6
12154447471,7
12156611199,11
12162389350,5
12163009704,9
12163065292,6
12163242178,6
12163401065,8
12163430767,10
12164104698,5
12167146556,6
12167273028,5
12172831803,15
12172831816,14
12172831817,9
12172831858,8
12172831932,6
12172831942,5
12172831950,7
12172831954,9
12172831958,15
12172831961,9
12173948723,31
12173948728,9
12173948747,21
12173948750,11
12173948774,8
12173948784,11
12173948818,6
12173948821,9
12173948853,7
12173948858,5
12173948864,5
12173948871,6
12173948886,8
12173948887,7
12173948889,6
12173948899,8
12173948919,15
12173948925,13
12173948934,11
12173948941,8
12173948975,9
12173948983,384
12173948990,6
12175154798,7
12175844477,11
12176661935,5
12178349346,8
12178349414,10
12178349513,49
12178349517,450
12178349685,12
12178349964,76
12178349977,18
12178637161,73
12178637210,290
12178637454,10
12179124803,5
12182202044,6
12182203987,7
12182296276,9
12192099273,8
12192446145,27
12193646168,10
12198828600,5
12209994986,5
12232581532,5
12242063006,11
12242558542,12
12243019923,12
12243425192,6
12252248384,11
12252281852,8
12252453918,23
12253252116,6
12253660969,5
12254122753,6
12254330680,9
12254502113,24
12255129728,7
12257694044,5
12272630472,41
12282997270,5
12283481994,16
12285338218,6
12292186549,10
12292186564,12
12292186570,11
12292186572,7
12292782683,6
12292782687,11
12292782689,10
12292782690,10
12293204116,5
12293594889,8
12293942081,6
12294217200,7
12295409972,5
12296092698,23
12313902006,7
12315710080,6
12317400467,5
12342777383,5
12342785063,5
12343496737,5
12392414400,5
12393236692,15
12393873296,7
12397196227,5
12397900484,9
12398998516,16
12402328819,5
12404432675,7
12404469994,5
12405695587,7
12405702878,5
12405858243,12
12405858293,7
12405858680,7
12405913866,14
12406701434,6
12407303601,5
12408158918,5
12408241816,7
12409340874,27
12482002558,5
12482823783,7
12483016527,16
12483290189,5
12484871023,7
12486519722,12
12486880320,5
12487205514,5
12487221100,12
12487801739,7
12489213031,6
12513998147,6
12515174436,15
12517998586,7
12523153680,37
12523818098,7
12523818881,5
12526231389,24
12526659010,5
12527744347,5
12528798143,5
12532001944,13
12532371168,8
12532624405,5
12535414170,5
12542823490,5
12543487078,9
12543582695,11
12544584303,12
12548339767,5
12562237226,6
12563757250,9
12564106289,8
12564709866,6
12565839911,11
12566458028,5
12567698141,5
12602179845,5
12602342003,10
12602342016,8
12602342026,5
12602342039,6
12602342042,11
12602343993,6
12602547685,19
12602796153,9
12602950934,6
12603278150,16
12603278182,7
12604328176,5
12622162226,5
12623048719,6
12623263718,11
12624390785,6
12624540375,8
12626677233,9
12626860843,5
12677276492,6
12678512862,5
12678885729,5
12679008794,13
12692826903,5
12695000186,10
12696006168,5
12697754830,5
12702169834,5
12702383291,5
12702383331,11
12704670575,6
12704670587,7
12704671076,10
12704671396,9
12707154769,6
12707233587,6
12707953919,5
12722542057,5
12722542058,5
12726242620,5
12763153358,1
12765826159,6
12793229780,25
12797599651,53
12797599764,53
12812621078,5
12812969500,5
12813069585,10
12813240135,5
12813569164,6
12814003192,5
12815004370,8
12815627846,5
12815728102,5
12816998863,15
12817711952,12
12832003728,15
12832004469,13
12832280835,10
13013217009,12
13013493687,8
13013499391,8
13014949968,7
13016153085,11
13016906059,10
13017100134,7
13018610546,5
13019185560,5
13022297261,5
13022339964,5
13022628892,5
13025205145,5
13025277992,5
13026904677,15
13029273338,45
13032423254,8
13032611320,5
13032769512,5
13033514459,5
13035001002,6
13035006199,10
13035006205,9
13035352362,9
13035352363,6
13035352371,8
13035352373,6
13035352375,5
13035366505,8
13035588130,5
13035588134,5
13036904868,9
13037314804,5
13039606129,16
13042444504,5
13043628594,10
13043628972,6
13044967788,9
13052048234,16
13052394552,5
13054325142,6
13055038807,9
13055038892,5
13055952911,6
13055976000,5
13055992600,10
13057034471,24
13057229535,5
13058329222,7
13058344126,8
13059076458,10
13059748763,5
13072004080,6
13073029988,6
13077524659,6
13085200078,6
13093001693,41
13093001857,52
13093011020,21
13093011140,143
13093011203,12
13093011431,81
13093011798,172
13093011878,13
13093011879,35
13093011881,401
13093011931,9
13093011933,8
13093129159,123
13093129221,6
13093129301,16
13093129326,35
13093129603,152
13093129642,139
13093129670,6
13093129736,132
13093129826,17
13093129912,126
13093129988,7
13106677534,10
13106677541,8
13106951821,5
13107429742,5
13109351846,6
13122481667,5
13122620672,5
13123818806,9
13124739275,5
13124739917,5
13125083493,5
13126140383,11
13126463645,5
13126532073,19
13126615476,9
13126676281,5
13126829518,7
13126909706,12
13127419770,8
13128886616,5
13128934813,6
13134881811,9
13135248384,10
13135248462,12
13136354240,13
13139440338,10
13142220608,11
13145947415,5
13145977483,10
13146055559,18
13147045617,17
13148608993,7
13152083232,18
13152264798,6
13152353272,5
13152883228,7
13152895600,7
13153798100,5
13155476935,8
13155476939,10
13156187070,5
13157401892,5
13158539422,5
13159646121,7
13159731090,5
13172849019,5
13174554600,10
13174896823,6
13176809118,6
13176890111,7
13176891054,17
13178059137,21
13178059522,6
13179430221,5
13179993070,8
13182258213,26
13182522056,6
13182621450,10
13182621515,9
13182621827,10
13183247023,6
13183930182,5
13184099092,5
13186147446,16
13188540144,5
13194027748,6
13194517575,5
13209618387,5
13212448373,17
13212779026,5
13212942993,5
13213211468,10
13213363560,8
13213958276,92
13213958327,117
13213958340,104
13213958346,5
13213958347,12
13213958626,29
13213958702,475
13213958866,107
13213958870,5
13213958877,111
13213958884,5
13213958938,5
13214625002,20
13214991607,139
13214991628,8
13214991638,122
13214991641,5
13214991648,110
13214991710,29
13214991732,120
13214991734,635
13214991777,107
13214991786,6
13214991813,114
13214991850,115
13214991861,118
13214991864,8
13214991876,140
13214991926,5
13217549842,7
13217850165,5
13218373600,7
13218661469,398
13218661484,6
13218661567,113
13218661707,97
13218661728,5
13218661738,101
13218661778,133
13218661792,26
13218661852,102
13218661928,82
13218661969,88
13234315042,11
13236182722,112
13236182844,80
13236452514,5
13236774973,6
13238012431,6
13239477889,5
13239603543,7
13239682138,8
13239823921,119
13252002769,1
13253061180,9
13253061753,6
13304234417,5
13304273374,7
13309901307,12
13312239961,16
13312484952,32
13312484967,151
13313064952,5
13313423003,11
13313423011,11
13318881662,134
13318881773,260
13318881948,56
13318881953,64
13319463471,5
13322088970,9
13322640007,9
13322691538,6
13322797394,10
13322952446,7
13323160136,5
13324562518,5
13328779314,7
13328956362,5
13328956505,6
13342337559,5
13343903735,5
13344448105,23
13362525901,5
13362525903,23
13364707660,8
13365719425,7
13366191385,5
13366191425,6
13366191437,6
13366191457,7
13366192110,5
13367604030,6
13368000822,6
13368461467,6
13368938476,9
13372654277,6
13372729905,6
13372784620,8
13372797292,5
13373727035,5
13376066756,5
13377803381,7
13392171158,5
13412085217,5
13418991466,5
13462581594,6
13462861600,6
13463330048,10
13464859392,5
13466491800,6
13468022504,13
13475193742,7
13475426682,20
13475528367,7
13502029954,126
13522086486,8
13522610973,15
13522751574,7
13523332525,13
13524154901,6
13524552502,8
13524584610,5
13526050844,12
13526050847,20
13527071181,7
13527757100,7
13528041705,7
13528045028,5
13528331055,5
13528410680,9
13528437077,5
13602762398,6
13602766466,7
13604477756,8
13604691983,6
13604788469,5
13608429999,6
13632085342,18
13642079597,6
13692166062,20
13692166303,92
13692166437,2008
13692616437,8
13802200576,9
13802680716,9
13807998165,12
13852223520,5
13852617125,6
13853487148,5
13854864214,5
13855201977,5
13862193692,5
13862710984,10
13863102168,13
13866618905,22
13868451029,7
14012344414,6
14014723354,13
14014845066,7
14017562370,5
14026095706,6
14028094370,11
14028363872,17
14028364541,7
14029302580,15
14029357733,7
14029970030,5
14043018624,6
14043146465,30
14044469521,5
14046235568,9
14046675003,16
14048064811,73
14048553794,5
14048682512,11
14049187306,8
14049650169,5
14052420407,5
14053090894,5
14053384937,12
14055482251,11
14056957087,6
14065453100,8
14072357391,5
14072357395,6
14072357448,5
14072357453,9
14072644068,9
14072644071,6
14072644072,5
14072644073,7
14072644074,6
14072644075,10
14072644077,14
14072644078,6
14072644079,6
14072644080,8
14072644083,6
14072686093,6
14074020740,6
14074154862,8
14075446101,18
14075830190,22
14075830218,5
14075830230,11
14076138953,8
14076138969,6
14076138970,5
14076138971,5
14076138973,5
14076523616,6
14078034983,5
14079428326,5
14079466256,11
14079466258,7
14079466265,13
14079824798,5
14082072381,5
14082521134,9
14086758699,5
14087729711,6
14087729722,7
14092185453,38
14097617631,61
14099865659,6
14102041064,7
14102202248,17
14102205803,10
14103140275,5
14104035290,12
14104057125,5
14104393130,22
14104577168,5
14104745058,14
14104986570,5
14105414911,18
14106203622,5
14106951500,5
14107033165,12
14108340694,5
14109651234,21
14122148544,5
14122949933,8
14122960097,14
14123148040,6
14124078102,5
14125333389,8
14125457539,16
14125560457,6
14127903572,8
14127903573,7
14128063564,6
14132877378,5
14133253324,21
14137281190,15
14138433721,5
14148737841,7
14149147135,9
14152230914,5
14153182582,5
14153296367,5
14153490405,7
14154244435,12
14154496535,5
14154835707,8
14156589053,5
14156858959,5
14157048470,7
14157048537,5
14157376480,5
14157896877,6
14158530874,5
14158914080,5
14159658540,10
14159927230,25
14159972437,11
14172759008,5
14174567890,8
14177383547,5
14193187418,5
14193625050,5
14193625058,6
14193625065,6
14194647914,10
14194649137,6
14194940108,8
14196789964,7
14233540175,6
14236661108,5
14237344610,5
14238222465,11
14239732535,5
14239874260,5
14242082034,5
14245007143,7
14254583090,5
14259300959,6
14302000130,8
14342707695,9
14343310197,5
14343310257,7
14343639606,5
14343738856,5
14344424108,5
14344424135,8
14345924309,9
14347889167,5
14352650188,8
14352710195,5
14373599787,9
14378373667,5
14378373704,13
14402529312,6
14402801941,8
14402993660,5
14403190711,6
14403403433,7
14405836155,5
14406167317,10
14406584214,7
14406717996,16
14408394659,5
14409846088,11
14422051283,5
14422060188,5
14422101850,6
14422614140,12
14423243767,5
14424600319,5
14432915446,11
14434894288,5
14436184721,7
14437025235,9
14439173091,6
14439573463,5
14452040855,11
14452077224,9
14452870615,7
14454476051,5
14455452504,10
14484427894,5
14485872041,6
14632457306,15
14632827257,5
14632910461,5
14633337419,5
14634261385,7
14637776952,7
14692052481,11
14693053618,8
14693914024,15
14694020681,6
14694051879,7
14694249903,5
14694253669,15
14695219344,11
14695689952,9
14695895503,6
14696894113,6
14697086946,5
14698842209,7
14698886805,10
14698931939,5
14699825000,27
14699825001,7
14699825002,6
14699825003,6
14699825004,7
14703354624,5
14705526106,5
14705528644,5
14707649340,5
14709645117,5
14752180655,6
14753033358,7
14753576864,5
14753576865,9
14753576881,6
14753576884,6
14753576885,7
14753576888,5
14753828643,7
14754478011,5
14787806369,5
14792620567,22
14793465233,15
14793784382,6
14794754964,15
14795880836,5
14802341024,24
14803746871,6
14804092220,6
14804180506,10
14804804435,5
14804811830,11
14805503219,5
14805503261,8
14806600296,6
14806762395,6
14806950107,28
14807160641,5
14807161338,5
14807730183,6
14809008644,13
14809083902,5
14842603012,7
14843286308,5
14844031887,6
14846163904,5
15012547397,5
15022005165,6
15022005659,6
15022005728,6
15022008259,6
15023170453,5
15023227089,14
15023346107,5
15023347461,5
15023828765,5
15024324450,22
15024699509,5
15024760053,10
15026785122,9
15033052342,5
15033454508,5
15034367151,8
15034658600,16
15035156710,6
15038325986,9
15039083464,5
15042385197,5
15042501767,8
15043366419,6
15046084356,12
15052077060,5
15052331656,5
15056756049,8
15078855223,9
15082812567,8
15082900092,6
15092377719,5
15092466939,8
15092938095,5
15096061849,5
15096922063,1
15099059613,5
15099261345,5
15103443736,5
15105192010,6
15109546511,5
15122940296,7
15126150911,5
15127689859,14
15128845022,7
15129003239,38
15129004294,10
15129004370,23
15129201881,6
15129201885,5
15133950258,8
15136229676,5
15136961920,35
15137076998,7
15138292800,14
15138312600,25
15138487945,6
15139143034,10
15146362229,16
15152165510,6
15152212556,10
15154142833,5
15155135078,5
15155135149,5
15159717472,16
15162036206,5
15162839912,8
15162998430,5
15163638903,7
15164507526,5
15165405766,8
15167748365,6
15167888584,5
15168463442,5
15168467072,5
15168940064,8
15169171874,9
15169851928,5
15173019051,6
15179088668,5
15186173308,14
15187709712,5
15188939990,7
15202772479,29
15203349571,6
15204139598,7
15204159434,6
15205056654,7
15205214778,5
15205302085,5
15205403979,5
15206076907,7
15206684313,292
15208125488,10
15216100123,16
15312008831,9
15402086294,6
15403230920,7
15403367017,6
15404728719,8
15405460397,5
15405460824,6
15407833667,7
15409241960,5
15412154398,5
15412550194,6
15418826063,6
15512678043,6
15513543017,5
15513603889,5
15513829432,6
15572040016,5
15594426311,5
15594514530,7
15594826908,7
15596488489,8
15597128608,15
15597128609,6
15612167004,5
15612508910,13
15612701079,6
15616000991,5
15617173549,5
15617173610,5
15617834555,7
15618070277,6
15618484900,6
15618541944,5
15618616577,17
15619023769,7
15619484768,8
15619565858,5
15622958237,6
15624731056,5
15625125763,7
15625163353,11
15625743803,19
15627456830,66
15628422378,16
15628509494,11
15632657050,5
15642164652,5
15672022467,13
15674406358,7
15704192289,9
15706327451,5
15707344356,6
15707919760,5
15712494504,5
15713852686,18
15714503977,5
15714581212,5
15714638783,5
15714929947,10
15714953913,6
15715206952,8
15715717125,6
15716258945,9
15716697753,6
15717026991,11
15717031608,5
15732105968,18
15737314221,9
15738762600,7
15752426036,6
15752497128,5
15752950416,7
15802179167,16
15822190838,10
15852570857,5
15853228836,6
15862572168,6
15862710428,5
15862736112,5
15864477819,5
15868508645,5
16012020790,15
16012021025,18
16012900862,5
16012996766,8
16014206100,9
16015515684,5
16016735573,5
16017814456,5
16022623291,6
16025218555,15
16025720867,5
16026129508,9
16026415479,7
16026617135,13
16026890433,75
16028385985,5
16029057841,20
16029059168,5
16032072616,9
16032077106,11
16032579023,5
16032579035,15
16032927469,9
16033835462,6
16035704474,10
16036978786,5
16037096390,5
16037138774,5
16037681743,5
16055405029,8
16058657569,7
16064716289,7
16073268176,5
16074639672,5
16075454184,6
16082708876,8
16083675887,7
16087293609,5
16088188140,5
16092019999,5
16092124354,15
16092427027,5
16092853709,9
16093224209,5
16093245587,7
16093552662,7
16094223817,5
16095446188,7
16095449992,6
16095895221,5
16096574464,5
16096632901,8
16097955109,6
16097960280,5
16098694180,5
16099139923,9
16099968383,6
16103217653,5
16104428223,7
16104809809,6
16106211582,5
16107028365,5
16107357658,12
16108580804,10
16108685122,5
16123615938,6
16124731113,6
16124844036,8
16128155872,8
16128663442,5
16142452503,8
16142459759,5
16143356577,12
16143444371,5
16143567428,16
16143888148,5
16144227575,22
16145342519,6
16145342521,8
16147075180,12
16147296079,18
16147299037,7
16147391109,8
16147582309,5
16147582317,5
16148826651,6
16149248622,5
16149401250,5
16149628019,13
16155421364,8
16156269263,8
16156901633,5
16157038625,5
16159861787,5
16169533422,13
16172450940,6
16173373042,8
16174692300,6
16175000915,6
16176754444,15
16177895436,7
16179052416,8
16179255731,5
16192028323,6
16193047030,7
16193335702,7
16193574415,16
16196044361,5
16196634934,5
16197595340,10
16198881149,15
16199147961,13
16199355023,5
16199373483,6
16199434130,5
16199577835,5
16199753435,5
16203378108,6
16232596749,5
16234627106,6
16236630525,7
16262641661,5
16263039278,5
16263251866,5
16263822425,8
16265482674,11
16265514558,5
16266230598,8
16267610588,15
16267777471,27
16268777833,85
16282017751,9
16282617841,7
16292065687,9
16293021457,10
16302292655,5
16302737879,5
16304928358,5
16305179433,7
16305675925,103
16307935303,7
16312153613,13
16313973640,8
16318685321,5
16362343231,7
16362350478,5
16363641112,6
16402351650,6
16402430753,39
16452027058,6
16452027059,9
16462574500,15
16463053362,13
16463842327,9
16464612130,12
16465024677,8
16465767516,16
16466105000,7
16466447650,15
16466534249,5
16466631660,20
16467035655,5
16467220144,87
16467274684,5
16467911009,5
16468284768,9
16468760617,6
16469339735,6
16474763476,5
16502030000,48
16502041111,17
16502155242,6
16502155255,12
16502155258,7
16502155637,17
16502155638,5
16502155641,15
16502155642,6
16502155671,10
16502656786,11
16502854992,7
16503600158,8
16509559943,6
16512551000,8
16512655600,7
16512730795,18
16513179920,5
16513180305,8
16513186332,5
16513847482,10
16514569696,6
16518298671,8
16562269058,5
16572378522,5
16573599459,5
16592192810,5
16592348001,7
16593080547,6
16594444107,5
16607174049,6
16614512706,9
16614672392,7
16614758183,5
16615909592,5
16672606227,5
16673098425,5
16692898367,7
16693105659,14
16693105700,83
16782705903,6
16783696013,5
16783705305,5
16784095798,8
16784399176,13
16784511231,15
16784982706,24
16786488712,15
16787923056,12
16822002708,7
16822002711,5
16824287540,5
16892572269,18
16895888931,5
17014100967,5
17022082411,8
17022668047,6
17024052829,5
17024757511,6
17025280160,14
17025609887,5
17027245853,17
17034540195,5
17034788333,6
17038288438,5
17039362840,8
17039885047,5
17042333945,5
17043745477,14
17043865681,7
17044483241,5
17044612508,5
17044619028,5
17045200584,7
17045384533,6
17046650118,10
17047043145,5
17048703221,5
17048859710,6
17049120130,6
17063494127,5
17063886821,10
17064138912,5
17065309848,10
17069163908,7
17078021965,5
17078032822,12
17078106297,5
17078434183,6
17078750182,8
17082300453,7
17082300474,7
17082300475,10
17082300476,6
17082300479,5
17082300480,5
17082300481,5
17082300482,8
17082300484,6
17082300485,5
17082351581,6
17084195982,5
17084934317,9
17088403916,5
17088889262,5
17123096696,7
17132310227,5
17132345021,39
17133538639,5
17135043073,5
17135161750,6
17135432061,10
17135653771,10
17135653974,5
17135654885,6
17135657101,6
17135657103,5
17139309154,5
17139362290,13
17139877953,7
17142101476,5
17143637475,5
17144152104,5
17146165724,5
17146562386,10
17146563410,5
17147073260,12
17147823530,8
17162716853,9
17164157525,7
17164570253,11
17172306133,6
17173097767,5
17174201711,10
17175029412,6
17175133468,9
17177150051,5
17182234128,5
17182576211,5
17183037699,13
17185040496,5
17187509361,7
17192477837,5
17192704671,6
17192727200,9
17193090957,5
17193143825,7
17193506204,6
17193878739,6
17194090477,5
17194167139,5
17194517013,5
17196942165,5
17197868902,7
17202062422,5
17202062791,7
17203102392,5
17203834446,5
17204039001,5
17204522378,8
17206593011,7
17207054666,6
17207213278,6
17207833290,6
17209159743,7
17209731350,6
17209956443,5
17209956486,7
17244129908,5
17244724202,9
17246098251,5
17247802200,6
17252010216,5
17252044986,5
17252142184,7
17252200796,14
17252802211,7
17252802478,5
17253440170,9
17253445126,6
17253530557,6
17254652032,5
17257054666,18
17262003268,5
17262075289,6
17262623635,5
17272919417,7
17273491561,7
17273650339,6
17274754476,5
17276156808,29
17276588859,7
17276600649,5
17277550199,21
17278457633,6
17315043145,5
17317031048,6
17322438171,5
17323959832,5
17323986550,21
17323986551,26
17324005792,30
17324018834,6
17325487746,8
17326332020,5
17327766500,13
17329969594,5
17342516044,5
17343488907,23
17343904979,7
17345196358,6
17345777103,5
17346603353,5
17347201529,6
17347792030,6
17372378578,5
17372379514,6
17402045507,7
17402056212,6
17402448973,6
17402811708,5
17403947900,5
17403947974,6
17404100615,5
17405665871,7
17472397129,6
17473192409,10
17473291754,12
17479662926,6
17542291781,10
17542310292,5
17543542318,5
17547322132,7
17572415168,6
17575757376,7
17576927027,9
17577310674,5
17577804687,7
17577804689,6
17577804693,7
17577861440,5
17578852320,5
17603135989,7
17603596360,7
17604644138,6
17606144974,7
17608181477,5
17622578403,5
17627169614,13
17627221864,6
17627786346,14
17628954255,5
17628954363,5
17632301434,5
17632743899,21
17632994319,12
17636565847,6
17636565862,12
17652223901,10
17652441552,5
17708928222,5
17712032900,6
17712032960,5
17712033077,5
17712035793,6
17712035799,6
17712035802,25
17712035838,5
17712035870,12
17712035887,14
17712035915,5
17712087475,5
17712202376,6
17712206036,9
17712220184,6
17712223090,5
17712223093,6
17712224196,12
17712224685,7
17712224696,7
17712225227,5
17712225642,6
17712225831,6
17712226055,10
17712226449,5
17712226563,5
17712226944,5
17712227134,7
17712228194,5
17712248650,5
17712249845,5
17712430004,6
17712473324,7
17712473596,6
17712473925,12
17712473981,10
17712479438,5
17712479493,10
17712479519,13
17712479522,6
17712479526,6
17712479546,12
17712479592,10
17712479842,6
17712531640,8
17712535019,8
17712535173,9
17712535235,6
17712535238,5
17712536275,16
17722070650,7
17722638636,8
17722732164,5
17727778530,7
17728377412,5
17732315829,8
17732430399,6
17732737564,6
17732779747,6
17733020539,5
17733020549,8
17733123163,5
17733520542,8
17733575855,5
17734141125,5
17734465535,6
17736345314,11
17736575232,5
17736660776,8
17736941941,5
17738188250,5
17739454513,7
17739921498,6
17748087518,5
17752590118,5
17753206706,8
17754381695,110
17754381723,491
17754381770,84
17755530721,5
17756844000,6
17812155374,8
17814510007,6
17815668000,8
17816569000,5
17855656446,6
17857151498,6
17862385443,14
17862801387,46
17864184819,6
17864185741,20
17865253453,6
17866181266,6
17867336055,7
17869495929,5
17872772383,8
17872773000,5
18002045785,7
18002199042,5
18002369747,6
18002382727,12
18002406202,7
18002408151,14
18002479614,10
18002645723,6
18002662278,21
18002730603,11
18002744240,5
18002754285,13
18002760242,9
18002763612,10
18002799032,13
18002858585,5
18002882020,9
18002893557,7
18002903072,16
18002903079,7
18002904014,7
18002927508,9
18003007731,5
18003142173,7
18003145524,6
18003165711,18
18003212000,6
18003230914,6
18003234459,7
18003238914,7
18003240146,5
18003310500,5
18003313103,15
18003347724,10
18003367109,8
18003370704,16
18003470350,8
18003472683,8
18003474934,5
18003514262,8
18003514604,8
18003531842,7
18003571371,13
18003586281,11
18003594107,7
18003597501,8
18003683110,8
18003749700,9
18003792203,6
18003796898,6
18003882200,6
18003976767,6
18004249595,5
18004468848,13
18004516701,8
18004575362,6
18004633339,13
18004774747,13
18004802265,6
18004915500,8
18004923344,9
18004934647,32
18004977818,5
18004990309,6
18005135181,13
18005144912,26
18005149375,5
18005158630,9
18005184340,5
18005253355,5
18005284800,38
18005285200,10
18005318722,17
18005328082,16
18005614567,9
18005671083,66
18005803004,9
18005872147,10
18005916313,8
18005921160,9
18005921176,5
18005973112,6
18006082581,11
18006334227,11
18006406186,6
18006434845,5
18006550108,5
18006582150,5
18006601637,5
18006787986,6
18006790847,10
18006984431,12
18007114555,7
18007310137,6
18007332767,42
18007450572,13
18007526633,6
18007642576,8
18007727153,6
18007777328,9
18007806451,7
18007879437,7
18007953627,6
18007977675,7
18008052739,5
18008249289,22
18008282610,7
18008520411,9
18008693557,8
18008715913,10
18008722657,24
18008787878,5
18008870224,6
18008898740,7
18008954999,6
18008976877,5
18009145582,5
18009220204,14
18009256278,6
18009356106,7
18009356199,105
18009378997,13
18009423767,121
18009460332,28
18009505114,22
18009556600,12
18009557070,5
18009629898,5
18009647365,7
18009666546,5
18009675068,5
18009679519,5
18009691940,11
18009888019,29
18009903531,6
18009979540,7
18013264988,7
18013485863,42
18013485868,8
18013491815,10
18013655601,11
18014388160,5
18014388742,6
18016399941,16
18016596005,5
18016598152,12
18017704172,13
18019607104,5
18032332659,5
18033027023,6
18033969287,6
18038287706,5
18042262931,7
18043325300,10
18043804435,45
18047664518,5
18052703456,5
18052972936,6
18053275251,7
18053992184,6
18055053504,7
18055073989,8
18055168957,8
18056005554,5
18056302201,10
18056377243,81
18056377456,19
18059914598,5
18062908659,5
18065708150,6
18069049576,5
18083535985,6
18083723152,5
18083812896,10
18083892548,5
18087432801,6
18087524566,5
18094256786,1
18106710450,9
18109576272,6
18122663821,5
18124267200,5
18125236913,5
18127658859,5
18128044416,7
18132060455,7
18132125343,7
18133053632,5
18133912229,5
18133918266,5
18134068729,5
18134201069,10
18135306884,5
18135359954,5
18135714673,16
18135842328,10
18136404892,14
18136680479,10
18136941979,6
18137123446,7
18137322459,5
18137555485,10
18137718229,5
18138031064,9
18138153486,16
18139345003,39
18139345112,5
18139458282,6
18139850684,8
18148063237,24
18152967233,8
18153423848,7
18155157126,8
18155811699,5
18156911244,5
18159197243,5
18163122149,8
18164040710,30
18164040777,18
18164303343,6
18165494723,5
18166432078,5
18166708171,11
18172033826,5
18172841110,13
18174506231,12
18174506234,7
18174506235,12
18174506236,6
18174506237,5
18174506238,5
18174506241,5
18174506242,6
18174769534,15
18175071325,5
18176357846,7
18176463267,5
18176705231,6
18177500569,13
18179093164,146
18182129106,21
18182801306,5
18183352969,5
18184593618,7
18185140137,9
18185382622,5
18186290172,6
18187147362,5
18189178252,13
18284236560,5
18295923314,1
18302445637,5
18302530523,8
18302562962,5
18304319830,404
18304579244,154
18304579397,53
18305150254,5
18307432789,5
18307719765,5
18308250818,5
18312312405,5
18312680369,6
18319752139,5
18323567529,5
18324026845,5
18324834313,1
18327064653,6
18327838739,7
18332000133,16
18332075374,5
18332085680,6
18332098643,9
18332188076,5
18332244609,9
18332491500,5
18332568308,9
18332676094,5
18332704528,7
18332704529,7
18332707973,7
18332792706,9
18332890337,15
18332890339,11
18332890353,5
18332891205,7
18332954575,6
18333031666,6
18333063214,8
18333152777,5
18333170111,5
18333262032,5
18333285072,25
18333285073,7
18333285170,7
18333285202,11
18333302134,12
18333337502,53
18333337504,6
18333337507,38
18333337508,17
18333337511,35
18333337518,72
18333471941,6
18333471968,5
18333480243,7
18333515311,7
18333517052,17
18333530277,15
18333635944,5
18333636016,6
18333636397,5
18333656686,7
18333660127,59
18333753201,9
18333880581,8
18333882765,5
18333964533,5
18333972982,7
18333973692,6
18334101092,27
18334102347,5
18334140655,6
18334159211,8
18334196845,13
18334196932,7
18334206665,5
18334284824,5
18334299779,7
18334311213,6
18334351818,5
18334447087,75
18334484117,19
18334528787,5
18334580092,5
18334695919,5
18334703985,6
18334823070,21
18334823090,5
18334823113,5
18334823366,21
18334825090,7
18334892570,5
18334910408,6
18334994754,10
18335026678,5
18335053826,6
18335053880,6
18335223307,8
18335414655,7
18335416054,5
18335419161,5
18335684185,8
18335686137,5
18335686712,6
18335696315,5
18335699812,5
18335699916,6
18335752261,5
18335756042,5
18335756819,5
18335757992,5
18335765942,5
18335768669,6
18335770817,5
18335773146,6
18335773598,5
18335775032,7
18335775038,5
18335797344,5
18335799476,5
18335815794,47
18335835377,6
18335891773,13
18335891775,5
18335993263,6
18335993265,5
18335993309,5
18336010140,12
18336049041,7
18336076591,6
18336131243,5
18336173680,6
18336209664,5
18336253241,5
18336253598,5
18336260816,5
18336416706,5
18336430024,50
18336436565,14
18336497912,8
18336524049,14
18336524072,10
18336524102,8
18336524153,141
18336570600,5
18336590387,9
18336590399,16
18336622538,5
18336625686,6
18336625689,5
18336625692,18
18336625693,119
18336625708,350
18336625730,10
18336625740,375
18336625741,74
18336625743,112
18336625746,79
18336625747,62
18336625749,7
18336625753,15
18336625761,29
18336625762,49
18336625769,8
18336625772,7
18336625779,26
18336625788,160
18336625808,7
18336625812,70
18336625818,14
18336625820,29
18336625835,10
18336625843,38
18336625845,75
18336625846,39
18336625847,100
18336625850,19
18336625853,91
18336625854,27
18336625857,10
18336709158,6
18336720223,5
18336720986,6
18336727632,7
18336777424,13
18336796173,6
18336840693,13
18336840936,30
18336843601,54
18336844339,10
18336845447,8
18336845451,46
18336845458,42
18336845474,11
18336845476,18
18336845477,13
18336845481,13
18336845490,24
18336845507,10
18336845512,66
18336845523,8
18336845524,120
18336845544,13
18336845548,53
18336845565,60
18336845566,11
18336845573,12
18336845574,9
18336845586,117
18336885416,5
18336990447,24
18336990668,7
18336992126,5
18336999924,7
18337022125,19
18337072941,5
18337073024,5
18337073104,5
18337073694,5
18337113940,56
18337276754,7
18337306866,5
18337330141,13
18337331541,5
18337335188,5
18337415463,5
18337430167,8
18337430241,17
18337462137,5
18337465480,5
18337466052,6
18337466293,6
18337466469,7
18337516218,5
18337525434,7
18337525502,5
18337593980,6
18337608285,5
18337646040,6
18337750019,13
18337753945,5
18337753949,5
18337756080,5
18337756180,5
18337756188,5
18337773623,6
18337812254,7
18337829163,5
18337831601,13
18337870515,9
18337880663,6
18337880665,7
18337880674,5
18337880677,5
18337880678,6
18337880683,10
18337932634,5
18337955753,6
18337987575,10
18338010041,5
18338040641,7
18338092226,6
18338101258,11
18338141463,10
18338183662,5
18338188692,24
18338188693,8
18338188694,23
18338188696,18
18338404413,7
18338454237,5
18338455147,6
18338456173,5
18338456207,5
18338503088,10
18338511600,8
18338538587,12
18338603246,5
18338671593,6
18338674500,5
18338680840,8
18338712090,9
18338891294,5
18338891364,6
18338900161,7
18338930544,11
18338966060,5
18339023957,10
18339075927,8
18339140290,6
18339189464,7
18339352503,58
18339352504,6
18339454855,35
18339472763,5
18339572178,7
18339631728,7
18339631815,7
18339651581,7
18339670723,16
18339704140,24
18339770300,5
18339820049,6
18339870391,11
18339959268,7
18382489208,5
18389453279,5
18395291969,7
18402637620,114
18406666082,8
18438174925,6
18442000266,34
18442000299,9
18442000322,6
18442069035,13
18442120029,7
18442120182,43
18442220309,8
18442349014,11
18442349424,5
18442397573,11
18442397575,5
18442449279,11
18442449303,9
18442449408,6
18442449562,9
18442452553,8
18442929245,5
18443001154,15
18443052174,45
18443118227,7
18443133675,16
18443154988,5
18443168434,7
18443218704,5
18443230731,5
18443231181,5
18443231583,5
18443232040,5
18443232239,5
18443232534,5
18443232767,5
18443232950,6
18443233181,5
18443234627,5
18443234830,5
18443235063,6
18443235256,5
18443235420,5
18443358230,56
18443452798,9
18443530473,12
18443623130,15
18443683662,6
18443812564,12
18443872137,7
18443951336,5
18444008777,12
18444090530,19
18444236775,5
18444422553,9
18444584064,6
18444651765,7
18444665519,9
18444725420,19
18444810260,6
18444875953,8
18444878478,6
18444892393,6
18445020839,76
18445021228,15
18445021230,9
18445022838,70
18445022984,8
18445022997,18
18445023002,5
18445023016,12
18445023018,26
18445023058,113
18445023059,45
18445023071,10
18445023074,18
18445023147,13
18445023154,13
18445023181,8
18445023183,6
18445023185,5
18445023193,6
18445023194,6
18445023202,5
18445023207,6
18445023210,85
18445023213,7
18445023221,7
18445023226,11
18445023235,130
18445023242,9
18445023243,51
18445023245,10
18445023249,10
18445023253,83
18445023257,8
18445023261,48
18445023262,60
18445023282,5
18445150578,11
18445150584,10
18445150593,48
18445150677,7
18445151054,79
18445151083,5
18445151084,5
18445151104,7
18445151183,16
18445151197,6
18445151223,36
18445151228,6
18445151229,5
18445151237,6
18445151239,5
18445151257,358
18445151295,7
18445151297,87
18445151395,88
18445151398,10
18445151402,5
18445151405,9
18445151513,37
18445151545,5
18445151547,21
18445151570,61
18445151619,14
18445151627,5
18445151634,129
18445151643,7
18445151667,15
18445151725,12
18445151752,36
18445151757,30
18445151819,22
18445151847,130
18445240190,17
18445250746,7
18445343483,5
18445486706,5
18445542158,9
18445610251,30
18445850485,5
18445965879,10
18445965910,7
18445967938,5
18445968903,5
18445969078,5
18446041679,36
18446053208,9
18446220227,6
18446243979,5
18446246707,6
18446248922,5
18446403660,6
18446432716,7
18446527235,5
18446581732,9
18446582484,7
18446652988,27
18446699806,8
18446810905,5
18446900597,9
18446903060,5
18446904221,5
18446904528,5
18446904678,6
18446904775,7
18446905058,5
18446905606,5
18446905719,5
18446906701,5
18446910028,14
18446965810,5
18446993623,15
18447065974,5
18447069874,5
18447091839,7
18447093682,9
18447101758,11
18447103179,5
18447212253,8
18447215227,7
18447230844,5
18447280606,6
18447389177,5
18447389572,5
18447391508,6
18447465501,5
18447571895,5
18447582408,5
18447731980,5
18447733798,6
18447734891,5
18447735028,6
18447736053,5
18447738130,8
18447739974,5
18447744460,6
18447753439,8
18447920837,8
18447920933,5
18447921031,6
18447921140,7
18447923538,5
18447933456,6
18448266490,7
18448394647,5
18448440234,5
18448536686,28
18448590182,34
18448601892,6
18448708870,44
18448805797,8
18449014573,5
18449071993,6
18449087575,6
18449271796,5
18449275320,7
18449275607,5
18449275849,5
18449275898,5
18449276185,6
18449276306,5
18449276815,5
18449277067,6
18449342139,5
18449401013,9
18449405262,6
18449410056,6
18449502163,6
18449593714,7
18449862168,10
18452336271,5
18455587064,5
18456094035,8
18474071353,8
18474749965,5
18475820659,5
18475951619,5
18477480027,16
18477503677,5
18477529120,5
18482371545,8
18483418522,6
18484554842,5
18484806958,5
18488931012,5
18504460595,11
18505433120,6
18505685045,5
18505685056,5
18505685522,5
18505685713,9
18506151799,6
18506151803,5
18506548810,15
18552010755,6
18552017259,6
18552029080,5
18552072889,91
18552240813,15
18552343766,8
18552413565,5
18552434877,7
18552673532,10
18552771310,8
18552826353,17
18552833957,5
18553162954,7
18553164622,14
18553264191,7
18553293269,18
18553308653,14
18553336164,7
18553337857,7
18553353994,5
18553357103,6
18553368588,13
18553373704,6
18553374314,6
18553415605,5
18553418640,15
18553428944,6
18553493794,5
18553498263,5
18553571990,5
18553572005,48
18553572020,6
18553572026,89
18553572042,7
18553572047,50
18553572056,41
18553572069,28
18553572074,7
18553572083,5
18553572088,5
18553572097,59
18553572106,52
18553572124,92
18553572126,68
18553572127,10
18553572146,9
18553572169,99
18553572184,96
18553572205,9
18553572212,117
18553572243,70
18553572267,31
18553572287,47
18553572331,5
18553572334,13
18553677582,5
18553677706,8
18553678921,5
18553712627,6
18553972078,5
18553978833,6
18554038652,5
18554097073,13
18554107131,6
18554120241,6
18554189359,5
18554197365,15
18554233729,10
18554246370,5
18554285875,7
18554353666,6
18554435627,5
18554460789,8
18554460858,20
18554461152,18
18554634904,7
18554683115,9
18554689926,5
18554695798,6
18554696040,5
18554731029,8
18554834096,13
18554860893,6
18555054363,6
18555070298,6
18555121030,8
18555184211,7
18555184552,5
18555236337,7
18555330980,6
18555380050,22
18555445177,5
18555625927,5
18555642430,5
18555644866,5
18555644872,5
18555645136,5
18555645518,5
18555646944,6
18555647280,5
18555647703,5
18555647907,6
18555647950,5
18555647990,5
18555648538,5
18555648907,6
18555649094,5
18555649151,6
18555800772,5
18555801259,7
18555802219,22
18555802323,8
18555802332,8
18555802345,22
18555802346,11
18555802354,7
18555802373,16
18555802375,18
18555802381,113
18555802387,28
18555802407,9
18555802413,17
18555802448,73
18555802449,130
18555802451,7
18555802491,19
18555802510,10
18555802523,13
18555802528,12
18555802529,8
18555802531,37
18555802544,5
18555802560,75
18555802592,8
18555802593,27
18555802615,22
18555802622,6
18555802631,91
18555802633,61
18555802644,40
18555802671,45
18555802679,24
18555802692,139
18555802737,98
18555802742,89
18555802819,12
18555802847,10
18555835729,29
18555835823,19
18555840189,8
18555874375,6
18555875322,6
18555875899,7
18556182818,9
18556260239,5
18556332096,6
18556360210,5
18556437080,6
18556461791,5
18556633274,6
18556674134,14
18556716488,5
18556787766,6
18556939443,7
18557032228,7
18557077328,19
18557145127,16
18557206978,15
18557220169,5
18557262230,15
18557353528,7
18557424127,6
18557427350,54
18557433589,5
18557513815,5
18557550303,40
18557580637,5
18557600686,39
18557624025,7
18557625665,11
18557699876,7
18557757469,7
18557760369,5
18557823850,5
18557876725,21
18557876729,7
18557876733,5
18557905018,5
18557977230,5
18558010561,5
18558011288,6
18558011412,5
18558060951,5
18558062075,5
18558062684,5
18558064702,5
18558064854,6
18558274395,8
18558276256,6
18558572014,13
18558754065,10
18558811170,11
18558830406,27
18558830423,88
18558830444,14
18558830466,25
18558830484,14
18558830512,18
18558830518,10
18558830522,6
18558830567,24
18558830570,46
18558830574,32
18558830624,8
18558830649,8
18558830657,41
18558830691,6
18558832001,56
18559042062,10
18559075467,5
18559076516,5
18559076581,6
18559078019,5
18559078410,6
18559078535,8
18559078724,6
18559094436,12
18559276128,6
18559351709,7
18559503452,5
18559611945,21
18559626943,10
18559647069,5
18559647493,5
18559647699,5
18559648627,5
18559648661,6
18559648713,5
18559648732,5
18559694636,5
18559738825,5
18559782899,5
18559940073,57
18559940124,90
18559940224,24
18559940259,33
18559940589,14
18559940689,32
18559940727,5
18559940759,8
18559941043,11
18559941311,126
18559941487,12
18559941712,9
18559941764,21
18559941767,5
18559941806,5
18559941810,35
18559941826,43
18559941848,9
18559941852,5
18559941874,6
18559941921,39
18559941951,21
18559941955,384
18559941956,7
18559941995,6
18559942018,41
18559942036,46
18559942053,9
18559942073,7
18559942088,7
18559942094,136
18559942101,92
18559942120,64
18559942133,14
18559942136,9
18559942138,10
18559942145,96
18559942150,12
18559942159,18
18559942180,6
18559942276,5
18559942310,6
18559942325,9
18559975002,5
18559976264,5
18559976450,13
18559978847,5
18562354441,6
18564070414,6
18564859770,15
18569834000,8
18572443444,5
18575404835,5
18577660983,7
18579713244,5
18582074010,5
18582218049,5
18582274267,6
18582516199,6
18583087093,5
18583778738,5
18586669980,97
18587221022,5
18602549705,8
18602549779,5
18602549807,5
18605913083,9
18606064775,8
18606636778,5
18607330015,6
18607336445,7
18607438021,9
18624648468,10
18627019404,6
18632081016,5
18633367823,8
18634858302,6
18634941661,5
18639692789,5
18642419292,6
18642855655,5
18643442799,7
18644487004,48
18645849426,8
18649903326,6
18653155824,6
18654243817,5
18655030064,5
18658514663,8
18658676040,6
18658687704,5
18662010856,11
18662019716,5
18662064690,8
18662065223,6
18662067566,5
18662067976,5
18662104338,5
18662104753,12
18662108338,5
18662308430,5
18662348271,6
18662420034,5
18662422720,7
18662466453,5
18662493475,36
18662526935,9
18662540497,16
18662581104,11
18662594168,5
18662689566,6
18662691726,6
18662719305,5
18662735944,5
18662753866,6
18662790417,5
18662791526,6
18662792907,5
18662930076,5
18663140302,5
18663162432,7
18663205528,14
18663205530,12
18663218194,14
18663218196,15
18663218197,10
18663218199,9
18663350433,26
18663366393,8
18663486231,6
18663563655,8
18663580438,6
18663609678,7
18663700550,10
18663781534,5
18663801833,14
18663802749,11
18663825761,6
18663850308,17
18663860601,20
18663861153,24
18663861878,19
18663862816,10
18663862885,78
18663863139,6
18663864392,13
18663864880,9
18663864905,7
18663864908,33
18663865142,46
18663865187,15
18663865418,47
18663865423,8
18663865430,61
18663865492,29
18663865497,33
18663865533,12
18663865534,24
18663865547,5
18663865562,12
18663865575,29
18663865592,23
18663865620,38
18663865693,10
18663865729,9
18663865766,6
18663865770,38
18663865775,12
18663865789,9
18663865808,13
18663865812,12
18663865892,16
18663865897,14
18663865898,21
18663902348,17
18663906375,7
18663932109,20
18663981207,6
18663982506,10
18663982515,7
18663982568,6
18663982892,16
18663982989,7
18663983014,26
18663983030,10
18663983067,8
18663983135,10
18663983150,33
18663983178,49
18663983202,12
18663983229,45
18663983290,47
18663983312,85
18663983320,18
18663983323,9
18663983446,5
18663983520,27
18663983545,56
18663983605,64
18663983636,73
18663983705,43
18663983714,45
18663983722,8
18663983753,38
18663983809,21
18663983817,8
18663983855,8
18663983859,8
18663983887,6
18663983894,12
18664009965,5
18664035512,14
18664084070,10
18664130185,10
18664192780,6
18664199370,10
18664229362,38
18664300311,7
18664301891,6
18664372914,7
18664393557,7
18664430624,5
18664433114,7
18664487004,5
18664500965,5
18664517889,7
18664540639,10
18664541645,6
18664542789,8
18664545978,5
18664548855,6
18664560677,14
18664581366,5
18664585523,11
18664615102,5
18664679700,7
18664692365,15
18664711215,7
18664782399,6
18664800069,5
18664801086,8
18664806109,5
18664816712,5
18664820957,12
18664951819,6
18664965957,5
18664966198,5
18664966321,5
18664967102,5
18664967617,5
18664996306,6
18664997041,5
18664997144,6
18664997363,5
18665020430,5
18665070688,8
18665096171,15
18665143104,5
18665146231,6
18665243539,33
18665270007,11
18665306003,32
18665359492,21
18665370401,8
18665407709,10
18665420099,5
18665421684,18
18665447921,6
18665450221,5
18665450304,8
18665477766,8
18665490157,6
18665490819,10
18665490833,6
18665490911,7
18665491230,12
18665520063,23
18665542471,5
18665545324,6
18665546271,5
18665549774,5
18665561389,5
18665563134,6
18665565045,6
18665565140,5
18665565863,5
18665567108,5
18665567499,6
18665581943,5
18665590080,13
18665596648,6
18665607147,5
18665642262,15
18665747312,9
18665788103,7
18665812330,38
18665823459,6
18665852269,8
18665882180,5
18665904801,5
18665933926,17
18665965276,5
18666010276,5
18666025998,7
18666127724,10
18666136857,65
18666142280,7
18666188686,6
18666371930,6
18666403845,9
18666424266,5
18666464448,8
18666578605,8
18666588196,16
18666661028,27
18666661050,17
18666661134,10
18666661137,9
18666661167,26
18666661180,19
18666661207,51
18666661256,42
18666661294,9
18666661303,15
18666661320,27
18666661344,16
18666661346,17
18666661351,136
18666661438,13
18666661439,119
18666661440,51
18666661441,10
18666684924,5
18666702810,9
18666720001,12
18666732175,14
18666739570,9
18666772706,6
18666850903,19
18666850904,20
18666850908,53
18666850959,49
18666917970,5
18667010207,5
18667013931,6
18667024725,7
18667072680,8
18667076921,7
18667077101,6
18667079745,5
18667169062,6
18667264796,5
18667265104,5
18667328577,5
18667560536,5
18667571278,6
18667711859,5
18667711965,17
18667712482,5
18667712732,5
18667714369,40
18667714401,13
18667714405,6
18667714419,43
18667714438,23
18667714457,22
18667714459,5
18667714460,21
18667714464,6
18667714496,54
18667714573,32
18667714579,8
18667714591,6
18667714592,82
18667714601,6
18667714607,162
18667714609,21
18667714676,11
18667714707,72
18667714708,30
18667714759,11
18667714777,21
18667714881,238
18667714913,25
18667714945,62
18667714974,22
18667714975,24
18667714976,26
18667714989,31
18667714991,24
18667715019,14
18667715032,6
18667715044,33
18667715051,42
18667715056,75
18667715057,13
18667715090,68
18667715096,8
18667715158,36
18667715160,34
18667715164,13
18667715173,45
18667715194,11
18667715198,36
18667715267,14
18667715271,19
18667715272,28
18667715357,54
18667715359,14
18667715392,8
18667715395,23
18667715445,37
18667715460,19
18667715582,74
18667715638,6
18667715653,75
18667715705,13
18667715720,19
18667715747,15
18667715756,86
18667715801,12
18667715806,6
18667715817,27
18667715820,79
18667715840,34
18667715846,45
18667715928,10
18667715936,10
18667715962,75
18667715963,11
18667715972,44
18667715990,34
18667716011,27
18667716012,61
18667716036,21
18667716045,78
18667716087,29
18667716115,13
18667716119,39
18667716138,43
18667716163,56
18667716167,8
18667716169,13
18667716171,20
18667716172,17
18667716176,21
18667716182,11
18667716202,21
18667716204,27
18667716223,36
18667716279,16
18667716281,5
18667716290,5
18667716301,24
18667716365,11
18667716373,7
18667716377,9
18667716389,92
18667716402,8
18667716405,19
18667716451,65
18667716454,42
18667716463,28
18667716468,13
18667716469,8
18667716477,10
18667716493,5
18667716536,13
18667716557,12
18667716574,9
18667716583,17
18667716584,43
18667716585,11
18667716640,6
18667716679,18
18667716686,61
18667716703,37
18667716706,9
18667716747,7
18667716750,41
18667716752,18
18667716754,14
18667716781,14
18667716790,12
18667716794,9
18667716801,100
18667716839,116
18667716846,11
18667716920,42
18667716930,19
18667716940,11
18667716941,18
18667717069,18
18667717079,13
18667717081,9
18667810323,6
18667939371,10
18667944529,8
18667958128,7
18667961588,7
18667982722,6
18667997328,9
18668014378,10
18668014646,19
18668088084,12
18668184322,5
18668229541,5
18668258577,12
18668294092,9
18668337073,6
18668370953,7
18668418679,13
18668427780,9
18668482214,5
18668609750,5
18668642319,16
18668646144,15
18668647407,12
18668670330,7
18668682030,6
18668685092,6
18668807929,5
18668817582,8
18668833316,6
18669050627,6
18669056429,10
18669079594,7
18669130328,5
18669142409,6
18669145806,13
18669152175,6
18669243303,9
18669264168,6
18669427164,5
18669427381,6
18669476503,50
18669507780,51
18669515575,5
18669516227,5
18669516772,5
18669604682,5
18669631623,9
18669641391,15
18669659011,7
18669660711,18
18669785523,9
18669824903,5
18669920885,5
18709856856,103
18722737884,6
18722754082,8
18722828894,5
18723166706,5
18723169041,5
18723454158,5
18726392640,5
18772051650,9
18772071068,6
18772204805,7
18772234710,14
18772397228,6
18772404305,12
18772477967,67
18772480718,8
18772505770,7
18772526974,6
18772530746,7
18772579931,9
18772607541,9
18772659912,11
18772830319,6
18772837270,24
18772839083,5
18772851452,7
18772902720,6
18772974711,39
18773024273,6
18773057949,5
18773164796,5
18773165424,7
18773166367,5
18773166812,5
18773167307,5
18773173726,5
18773190849,5
18773191418,5
18773193150,5
18773194204,5
18773195662,5
18773210856,7
18773264735,8
18773271754,7
18773424139,18
18773493294,8
18773508212,8
18773517511,7
18773532170,5
18773720602,8
18773720605,12
18773720664,28
18773720669,12
18773720711,9
18773720718,12
18773720727,12
18773720780,18
18773720814,48
18773720831,7
18773720867,8
18773720872,14
18773720876,20
18773720945,16
18773720964,8
18773720989,8
18773721079,5
18773721095,59
18773721154,11
18773721228,111
18773802389,5
18773824357,22
18773834802,5
18773841465,9
18773860242,5
18773871523,6
18773912731,5
18773915195,5
18773915606,5
18773916085,6
18773920332,5
18773920815,6
18773921209,6
18773922693,5
18773923050,5
18773923313,5
18773923803,5
18773924711,5
18773924763,5
18773925584,5
18773925586,5
18773960033,7
18774050875,18
18774171152,6
18774203587,5
18774265514,6
18774280286,8
18774291442,5
18774450070,5
18774590651,26
18774801876,6
18774809140,5
18774857042,7
18774923103,6
18774925576,5
18774935054,5
18774951080,12
18774951082,15
18774974352,5
18775010604,7
18775023011,7
18775023495,38
18775069269,6
18775133957,6
18775133978,7
18775134188,5
18775134218,5
18775134737,10
18775141448,11
18775141450,29
18775141653,5
18775141710,9
18775141719,43
18775141861,21
18775239932,7
18775299959,5
18775415718,46
18775416674,7
18775492187,14
18775569255,421
18775691519,5
18775739990,5
18775753478,18
18775781477,7
18775781676,21
18775781682,18
18775781688,6
18775781697,9
18775781706,8
18775781723,8
18775781733,8
18775781736,53
18775781764,9
18775781782,10
18775781811,10
18775781813,5
18775781814,76
18775781816,102
18775781823,9
18775781859,124
18775781877,12
18775781922,82
18775781940,25
18775781942,22
18775781953,23
18775781997,10
18775782042,29
18775782074,5
18775782111,12
18775782137,76
18775782198,5
18775782202,11
18775782220,7
18775782251,8
18775782269,67
18775782315,50
18775782363,7
18775782364,31
18775782380,14
18775782404,6
18775782421,8
18775782425,42
18775782432,7
18775782459,5
18775782492,17
18775782507,6
18775782514,55
18775782569,8
18775782585,14
18775782617,23
18775782694,11
18775782712,19
18775782751,49
18775782823,18
18775782834,32
18775782843,5
18775782861,19
18775782862,14
18775782917,6
18775782931,46
18775782948,17
18775782950,10
18775782957,5
18775782960,39
18775782961,5
18775783025,46
18775783027,8
18775783034,15
18775783060,5
18775783073,16
18775783177,25
18775783179,6
18775783203,7
18775783252,6
18775783253,71
18775783275,7
18775783302,15
18775783308,43
18775783314,12
18775783351,10
18775783396,19
18775783404,34
18775783408,31
18775783422,6
18775783441,7
18775783530,33
18775783594,10
18775783606,8
18775783610,10
18775783616,46
18775783669,5
18775783695,9
18775783784,88
18775783818,19
18775783839,8
18775783898,129
18775783941,111
18775783948,7
18775784003,38
18775784041,39
18775784143,185
18775784149,13
18775784153,92
18775784168,7
18775784177,41
18775784212,9
18775784288,53
18775784296,8
18775800425,5
18775811978,19
18775912417,5
18775990746,5
18775990962,7
18776016888,7
18776084924,6
18776122280,5
18776130572,5
18776132580,6
18776134656,5
18776135459,5
18776137414,24
18776322795,9
18776380342,9
18776421554,8
18776534732,6
18776666587,5
18776698602,5
18776730956,6
18776779644,5
18776898870,7
18776901280,5
18776929323,5
18777121612,37
18777270663,10
18777270665,12
18777270688,12
18777301826,10
18777403913,6
18777575037,5
18777629836,23
18777639810,7
18777668523,10
18777708125,9
18777763821,9
18777769668,34
18777781846,6
18777794460,5
18778150602,7
18778215893,5
18778253242,6
18778298636,9
18778312873,8
18778328474,6
18778365643,5
18778407787,13
18778553412,6
18778691107,6
18778735783,10
18778762455,6
18778821169,6
18778823089,5
18778824162,5
18778838564,5
18778842292,81
18778855183,6
18778856116,5
18778856173,5
18778856478,5
18779010016,6
18779092666,6
18779097678,8
18779120886,5
18779166744,5
18779387579,5
18779411430,7
18779432393,5
18779570094,68
18779570162,12
18779570338,14
18779570344,9
18779570569,87
18779570588,19
18779570781,62
18779570991,20
18779572350,8
18779572897,196
18779572938,9
18779573057,7
18779573145,28
18779573149,6
18779573332,34
18779610019,89
18779610060,25
18779610090,7
18779610117,5
18779610161,9
18779610177,10
18779610316,5
18779610325,5
18779610327,17
18779610330,16
18779610345,38
18779610348,16
18779610349,67
18779610375,42
18779610384,6
18779610391,9
18779610427,6
18779610435,10
18779610456,9
18779610460,40
18779610474,9
18779610497,6
18779610591,23
18779610592,106
18779610617,62
18779610631,8
18779610643,14
18779610647,15
18779610650,6
18779610842,63
18779610875,19
18779610879,5
18779610952,10
18779610968,12
18779610979,132
18779610980,72
18779611023,62
18779611127,9
18779611128,22
18779611164,8
18779611222,6
18867711640,5
18882154669,13
18882192749,5
18882211161,7
18882223109,8
18882224227,5
18882227064,14
18882255322,9
18882337130,9
18882370837,20
18882480312,5
18882507027,81
18882609876,7
18882662278,63
18882690263,86
18882690526,14
18882690527,8
18882690640,13
18882690854,16
18882691541,51
18882691593,13
18882691624,37
18882692183,10
18882692321,12
18882692516,196
18882692770,67
18882692953,61
18882693007,75
18882693124,20
18882693176,5
18882694013,75
18882694158,51
18882694417,28
18882694550,78
18882694564,93
18882694720,9
18882694791,48
18882694918,11
18882694957,64
18882708635,5
18882710264,5
18882801775,5
18882804331,8
18882928417,6
18883018152,6
18883025947,7
18883038067,23
18883100294,15
18883100384,30
18883100465,11
18883100617,10
18883100760,140
18883100971,5
18883101056,45
18883101184,30
18883101204,14
18883101306,60
18883101315,50
18883101367,30
18883101409,5
18883101757,6
18883101970,65
18883102099,8
18883102134,9
18883102158,61
18883102379,120
18883102411,82
18883102879,7
18883102960,31
18883103225,11
18883103465,26
18883103581,85
18883103596,11
18883103706,26
18883103802,66
18883103839,9
18883103880,7
18883103908,41
18883104084,80
18883104337,106
18883104382,19
18883104423,7
18883104437,11
18883104513,12
18883104565,15
18883104734,74
18883104836,9
18883104908,38
18883104938,5
18883104941,7
18883119006,23
18883141875,10
18883175746,5
18883181920,5
18883243727,5
18883331574,35
18883402265,10
18883406958,7
18883449155,7
18883503202,5
18883504220,5
18883515418,6
18883545257,5
18883552452,5
18883554967,5
18883556585,5
18883557953,6
18883561968,11
18883566595,5
18883590152,13
18883593522,16
18883661754,5
18883684081,5
18883688853,15
18883719826,6
18883731969,14
18883779229,6
18883790701,5
18883818581,32
18883821222,134
18883856183,11
18883870097,16
18883882057,5
18883887204,5
18883891194,6
18883892034,6
18883893588,6
18883893921,15
18883921448,26
18883973742,10
18884010153,11
18884039712,5
18884041458,6
18884141045,10
18884159423,7
18884159914,5
18884233648,11
18884314549,15
18884315114,13
18884348508,6
18884358370,14
18884409162,9
18884425942,14
18884426303,17
18884426769,27
18884427173,23
18884427983,6
18884609248,15
18884620057,22
18884641358,19
18884665552,11
18884697989,14
18884737956,5
18884802432,7
18884818671,9
18884858036,6
18884860120,21
18884864722,8
18884910768,5
18884969791,5
18884991806,5
18884992155,5
18885027365,7
18885052117,5
18885111988,5
18885120982,9
18885145749,5
18885171603,6
18885241906,54
18885261580,34
18885288861,6
18885357661,16
18885420277,5
18885435630,6
18885439757,6
18885444877,11
18885454170,7
18885590570,6
18885620806,101
18885660288,5
18885678688,14
18885680296,7
18885731289,5
18885750674,5
18885755316,5
18885778092,16
18885791221,7
18885855116,5
18885905962,5
18885907029,5
18885923067,5
18885925754,5
18885991096,9
18886011060,6
18886031422,8
18886048458,7
18886083106,9
18886090793,8
18886116904,6
18886123819,6
18886196821,5
18886237574,6
18886334487,15
18886384956,13
18886410121,18
18886482824,8
18886498175,5
18886516277,5
18886742103,5
18886812253,34
18886873158,5
18886900513,5
18886901531,5
18886924135,7
18887072579,7
18887106818,18
18887119295,12
18887230060,5
18887320061,6
18887328562,5
18887406366,5
18887421907,30
18887467726,9
18887480045,5
18887486057,5
18887488809,5
18887510179,5
18887515590,8
18887516614,10
18887519000,7
18887526207,7
18887526209,5
18887530298,5
18887532459,6
18887532681,5
18887536614,5
18887583993,19
18887622404,6
18887623470,7
18887714778,5
18887717201,6
18887760963,6
18887762064,5
18887762094,7
18887766728,5
18887852471,9
18887900466,5
18888055197,13
18888130050,5
18888158401,10
18888192135,24
18888194754,7
18888285439,9
18888305806,5
18888343981,7
18888390109,20
18888426328,38
18888430014,10
18888431510,22
18888434492,7
18888506125,7
18888581081,12
18888600052,181
18888625240,5
18888651024,7
18888675511,17
18888675519,30
18888700791,9
18888844896,5
18888850097,10
18888870686,9
18888934711,6
18889000257,5
18889050054,18
18889050262,19
18889050279,7
18889050296,174
18889050317,74
18889050698,26
18889050789,29
18889050855,58
18889050901,14
18889050933,47
18889050942,7
18889051066,25
18889051492,8
18889051537,8
18889051562,40
18889051576,110
18889051586,10
18889051588,85
18889051675,13
18889051759,101
18889051778,231
18889051801,15
18889062259,5
18889120080,54
18889120193,5
18889120276,5
18889120374,20
18889120532,27
18889120671,102
18889120675,29
18889120705,92
18889120824,12
18889121089,25
18889121340,171
18889121570,21
18889121774,5
18889121881,46
18889121905,68
18889121952,8
18889122116,20
18889122251,7
18889122372,26
18889122408,26
18889122478,10
18889122679,22
18889122744,29
18889122797,58
18889122813,16
18889123038,12
18889123196,22
18889123311,89
18889123338,36
18889123689,15
18889123692,35
18889136052,14
18889171094,5
18889187208,6
18889189019,5
18889195235,6
18889271850,9
18889346489,5
18889364968,19
18889410077,75
18889424379,5
18889427256,5
18889427487,5
18889701664,5
18889732884,8
18889733107,7
18889738881,8
18889805825,8
18889808728,12
18889833246,5
18889859938,5
18889942320,5
18889944727,8
18889952145,8
18889976197,5
19012063238,5
19012561323,6
19012825495,14
19013506382,7
19014901583,15
19015097426,13
19016665009,6
19016694366,6
19016697341,5
19017638002,5
19019790348,5
19024026228,6
19034188297,5
19035685497,5
19043167147,10
19043398037,17
19043443974,5
19043717016,6
19044068885,7
19045909262,5
19045909268,6
19046480024,7
19046480946,5
19047998688,5
19048223908,6
19048319014,6
19048319083,6
19048319141,6
19048521853,8
19062074589,16
19072758359,6
19077629855,6
19077629871,6
19077629876,5
19082791243,9
19093639669,7
19093774238,16
19098970086,7
19102189702,6
19102297545,3
19103025009,9
19103108896,6
19106593767,9
19122162788,5
19123073192,5
19123168016,5
19124509460,17
19124618473,39
19125050290,5
19129016890,10
19129142024,5
19132221370,5
19132299409,11
19133120590,7
19133123321,11
19133428604,6
19133957251,5
19135263133,5
19135635575,5
19137250924,5
19137300045,5
19137353226,5
19137354473,8
19138459293,12
19138459302,7
19142815474,5
19143192655,5
19143592832,5
19144155991,5
19144657641,6
19144657671,6
19144657701,7
19149085724,5
19152890622,7
19162371610,5
19162825281,8
19162825287,5
19165581700,22
19165581784,12
19165970262,6
19166196813,5
19166568488,6
19167401913,8
19168001098,7
19168603162,11
19168603163,11
19168603164,12
19168603166,7
19168603168,8
19169070106,5
19169644287,13
19172107459,7
19172107460,11
19172107464,6
19174099014,6
19174448325,29
19174518815,5
19174956558,30
19175942543,1
19177466555,5
19177799510,5
19182016244,6
19182366860,15
19183014493,10
19186756281,8
19187816575,5
19188037363,6
19188765897,8
19189062883,5
19192309001,10
19192673871,7
19194218084,6
19196015184,13
19196666569,5
19199108095,5
19202437215,5
19202898120,11
19203503146,6
19207724433,7
19208928111,8
19256934915,42
19257755995,10
19282550544,6
19282574703,5
19282636852,15
19283796104,5
19284050547,5
19289772739,5
19292055201,7
19294633451,23
19295567586,5
19295634177,5
19298076147,23
19313242040,9
19314262967,7
19314601432,5
19314652325,8
19316160667,5
19316340047,5
19349460573,8
19363007677,5
19363600030,7
19366361659,8
19366363727,8
19369352914,8
19375635004,5
19376414272,6
19378907633,5
19405308268,5
19412658096,5
19413572778,14
19414667334,10
19415360583,6
19417261627,22
19417703086,5
19432023192,7
19452034130,10
19452290454,5
19453759845,5
19459960975,5
19472181378,6
19492099818,5
19492200192,7
19492580561,11
19492990240,10
19493304472,5
19493723817,5
19494047542,5
19494682718,8
19495169014,6
19495963761,7
19496952875,6
19496958749,5
19497446272,5
19497526004,5
19497870839,5
19498015261,5
19498683495,11
19499428176,6
19499897559,10
19512219665,7
19512314227,5
19513265963,5
19513793594,8
19515021949,6
19515922557,5
19516434685,7
19522136095,9
19524634281,8
19524634287,30
19524634308,22
19524634311,27
19524634318,14
19524634345,13
19524634346,35
19524634349,25
19524634358,24
19524634360,24
19524634364,20
19542505419,5
19543506742,6
19543664794,5
19543721455,6
19543721584,13
19544000741,9
19546862519,5
19547152989,9
19547194715,5
19547584091,12
19548224431,7
19548520255,10
19549888134,5
19564842301,5
19567052034,6
19592103515,5
19592382313,5
19592382324,5
19592628948,7
19592994800,10
19703032038,9
19703032046,7
19703032478,14
19703032482,60
19704307670,6
19706653768,5
19707363684,5
19708328601,7
19708960489,5
19709824420,5
19709871914,5
19712179927,7
19722807286,5
19722901612,7
19726466463,6
19727341656,6
19729623082,5
19729842333,8
19729868200,6
19734347910,5
19739882909,5
19782302238,6
19784445700,26
19785472104,6
19785669499,12
19786220589,6
19787752963,12
19787756227,5
19787858083,6
19787974734,19
19788064934,18
19796961923,12
19802174213,6
19802310496,7
19802625316,9
19802916476,6
19802929235,5
19803656647,7
19803905275,8
19804313571,5
19804457738,5
19804702816,6
19805314997,6
19809875467,6
19832003138,19
19842062047,5
19842062260,5
19842062264,5
19842135298,5
19842315384,12
19842315385,8
19842316407,5
19842523341,5
19842640239,6
19843266376,5
19843310346,5
19843403031,7
19843756243,7
19852397213,6
19852413071,7
19852504058,5
19892143873,5
19894871620,6
19895205983,15
19999999999,11
212675188437,1
2203659679,1
2203924422,1
22969680032,1
2349162853154,1
302843038383,1
306970367399,1
32469308688,1
33644681469,1
3364573455,1
33645735455,1
33648625627,1
33744829688,1
3375761202,1
33767570647,2
34400007351,1
34400071513,1
34400117909,1
34400354504,1
34400393729,1
34400402152,1
34400878041,1
34400878043,1
34400878044,1
34400878045,1
34400878046,1
34400878047,1
34401029211,1
34401465641,1
34402817491,1
34403845474,1
34405138315,1
34406191266,1
34406404349,1
34406554559,1
34407573447,1
34408478178,1
34408862231,1
34410706228,1
34410771237,1
34410989530,1
34411250614,1
34411602860,1
34411838656,1
34412002680,1
34412489274,1
34412733793,1
34412761597,1
34412908740,1
34413050264,1
34413230042,1
34413477070,1
34413543815,1
34413554968,1
34413756439,1
34414233463,1
34414329553,1
34415075910,1
34415897436,1
34415972493,1
34416127016,1
34416435760,1
34416483818,1
34416509451,1
34416964279,1
34417701667,1
34417725859,1
34417727444,1
34417742128,1
34417753476,1
34417824662,1
34417913291,1
34417974583,1
34418039516,1
34418063358,1
34418065101,1
34418067666,1
34418078744,1
34418105737,1
34418157771,1
34418166092,1
34418182197,1
34418206228,1
34418290309,1
34418324854,1
34418334434,1
34418399026,1
34418399502,1
34418431050,1
34418441902,1
34418446557,1
34418456708,1
34418461826,1
34418472444,1
34418531291,1
34418560688,1
34418802277,1
34418814578,1
34418822162,1
34418827559,1
34418896077,1
34418902403,1
34418935820,1
34418954711,1
34418956478,1
34418965779,1
34418969929,1
34418973317,1
34418977255,1
34419093527,1
34419180179,1
34419184469,1
34419193081,1
34419200884,1
34433422366,1
34446968781,1
34452393345,1
34461102750,1
34477267308,1
34477272828,1
34477272969,1
34477272989,1
34477272999,1
34477273218,1
34477273319,1
34477273339,1
34477273349,1
34478303978,1
34487936215,1
34488338222,1
34496774052,1
34600000000,1
34600000001,1
34600001970,1
34600009781,1
34600019702,1
34600046800,1
34600066118,1
34600068068,1
34600076412,1
34600080021,1
34600086062,1
34600086226,1
34600090278,1
34600100113,1
34600100143,1
34600100176,1
34600102701,1
34600102969,1
34600103501,1
34600123321,1
34600124647,1
34600124712,1
34600124930,1
34600124931,1
34600124932,1
34600124933,1
34600126262,1
34600126618,1
34600126773,1
34600130100,1
34600130108,1
34600132000,1
34600135000,1
34600135002,1
34600135004,1
34600135019,1
34600135030,1
34600135035,1
34600135036,1
34600135037,1
34600135041,1
34600135043,1
34600135046,1
34600135049,1
34600135076,1
34600158591,1
34600162875,1
34600200800,1
34600213321,1
34600217287,1
34600256233,1
34600259122,1
34600260262,1
34600277332,1
34600284658,1
34600284897,1
34600291505,1
34600291544,1
34600295600,1
34600297318,1
34600302622,1
34600308397,1
34600311545,1
34600312894,1
34600324901,1
34600331278,1
34600340147,1
34600354045,1
34600359638,1
34600374172,1
34600377306,1
34600385023,1
34600404090,1
34600404542,1
34600405850,1
34600412717,1
34600418549,1
34600419704,1
34600431407,1
34600432375,1
34600457439,1
34600481947,1
34600502282,1
34600504150,1
34600504413,1
34600524037,1
34600528483,1
34600549300,1
34600556110,1
34600561915,1
34600562243,1
34600565645,1
34600574707,1
34600575548,1
34600591360,1
34600598649,1
34600609555,1
34600610127,1
34600616264,1
34600618235,1
34600661001,1
34600661570,1
34600665874,1
34600672376,1
34600683610,1
34600693610,1
34600704919,1
34600706516,1
34600716531,1
34600742084,1
34600752911,1
34600762333,1
34600797031,1
34600799314,1
34600821339,1
34600844258,1
34600850600,1
34600873374,1
34600874730,1
34600876587,1
34600878604,1
34600922295,1
34600923681,1
34600930295,1
34600933295,1
34600933904,1
34600940224,1
34600994958,1
34601013412,1
34601026379,1
34601027814,1
34601069307,1
34601165365,1
34601185729,1
34601291627,1
34601351634,1
34601354115,1
34601458278,1
34601532446,1
34601601398,1
34601601526,1
34601602307,1
34601602721,1
34601602724,1
34601602725,1
34601602726,1
34601604108,1
34601604279,1
34601615021,1
34601620382,1
34601622459,1
34601627341,1
34601639902,1
34601640180,1
34601641019,1
34601642039,1
34601642043,1
34601642301,1
34601642346,1
34601642442,1
34601642443,1
34601651191,1
34601653335,1
34601672767,1
34601795852,1
34601802738,1
34601878238,1
34601886422,1
34601891092,1
34601891094,1
34601891095,1
34601891128,1
34601891132,1
34601893276,1
34601893639,1
34601893649,1
34601893698,1
34601893734,1
34601893805,1
34601894270,1
34601895830,1
34601895907,1
34601899709,1
34601906010,1
34601911950,1
34601937697,1
34601944611,1
34601988839,1
34602006313,1
34602009520,1
34602016653,1
34602026766,1
34602029927,1
34602034003,1
34602038076,1
34602044748,1
34602048193,1
34602065126,1
34602068225,1
34602080231,1
34602089237,1
34602114660,1
34602122077,1
34602125227,1
34602140782,1
34602165720,1
34602181258,1
34602219378,1
34602220764,1
34602220933,1
34602222763,1
34602223938,1
34602224595,1
34602224597,1
34602224598,1
34602225380,1
34602225384,1
34602225738,1
34602226925,1
34602227084,1
34602227183,1
34602229038,1
34602229042,1
34602229046,1
34602229716,1
34602229721,1
34602229742,1
34602235438,1
34602255384,1
34602256011,1
34602276337,1
34602292665,1
34602296164,1
34602317772,1
34602321296,1
34602335981,1
34602362636,1
34602400363,1
34602401174,1
34602406951,1
34602408099,1
34602410296,1
34602412499,1
34602414726,1
34602423504,1
34602431477,1
34602434192,1
34602435972,1
34602437800,1
34602454506,1
34602454730,1
34602455938,1
34602463106,1
34602463411,1
34602478026,1
34602479241,1
34602487443,1
34602497051,1
34602499508,1
34602499595,1
34602505516,1
34602508947,1
34602523137,1
34602539317,1
34602540276,1
34602556195,1
34602560976,1
34602581368,1
34602591544,1
34602593005,1
34602604599,1
34602616391,1
34602620815,1
34602622622,1
34602625377,1
34602627114,1
34602629306,1
34602630864,1
34602633262,1
34602635771,1
34602643349,1
34602645261,1
34602658631,1
34602668628,1
34602674427,1
34602680068,1
34602685715,1
34602696773,1
34602697425,1
34602700723,1
34602703533,1
34602718822,1
34602728469,1
34602737437,1
34602809869,1
34602814264,1
34602830596,1
34602840197,1
34602861437,1
34602861699,1
34602878268,1
34602882182,1
34602883043,1
34603000603,1
34603015558,1
34603029799,1
34603047837,1
34603051032,1
34603106193,1
34603106369,1
34603137856,1
34603145436,1
34603148506,1
34603152022,1
34603171013,1
34603175460,1
34603181746,1
34603185019,1
34603185768,1
34603191630,1
34603202857,1
34603213585,1
34603227469,1
34603235079,1
34603235158,1
34603240591,1
34603242971,1
34603254722,1
34603261727,1
34603264645,1
34603274372,1
34603277947,1
34603280169,1
34603298277,1
34603309046,1
34603317071,1
34603330064,1
34603330368,1
34603333484,1
34603334291,1
34603355478,1
34603366109,1
34603367235,1
34603368290,1
34603392001,1
34603392014,1
34603392048,1
34603392190,1
34603392484,1
34603392756,1
34603396524,1
34603399198,1
34603400712,1
34603415261,1
34603420353,1
34603421151,1
34603430457,1
34603451159,1
34603451245,1
34603455633,1
34603479446,1
34603531553,1
34603534935,1
34603555083,1
34603565973,1
34603614069,1
34603640370,1
34603681827,1
34603698295,1
34603725437,1
34603750538,1
34603756472,1
34603760231,1
34603772183,1
34603783217,1
34603790248,1
34603801139,1
34603812655,1
34603825039,1
34603856771,1
34603862180,1
34603887921,1
34603916851,1
34603931033,1
34603932439,1
34603958689,1
34603958846,1
34603959454,1
34603964216,1
34603970689,1
34603972437,1
34603972454,1
34603973852,1
34603980390,1
34603984387,1
34603985678,1
34603990372,1
34604002933,1
34604002950,1
34604005324,1
34604010301,1
34604010306,1
34604010381,1
34604010490,1
34604010493,1
34604010562,1
34604010669,1
34604010690,1
34604010709,1
34604010725,1
34604010770,1
34604010778,1
34604010810,1
34604010818,1
34604010826,1
34604010837,1
34604010866,1
34604010890,1
34604010917,1
34604010930,1
34604010989,1
34604011577,1
34604013913,1
34604020487,1
34604021090,1
34604029509,1
34604029660,1
34604033903,1
34604042768,1
34604046439,1
34604046971,1
34604047073,1
34604047238,1
34604047785,1
34604047858,1
34604047948,1
34604060001,1
34604060002,1
34604060004,1
34604060007,1
34604060009,1
34604060010,1
34604060011,1
34604060013,1
34604060878,1
34604060886,1
34604060889,1
34604060929,1
34604060950,1
34604060969,1
34604060982,1
34604060985,1
34604060990,1
34604065287,1
34604092354,1
34604093354,1
34604104079,1
34604125731,1
34604126989,1
34604132803,1
34604139189,1
34604155138,1
34604163681,1
34604164856,1
34604164908,1
34604166148,1
34604170635,1
34604187587,1
34604191839,1
34604195553,1
34604201457,1
34604207630,1
34604213250,1
34604221561,1
34604228936,1
34604230954,1
34604249888,1
34604252677,1
34604253160,1
34604253845,1
34604280583,1
34604301078,1
34604302921,1
34604312548,1
34604317588,1
34604338274,1
34604342307,1
34604344152,1
34604364669,1
34604372056,1
34604381858,1
34604385797,1
34604394054,1
34604397421,1
34604397501,1
34604401510,1
34604444257,1
34604455776,1
34604487727,1
34604489608,1
34604551330,1
34604560162,1
34604560630,1
34604561112,1
34604563711,1
34604565390,1
34604570035,1
34604598932,1
34604733265,1
34604736342,1
34604809024,1
34604833336,1
34604901213,1
34604962677,1
34604975247,1
34605017296,1
34605020534,1
34605022006,1
34605022119,1
34605025657,1
34605026200,1
34605038628,1
34605047246,1
34605051016,1
34605055408,1
34605061532,1
34605068374,1
34605072457,1
34605106549,1
34605154869,1
34605155668,1
34605156256,1
34605158972,1
34605173071,1
34605179461,1
34605182974,1
34605224869,1
34605227967,1
34605236708,1
34605242712,1
34605246033,1
34605247360,1
34605252156,1
34605277860,1
34605279262,1
34605280487,1
34605290032,1
34605316504,1
34605326158,1
34605329402,1
34605398664,1
34605400884,1
34605401551,1
34605415361,1
34605432239,1
34605438832,1
34605443929,1
34605447257,1
34605473225,1
34605475061,1
34605478969,1
34605481769,1
34605494341,1
34605497130,1
34605497941,1
34605501714,1
34605503849,1
34605512848,1
34605513576,1
34605515297,1
34605515350,1
34605515356,1
34605515469,1
34605515929,1
34605515947,1
34605515967,1
34605516227,1
34605518755,1
34605551057,1
34605551236,1
34605552627,1
34605558371,1
34605568469,1
34605581362,1
34605594737,1
34605630254,1
34605632118,1
34605635597,1
34605638834,1
34605651428,1
34605665897,1
34605670467,1
34605681516,1
34605686355,1
34605687893,1
34605688885,1
34605692056,1
34605692405,1
34605693631,1
34605696721,1
34605700564,1
34605702815,1
34605714698,1
34605729577,1
34605733489,1
34605754597,1
34605758531,1
34605759786,1
34605769071,1
34605771933,1
34605772565,1
34605775149,1
34605783495,1
34605785746,1
34605792135,1
34605817742,1
34605822647,1
34605826310,1
34605836766,1
34605852385,1
34605852554,1
34605858705,1
34605872220,1
34605877148,1
34605883385,1
34605894999,1
34605895133,1
34605896693,1
34605896783,1
34605911169,1
34605918082,1
34605920723,1
34605922092,1
34605922892,1
34605924892,1
34605929692,1
34605947894,1
34605950916,1
34605956113,1
34605970707,1
34605978996,1
34605979017,1
34605981392,1
34605989957,1
34605990555,1
34605997068,1
34606000001,1
34606013766,1
34606024752,1
34606032479,1
34606034200,1
34606047864,1
34606071982,1
34606074393,1
34606089943,1
34606149902,1
34606161616,1
34606170101,1
34606179923,1
34606193277,1
34606194416,1
34606196657,1
34606206327,1
34606223145,1
34606233333,1
34606251668,1
34606257864,1
34606258692,1
34606262000,1
34606262076,1
34606278930,1
34606286728,1
34606291314,1
34606291887,1
34606295135,1
34606317300,1
34606327539,1
34606332853,1
34606334488,1
34606345196,1
34606350753,1
34606359905,1
34606381463,1
34606387549,1
34606390163,1
34606409962,1
34606431088,1
34606443915,1
34606445150,1
34606450282,1
34606451711,1
34606454079,1
34606459986,1
34606460210,1
34606469963,1
34606509854,1
34606515973,1
34606516978,1
34606523878,1
34606527898,1
34606530900,1
34606535737,1
34606540683,1
34606549096,1
34606590507,1
34606590554,1
34606608965,1
34606621541,1
34606621717,1
34606649429,1
34606683805,1
34606684741,1
34606690800,1
34606701723,1
34606702578,1
34606705876,1
34606720430,1
34606733983,1
34606737721,1
34606745189,1
34606754732,1
34606784858,1
34606789951,1
34606793293,1
34606793494,1
34606795868,1
34606797990,1
34606816817,1
34606823064,1
34606832995,1
34606842916,1
34606863639,1
34606867345,1
34606877184,1
34606883428,1
34606920882,1
34606922083,1
34606922589,1
34606922765,1
34606925939,1
34606934967,1
34606941149,1
34606960938,1
34606961636,1
34606965484,1
34606977491,1
34606980297,1
34606983482,1
34606990334,1
34606999474,1
34607028190,1
34607037375,1
34607040280,1
34607045024,1
34607056331,1
34607056994,1
34607065849,1
34607066138,1
34607069846,1
34607099927,1
34607100800,1
34607100803,1
34607103000,1
34607118400,1
34607122124,1
34607122158,1
34607123000,1
34607148307,1
34607151888,1
34607182006,1
34607183668,1
34607191904,1
34607191950,1
34607191982,1
34607191985,1
34607192070,1
34607192115,1
34607192402,1
34607193361,1
34607194890,1
34607209182,1
34607216962,1
34607241642,1
34607244611,1
34607264756,1
34607271752,1
34607284408,1
34607285285,1
34607290668,1
34607301000,1
34607302487,1
34607314642,1
34607315304,1
34607321096,1
34607335216,1
34607339427,1
34607354258,1
34607360582,1
34607370161,1
34607370370,1
34607386153,1
34607400204,1
34607415109,1
34607439695,1
34607442284,1
34607443121,1
34607452549,1
34607454477,1
34607454719,1
34607482406,1
34607491105,1
34607502684,1
34607514623,1
34607516385,1
34607518186,1
34607530021,1
34607531872,1
34607533471,1
34607533786,1
34607539066,1
34607564573,1
34607582958,1
34607620938,1
34607635597,1
34607689680,1
34607691669,1
34607691699,1
34607709593,1
34607711810,1
34607712165,1
34607721373,1
34607726871,1
34607742530,1
34607742531,1
34607768425,1
34607773978,1
34607777755,1
34607797277,1
34607797338,1
34607798301,1
34607799563,1
34607800293,1
34607802202,1
34607823638,1
34607891493,1
34607896447,1
34607905794,1
34607910837,1
34607918106,1
34607928632,1
34607957011,1
34607961063,1
34607972905,1
34607973636,1
34607976056,1
34607980180,1
34607980264,1
34607980601,1
34607988591,1
34607990567,1
34608000096,1
34608000275,1
34608000409,1
34608002559,1
34608005095,1
34608005992,1
34608010217,1
34608037024,1
34608043341,1
34608047493,1
34608057672,1
34608091094,1
34608093219,1
34608100101,1
34608142736,1
34608149933,1
34608151853,1
34608153949,1
34608163398,1
34608187968,1
34608189332,1
34608190598,1
34608193174,1
34608215880,1
34608217454,1
34608224036,1
34608225909,1
34608245150,1
34608247260,1
34608250960,1
34608262610,1
34608265975,1
34608293427,1
34608293483,1
34608310633,1
34608315495,1
34608319464,1
34608319712,1
34608326897,1
34608330146,1
34608340743,1
34608342520,1
34608343924,1
34608364780,1
34608371658,1
34608375101,1
34608377220,1
34608397297,1
34608402815,1
34608416141,1
34608422258,1
34608426057,1
34608430525,1
34608433013,1
34608444200,1
34608452823,1
34608460897,1
34608462225,1
34608471984,1
34608474377,1
34608475089,1
34608476640,1
34608481416,1
34608487573,1
34608489629,1
34608495844,1
34608505020,1
34608507294,1
34608513653,1
34608521352,1
34608523721,1
34608531405,1
34608532366,1
34608534310,1
34608539520,1
34608550825,1
34608558124,1
34608567343,1
34608569711,1
34608571716,1
34608580537,1
34608602539,1
34608605950,1
34608620775,1
34608624754,1
34608642462,1
34608648795,1
34608655431,1
34608663050,1
34608663990,1
34608666387,1
34608667651,1
34608668088,1
34608668395,1
34608668443,1
34608668445,1
34608668498,1
34608668571,1
34608668574,1
34608668579,1
34608675282,1
34608676216,1
34608681564,1
34608684283,1
34608685744,1
34608692003,1
34608693547,1
34608704902,1
34608718831,1
34608733687,1
34608739718,1
34608742056,1
34608744216,1
34608752573,1
34608758871,1
34608761491,1
34608762197,1
34608766464,1
34608768748,1
34608768820,1
34608778613,1
34608786170,1
34608792997,1
34608804644,1
34608813216,1
34608843850,1
34608852387,1
34608852522,1
34608860130,1
34608865156,1
34608866010,1
34608867575,1
34608869113,1
34608871985,1
34608873311,1
34608873333,1
34608873621,1
34608874802,1
34608881163,1
34608881322,1
34608884103,1
34608885169,1
34608885255,1
34608898955,1
34608901883,1
34608916407,1
34608916724,1
34608918818,1
34608920418,1
34608934388,1
34608935547,1
34608943141,1
34608947415,1
34608957393,1
34608957938,1
34608959612,1
34608960858,1
34608962527,1
34608962961,1
34608966544,1
34608967369,1
34608979899,1
34609009383,1
34609017554,1
34609022955,1
34609024605,1
34609041697,1
34609044790,1
34609044901,1
34609059657,1
34609068463,1
34609079288,1
34609085071,1
34609086944,1
34609090909,1
34609090919,1
34609099451,1
34609108780,1
34609117080,1
34609139107,1
34609158317,1
34609163374,1
34609165305,1
34609172623,1
34609174578,1
34609175213,1
34609183799,1
34609189238,1
34609206383,1
34609208169,1
34609210496,1
34609222181,1
34609240776,1
34609245711,1
34609246183,1
34609248112,1
34609256084,1
34609264552,1
34609275814,1
34609285715,1
34609319681,1
34609320346,1
34609320690,1
34609321353,1
34609326761,1
34609327516,1
34609328155,1
34609330815,1
34609354419,1
34609362160,1
34609362894,1
34609365834,1
34609370884,1
34609378072,1
34609394799,1
34609403374,1
34609404428,1
34609405258,1
34609407194,1
34609410870,1
34609417934,1
34609422132,1
34609423595,1
34609424902,1
34609437562,1
34609438530,1
34609443498,1
34609446629,1
34609450395,1
34609450632,1
34609454466,1
34609455913,1
34609464747,1
34609464817,1
34609465350,1
34609467525,1
34609472830,1
34609477142,1
34609477305,1
34609478489,1
34609478521,1
34609482797,1
34609485890,1
34609489089,1
34609490311,1
34609490733,1
34609491472,1
34609491499,1
34609491586,1
34609505058,1
34609507470,1
34609513425,1
34609513940,1
34609516469,1
34609519235,1
34609538329,1
34609545727,1
34609550845,1
34609556142,1
34609558609,1
34609562621,1
34609574299,1
34609610170,1
34609610525,1
34609617280,1
34609619886,1
34609655303,1
34609655317,1
34609658363,1
34609661058,1
34609670263,1
34609670275,1
34609672741,1
34609679742,1
34609702354,1
34609707315,1
34609708707,1
34609722793,1
34609726080,1
34609731412,1
34609735046,1
34609744287,1
34609744289,1
34609748992,1
34609757754,1
34609758081,1
34609762370,1
34609766199,1
34609770494,1
34609771443,1
34609777515,1
34609780789,1
34609788085,1
34609792793,1
34609811021,1
34609813387,1
34609815517,1
34609817072,1
34609823997,1
34609826661,1
34609831129,1
34609842562,1
34609843137,1
34609846444,1
34609846701,1
34609848023,1
34609849086,1
34609861731,1
34609865749,1
34609867485,1
34609879611,1
34609890384,1
34609894391,1
34609894763,1
34609894765,1
34609894781,1
34609894939,1
34609912183,1
34609934472,1
34609937893,1
34609950439,1
34609957563,1
34609970948,1
34609976103,1
34609986431,1
34609987274,1
34610002968,1
34610041988,1
34610063667,1
34610070608,1
34610075373,1
34610075826,1
34610076051,1
34610076075,1
34610088808,1
34610091664,1
34610119057,1
34610150393,1
34610152729,1
34610155538,1
34610166666,1
34610176613,1
34610177582,1
34610181359,1
34610181948,1
34610189376,1
34610202254,1
34610209222,1
34610210504,1
34610213072,1
34610222797,1
34610223000,1
34610223291,1
34610227173,1
34610237993,1
34610242007,1
34610245081,1
34610265696,1
34610266755,1
34610272014,1
34610290545,1
34610294153,1
34610302500,1
34610317774,1
34610326475,1
34610330810,1
34610334598,1
34610334662,1
34610373857,1
34610387852,1
34610401278,1
34610414693,1
34610418123,1
34610424796,1
34610447979,1
34610462834,1
34610462893,1
34610476279,1
34610494932,1
34610495152,1
34610523169,1
34610543485,1
34610618037,1
34610618255,1
34610646661,1
34610650006,1
34610653479,1
34610671459,1
34610677882,1
34610684991,1
34610690197,1
34610693164,1
34610719911,1
34610730918,1
34610734665,1
34610741655,1
34610743049,1
34610751907,1
34610782110,1
34610784337,1
34610787354,1
34610792150,1
34610801800,1
34610805929,1
34610817292,1
34610826523,1
34610834663,1
34610836045,1
34610853502,1
34610856592,1
34610962983,1
34611007280,1
34611020183,1
34611039976,1
34611040937,1
34611041578,1
34611074032,1
34611133504,1
34611178633,1
34611184996,1
34611186880,1
34611208082,1
34611212304,1
34611213155,1
34611214749,1
34611217199,1
34611224374,1
34611229885,1
34611232272,1
34611244436,1
34611246936,1
34611251581,1
34611251681,1
34611252980,1
34611265379,1
34611273601,1
34611279524,1
34611280282,1
34611282385,1
34611288284,1
34611289090,1
34611294247,1
34611301119,1
34611305364,1
34611311964,1
34611312596,1
34611338324,1
34611340952,1
34611341519,1
34611364703,1
34611386734,1
34611389359,1
34611397765,1
34611411952,1
34611413241,1
34611422199,1
34611443460,1
34611456000,1
34611458718,1
34611461863,1
34611474083,1
34611476674,1
34611489733,1
34611491303,1
34611497469,1
34611520045,1
34611544791,1
34611554094,1
34611600176,1
34611606410,1
34611610076,1
34611650727,1
34611655464,1
34611682775,1
34611687983,1
34611745569,1
34611747696,1
34611786278,1
34611803519,1
34611808840,1
34611810070,1
34611814896,1
34611820383,1
34611844497,1
34611866201,1
34611888397,1
34611892361,1
34611912236,1
34611921310,1
34611943924,1
34612050816,1
34612149807,1
34612203342,1
34612204642,1
34612206588,1
34612207235,1
34612221994,1
34612224337,1
34612225017,1
34612227464,1
34612229245,1
34612261286,1
34612266142,1
34612272004,1
34612282004,1
34612283714,1
34612290088,1
34612291789,1
34612293382,1
34612340215,1
34612344168,1
34612345678,1
34612393515,1
34612404764,1
34612404893,1
34612417903,1
34612425164,1
34612436118,1
34612443725,1
34612463264,1
34612464141,1
34612465383,1
34612465830,1
34612469055,1
34612484496,1
34612484919,1
34612490553,1
34612495377,1
34612506528,1
34612521438,1
34612541208,1
34612562562,1
34612568041,1
34612585311,1
34612593081,1
34612659454,1
34612959310,1
34613051062,1
34613080451,1
34613098203,1
34613111707,1
34613113044,1
34613118244,1
34613123528,1
34613131845,1
34613143966,1
34613146835,1
34613162840,1
34613201392,1
34613209198,1
34613231086,1
34613233519,1
34613251087,1
34613267767,1
34613289493,1
34613299766,1
34613305568,1
34613312759,1
34613313064,1
34613315997,1
34613323428,1
34613325804,1
34613328589,1
34613329185,1
34613332092,1
34613347724,1
34613348938,1
34613351398,1
34613359550,1
34613363231,1
34613364498,1
34613375171,1
34613385420,1
34613392439,1
34613402500,1
34613406710,1
34613414505,1
34613434009,1
34613439987,1
34613441958,1
34613450027,1
34613450872,1
34613451924,1
34613455582,1
34613476377,1
34613476574,1
34613476620,1
34613479435,1
34613497809,1
34613522538,1
34613531648,1
34613538186,1
34613572657,1
34613574467,1
34613576383,1
34613578109,1
34613580218,1
34613585397,1
34613587873,1
34613589284,1
34613590913,1
34613598072,1
34613618316,1
34613618986,1
34613627308,1
34613627529,1
34613642094,1
34613646879,1
34613649800,1
34613656636,1
34613660193,1
34613682871,1
34613697692,1
34613699663,1
34613714397,1
34613723757,1
34613723910,1
34613730793,1
34613736041,1
34613746439,1
34613747979,1
34613757015,1
34613761944,1
34613786472,1
34613800952,1
34613806040,1
34613808881,1
34613813109,1
34613846591,1
34613854025,1
34613877461,1
34613881620,1
34613885035,1
34613900612,1
34613923084,1
34613923194,1
34613925138,1
34613927596,1
34613975832,1
34613985111,1
34614001393,1
34614008048,1
34614011079,1
34614021365,1
34614074226,1
34614082591,1
34614096702,1
34614096845,1
34614200565,1
34614209562,1
34614232663,1
34614334303,1
34614341071,1
34614415516,1
34614421862,1
34614428462,1
34614444999,1
34614495497,1
34614512035,1
34614606122,1
34614688485,1
34614693677,1
34614695608,1
34614710658,1
34614737757,1
34614801299,1
34614833773,1
34614858221,1
34614872279,1
34614906714,1
34614930351,1
34614937912,1
34614959878,1
34614962754,1
34614966185,1
34614993747,1
34614995817,1
34615024913,1
34615026010,1
34615032977,1
34615038000,1
34615038008,1
34615038509,1
34615038615,1
34615042338,1
34615057419,1
34615059722,1
34615062252,1
34615068956,1
34615073647,1
34615078081,1
34615098450,1
34615116565,1
34615117771,1
34615129560,1
34615130986,1
34615131032,1
34615131056,1
34615131064,1
34615131068,1
34615131092,1
34615131198,1
34615131530,1
34615131761,1
34615131769,1
34615131908,1
34615132045,1
34615133530,1
34615135485,1
34615139863,1
34615140471,1
34615144432,1
34615147522,1
34615148609,1
34615155602,1
34615161885,1
34615195956,1
34615207205,1
34615218208,1
34615237481,1
34615249243,1
34615249734,1
34615250523,1
34615251525,1
34615253117,1
34615256806,1
34615257792,1
34615261726,1
34615262547,1
34615281808,1
34615301416,1
34615301418,1
34615305735,1
34615307528,1
34615314885,1
34615315818,1
34615318868,1
34615318903,1
34615350191,1
34615355413,1
34615359355,1
34615360423,1
34615366278,1
34615373301,1
34615380055,1
34615381356,1
34615392183,1
34615398471,1
34615416149,1
34615430880,1
34615435597,1
34615442857,1
34615446118,1
34615471011,1
34615471033,1
34615471858,1
34615472637,1
34615477615,1
34615494047,1
34615499840,1
34615518848,1
34615520504,1
34615520826,1
34615529826,1
34615543086,1
34615545586,1
34615546845,1
34615547361,1
34615556947,1
34615562982,1
34615568966,1
34615569880,1
34615569896,1
34615571154,1
34615583979,1
34615584777,1
34615596773,1
34615598203,1
34615606371,1
34615620913,1
34615624765,1
34615627506,1
34615629160,1
34615637810,1
34615638164,1
34615642893,1
34615647040,1
34615647042,1
34615647044,1
34615647045,1
34615647046,1
34615647049,1
34615648390,1
34615648391,1
34615648392,1
34615648394,1
34615648395,1
34615648396,1
34615648397,1
34615648398,1
34615648399,1
34615670961,1
34615680936,1
34615689416,1
34615695026,1
34615707309,1
34615709973,1
34615715231,1
34615738830,1
34615744753,1
34615772922,1
34615773579,1
34615778737,1
34615779095,1
34615797229,1
34615802684,1
34615803326,1
34615803405,1
34615803531,1
34615803858,1
34615804003,1
34615804376,1
34615804403,1
34615804473,1
34615804731,1
34615804737,1
34615805021,1
34615805087,1
34615805107,1
34615805159,1
34615805297,1
34615805312,1
34615805362,1
34615817630,1
34615821137,1
34615837121,1
34615854259,1
34615864290,1
34615880138,1
34615885573,1
34615885709,1
34615889827,1
34615915734,1
34615919743,1
34615989010,1
34615998723,1
34616009379,1
34616011842,1
34616012061,1
34616030077,1
34616042617,1
34616044345,1
34616046792,1
34616047940,1
34616060029,1
34616065618,1
34616076542,1
34616080863,1
34616082319,1
34616084021,1
34616091984,1
34616100757,1
34616102423,1
34616118643,1
34616125556,1
34616130275,1
34616134780,1
34616138449,1
34616147710,1
34616160433,1
34616165483,1
34616170969,1
34616178576,1
34616187699,1
34616189127,1
34616193159,1
34616196060,1
34616203668,1
34616214033,1
34616257364,1
34616265866,1
34616266004,1
34616273913,1
34616274713,1
34616274735,1
34616274789,1
34616285685,1
34616291050,1
34616294966,1
34616314887,1
34616353903,1
34616370304,1
34616377317,1
34616385757,1
34616389873,1
34616393798,1
34616397076,1
34616402268,1
34616406466,1
34616414002,1
34616422472,1
34616425310,1
34616439669,1
34616442920,1
34616447994,1
34616452098,1
34616456566,1
34616457932,1
34616467638,1
34616474924,1
34616482518,1
34616490038,1
34616491275,1
34616497184,1
34616498805,1
34616498985,1
34616505067,1
34616514756,1
34616519580,1
34616525951,1
34616528487,1
34616552267,1
34616552815,1
34616555309,1
34616556287,1
34616567848,1
34616571176,1
34616577044,1
34616578017,1
34616585901,1
34616588677,1
34616596740,1
34616599007,1
34616601555,1
34616609731,1
34616632905,1
34616633877,1
34616646525,1
34616649837,1
34616668203,1
34616669168,1
34616688355,1
34616694060,1
34616703097,1
34616707594,1
34616720137,1
34616723247,1
34616725230,1
34616729229,1
34616737506,1
34616738711,1
34616743800,1
34616782692,1
34616783755,1
34616812156,1
34616812370,1
34616832829,1
34616849769,1
34616849847,1
34616852402,1
34616865750,1
34616869038,1
34616869723,1
34616870457,1
34616873978,1
34616875629,1
34616877012,1
34616891357,1
34616893867,1
34616900117,1
34616943383,1
34616945615,1
34616950587,1
34616960896,1
34616962773,1
34616965483,1
34616969076,1
34616978629,1
34617007656,1
34617024592,1
34617025714,1
34617042902,1
34617044137,1
34617046958,1
34617052965,1
34617057293,1
34617057969,1
34617058030,1
34617069410,1
34617071957,1
34617092323,1
34617115972,1
34617133166,1
34617141628,1
34617142798,1
34617145414,1
34617150520,1
34617150754,1
34617151034,1
34617152973,1
34617152978,1
34617153073,1
34617153228,1
34617153323,1
34617154639,1
34617154973,1
34617155453,1
34617170443,1
34617191672,1
34617202482,1
34617203918,1
34617213319,1
34617217726,1
34617247724,1
34617261403,1
34617263600,1
34617268593,1
34617278278,1
34617284105,1
34617305565,1
34617308153,1
34617308155,1
34617311810,1
34617324118,1
34617333593,1
34617333639,1
34617336142,1
34617338196,1
34617339781,1
34617364910,1
34617394582,1
34617396611,1
34617401840,1
34617404555,1
34617418581,1
34617419116,1
34617422350,1
34617426448,1
34617429889,1
34617430615,1
34617431508,1
34617433642,1
34617433958,1
34617434298,1
34617457496,1
34617473522,1
34617474406,1
34617483160,1
34617485051,1
34617488668,1
34617491642,1
34617495132,1
34617507327,1
34617512152,1
34617512845,1
34617525949,1
34617528004,1
34617544682,1
34617551449,1
34617557486,1
34617561713,1
34617574618,1
34617575292,1
34617595451,1
34617614595,1
34617654388,1
34617662213,1
34617672592,1
34617687545,1
34617703909,1
34617721048,1
34617721087,1
34617725166,1
34617759576,1
34617767770,1
34617790324,1
34617801548,1
34617839579,1
34617853138,1
34617867360,1
34617879299,1
34617879699,1
34617879703,1
34617879707,1
34617879713,1
34617879738,1
34617879797,1
34617880850,1
34617882032,1
34617882752,1
34617882915,1
34617882919,1
34617883071,1
34617883267,1
34617887834,1
34617904752,1
34617907763,1
34617920657,1
34617939599,1
34617941583,1
34618018708,1
34618031847,1
34618057206,1
34618079875,1
34618106486,1
34618115266,1
34618118811,1
34618134893,1
34618135293,1
34618135524,1
34618135597,1
34618136952,1
34618146145,1
34618166411,1
34618171167,1
34618172021,1
34618174706,1
34618177550,1
34618178892,1
34618189548,1
34618198220,1
34618208118,1
34618228223,1
34618239461,1
34618253555,1
34618257556,1
34618260618,1
34618264675,1
34618277153,1
34618286817,1
34618290695,1
34618309605,1
34618312226,1
34618320920,1
34618322332,1
34618342024,1
34618342567,1
34618346001,1
34618346577,1
34618346922,1
34618350279,1
34618400263,1
34618403823,1
34618415539,1
34618418996,1
34618450939,1
34618454774,1
34618467583,1
34618500938,1
34618501138,1
34618502310,1
34618506519,1
34618512331,1
34618525711,1
34618529192,1
34618542723,1
34618544744,1
34618563188,1
34618575235,1
34618591256,1
34618595742,1
34618607343,1
34618611251,1
34618613430,1
34618616214,1
34618626735,1
34618638576,1
34618673673,1
34618677746,1
34618681701,1
34618682506,1
34618689104,1
34618689473,1
34618690892,1
34618691058,1
34618691162,1
34618691685,1
34618692403,1
34618692408,1
34618692997,1
34618693006,1
34618693010,1
34618693356,1
34618693506,1
34618693539,1
34618693661,1
34618693863,1
34618693874,1
34618693930,1
34618695769,1
34618717763,1
34618719370,1
34618724078,1
34618728386,1
34618732566,1
34618736985,1
34618746615,1
34618759120,1
34618759166,1
34618759168,1
34618783508,1
34618787803,1
34618792606,1
34618802838,1
34618814441,1
34618832569,1
34618840152,1
34618855040,1
34618856495,1
34618857321,1
34618870988,1
34618875951,1
34618876318,1
34618888057,1
34618889453,1
34618911156,1
34618928393,1
34618935792,1
34618939281,1
34618941658,1
34618942810,1
34618944943,1
34618948945,1
34618959130,1
34618976301,1
34618980113,1
34618981690,1
34619001948,1
34619030316,1
34619031032,1
34619031068,1
34619031118,1
34619031133,1
34619031334,1
34619032017,1
34619032724,1
34619033028,1
34619040779,1
34619053095,1
34619053458,1
34619066932,1
34619074267,1
34619082574,1
34619089659,1
34619108638,1
34619109303,1
34619113906,1
34619115669,1
34619115939,1
34619116245,1
34619132724,1
34619132811,1
34619137133,1
34619142049,1
34619159587,1
34619169218,1
34619180199,1
34619197132,1
34619197136,1
34619197144,1
34619201277,1
34619208246,1
34619232145,1
34619247144,1
34619251512,1
34619260856,1
34619268354,1
34619271396,1
34619275978,1
34619278216,1
34619292966,1
34619301035,1
34619309957,1
34619315809,1
34619316454,1
34619319992,1
34619322452,1
34619330905,1
34619338133,1
34619362886,1
34619365022,1
34619378473,1
34619407794,1
34619418950,1
34619453936,1
34619459815,1
34619500759,1
34619507515,1
34619509938,1
34619514591,1
34619515023,1
34619516297,1
34619516590,1
34619517708,1
34619533433,1
34619534872,1
34619538455,1
34619539255,1
34619543974,1
34619548181,1
34619550763,1
34619557747,1
34619567703,1
34619573085,1
34619576396,1
34619579158,1
34619580395,1
34619585397,1
34619601290,1
34619609849,1
34619617905,1
34619619023,1
34619626297,1
34619653231,1
34619668431,1
34619673165,1
34619683284,1
34619692899,1
34619719941,1
34619735374,1
34619737609,1
34619748403,1
34619756037,1
34619760842,1
34619765190,1
34619773467,1
34619776643,1
34619784623,1
34619790444,1
34619802320,1
34619804152,1
34619814679,1
34619849531,1
34619889257,1
34619892901,1
34619906292,1
34619913698,1
34619915679,1
34619928659,1
34619939311,1
34619943429,1
34619947144,1
34619966489,1
34619970325,1
34620015370,1
34620016335,1
34620016472,1
34620025013,1
34620030132,1
34620044625,1
34620057791,1
34620061171,1
34620082417,1
34620106627,1
34620136952,1
34620137076,1
34620141742,1
34620157895,1
34620161929,1
34620168387,1
34620200951,1
34620223160,1
34620234790,1
34620239824,1
34620249965,1
34620254203,1
34620261701,1
34620267437,1
34620268831,1
34620283475,1
34620288380,1
34620290413,1
34620296715,1
34620296953,1
34620297068,1
34620297078,1
34620297308,1
34620297613,1
34620297628,1
34620297673,1
34620297870,1
34620302910,1
34620324524,1
34620331098,1
34620338823,1
34620353612,1
34620363481,1
34620375938,1
34620376074,1
34620384999,1
34620394648,1
34620408820,1
34620421830,1
34620435535,1
34620445090,1
34620448062,1
34620462526,1
34620479628,1
34620482633,1
34620505446,1
34620508275,1
34620515798,1
34620553208,1
34620574068,1
34620586583,1
34620594233,1
34620622469,1
34620625834,1
34620625840,1
34620626331,1
34620627910,1
34620628502,1
34620670515,1
34620677537,1
34620693105,1
34620695971,1
34620697011,1
34620698390,1
34620699620,1
34620700626,1
34620709192,1
34620766520,1
34620776476,1
34620781164,1
34620790267,1
34620794449,1
34620833344,1
34620855703,1
34620861871,1
34620861883,1
34620866966,1
34620874685,1
34620878278,1
34620901248,1
34620918895,1
34620922360,1
34620923328,1
34620925045,1
34620933669,1
34620951558,1
34620951566,1
34620959015,1
34620970251,1
34620980733,1
34620992250,1
34620999308,1
34620999610,1
34621008883,1
34621019325,1
34621043395,1
34621052454,1
34621074803,1
34621120516,1
34621126871,1
34621127875,1
34621129650,1
34621140227,1
34621141004,1
34621142593,1
34621143245,1
34621145231,1
34621145646,1
34621147728,1
34621148598,1
34621149726,1
34621149906,1
34621185946,1
34621186157,1
34621186600,1
34621188392,1
34621188833,1
34621190226,1
34621190472,1
34621190785,1
34621190978,1
34621191084,1
34621192558,1
34621192940,1
34621194507,1
34621196364,1
34621198364,1
34621198702,1
34621198741,1
34621198912,1
34621198985,1
34621199977,1
34621200641,1
34621205755,1
34621206972,1
34621209997,1
34621210365,1
34621211315,1
34621211482,1
34621212407,1
34621214528,1
34621218801,1
34621219158,1
34621220053,1
34621224452,1
34621227500,1
34621244757,1
34621257188,1
34621257723,1
34621261800,1
34621261846,1
34621263819,1
34621278311,1
34621278676,1
34621279996,1
34621282937,1
34621284915,1
34621288958,1
34621289787,1
34621290863,1
34621294480,1
34621295381,1
34621297073,1
34621354389,1
34621370193,1
34621374933,1
34621393682,1
34621406291,1
34621412365,1
34621413167,1
34621414949,1
34621416743,1
34621418194,1
34621418478,1
34621420422,1
34621423926,1
34621427059,1
34621441047,1
34621441162,1
34621441715,1
34621443311,1
34621443413,1
34621445633,1
34621447160,1
34621449536,1
34621465383,1
34621534840,1
34621572157,1
34621623745,1
34621624549,1
34621627422,1
34621668309,1
34621670185,1
34621670670,1
34621671374,1
34621671429,1
34621672544,1
34621674271,1
34621674471,1
34621674991,1
34621675364,1
34621675379,1
34621675918,1
34621676526,1
34621676535,1
34621677200,1
34621677248,1
34621677993,1
34621679793,1
34621683286,1
34621692946,1
34621697991,1
34622012494,1
34622064606,1
34622067498,1
34622069403,1
34622069498,1
34622087107,1
34622089145,1
34622100268,1
34622104597,1
34622151298,1
34622151514,1
34622175287,1
34622177630,1
34622181070,1
34622188321,1
34622191477,1
34622195908,1
34622197047,1
34622206427,1
34622213966,1
34622219135,1
34622221046,1
34622225754,1
34622268831,1
34622279407,1
34622279553,1
34622301532,1
34622305484,1
34622311202,1
34622320513,1
34622328073,1
34622344907,1
34622351324,1
34622382208,1
34622383945,1
34622388858,1
34622398901,1
34622419897,1
34622420722,1
34622439841,1
34622453550,1
34622459906,1
34622484736,1
34622484896,1
34622526740,1
34622527021,1
34622533712,1
34622537183,1
34622540880,1
34622555446,1
34622563480,1
34622565353,1
34622567502,1
34622567933,1
34622582664,1
34622594992,1
34622604552,1
34622622629,1
34622647711,1
34622655609,1
34622667752,1
34622706936,1
34622712107,1
34622744865,1
34622756964,1
34622756974,1
34622797172,1
34622811169,1
34622812191,1
34622838781,1
34622843687,1
34622845253,1
34622853629,1
34622861143,1
34622913029,1
34622922127,1
34622922950,1
34622993327,1
34622993331,1
34622999660,1
34623005566,1
34623027403,1
34623028144,1
34623033064,1
34623065867,1
34623116847,1
34623137736,1
34623150384,1
34623154337,1
34623154613,1
34623159989,1
34623173497,1
34623202393,1
34623203512,1
34623205807,1
34623207664,1
34623210891,1
34623217279,1
34623220003,1
34623231904,1
34623234793,1
34623235805,1
34623242148,1
34623250308,1
34623250514,1
34623253770,1
34623254045,1
34623288841,1
34623297132,1
34623302933,1
34623303865,1
34623306703,1
34623321230,1
34623386929,1
34623410890,1
34623415493,1
34623422217,1
34623435149,1
34623462052,1
34623475603,1
34623479626,1
34623493206,1
34623496509,1
34623504781,1
34623504794,1
34623506136,1
34623506415,1
34623539170,1
34623553818,1
34623560662,1
34623576234,1
34623582221,1
34623582962,1
34623593813,1
34623670901,1
34623703302,1
34623725251,1
34623741584,1
34623785273,1
34623836974,1
34623870907,1
34623939332,1
34623998055,1
34624013066,1
34624023226,1
34624023316,1
34624023746,1
34624042937,1
34624055045,1
34624065869,1
34624067073,1
34624078247,1
34624190119,1
34624192005,1
34624232833,1
34624277405,1
34624290718,1
34624293045,1
34624297874,1
34624298681,1
34624339412,1
34624346524,1
34624385280,1
34624396856,1
34624485637,1
34624523491,1
34624532743,1
34624583609,1
34624619054,1
34624624121,1
34624624528,1
34624633249,1
34624635999,1
34624653641,1
34624653984,1
34624669919,1
34624682974,1
34624715082,1
34624724729,1
34624750935,1
34624757435,1
34624854080,1
34624865465,1
34624873715,1
34624874514,1
34624884784,1
34624934071,1
34624947575,1
34624947960,1
34624963656,1
34624972379,1
34625008300,1
34625014179,1
34625015202,1
34625025320,1
34625031961,1
34625042850,1
34625044924,1
34625052378,1
34625056617,1
34625063064,1
34625071233,1
34625075699,1
34625081061,1
34625090054,1
34625093007,1
34625101021,1
34625101117,1
34625101503,1
34625101992,1
34625101994,1
34625103976,1
34625107142,1
34625108203,1
34625121858,1
34625124396,1
34625124621,1
34625124780,1
34625132739,1
34625139900,1
34625142256,1
34625159595,1
34625165891,1
34625174003,1
34625187708,1
34625196287,1
34625198055,1
34625198615,1
34625198915,1
34625200994,1
34625202981,1
34625211637,1
34625220166,1
34625236144,1
34625255908,1
34625268651,1
34625276988,1
34625304821,1
34625305360,1
34625313542,1
34625314745,1
34625318342,1
34625320826,1
34625333578,1
34625343752,1
34625344555,1
34625346544,1
34625363513,1
34625370026,1
34625376795,1
34625377065,1
34625384309,1
34625387853,1
34625391475,1
34625404359,1
34625409049,1
34625411398,1
34625426685,1
34625440525,1
34625442969,1
34625445652,1
34625448880,1
34625449683,1
34625471860,1
34625477860,1
34625478532,1
34625485213,1
34625485849,1
34625490058,1
34625504613,1
34625540222,1
34625546707,1
34625552699,1
34625555751,1
34625562569,1
34625573537,1
34625574586,1
34625576309,1
34625581551,1
34625584147,1
34625594759,1
34625594910,1
34625600097,1
34625602318,1
34625631372,1
34625659451,1
34625684168,1
34625689723,1
34625698901,1
34625700537,1
34625706931,1
34625706984,1
34625707020,1
34625708743,1
34625712815,1
34625715844,1
34625730102,1
34625735687,1
34625762920,1
34625777235,1
34625796928,1
34625812358,1
34625819318,1
34625858151,1
34625863627,1
34625884754,1
34625905238,1
34625921778,1
34625932206,1
34625933225,1
34625948539,1
34625976403,1
34625979184,1
34625990769,1
34626010125,1
34626010831,1
34626044319,1
34626056323,1
34626060083,1
34626060909,1
34626063651,1
34626065431,1
34626066884,1
34626074790,1
34626077609,1
34626092873,1
34626096767,1
34626130832,1
34626164998,1
34626171788,1
34626197986,1
34626199677,1
34626204649,1
34626208693,1
34626212613,1
34626220857,1
34626225204,1
34626238574,1
34626263544,1
34626263639,1
34626292880,1
34626301920,1
34626306551,1
34626312765,1
34626320646,1
34626330999,1
34626342971,1
34626347793,1
34626349500,1
34626355089,1
34626390880,1
34626402459,1
34626409531,1
34626417904,1
34626434806,1
34626446663,1
34626454810,1
34626477620,1
34626485247,1
34626485351,1
34626487609,1
34626493997,1
34626503915,1
34626507953,1
34626509267,1
34626515670,1
34626518054,1
34626537214,1
34626540277,1
34626547868,1
34626550569,1
34626563827,1
34626570060,1
34626570065,1
34626578888,1
34626586485,1
34626594819,1
34626609479,1
34626610598,1
34626620089,1
34626672368,1
34626674944,1
34626675616,1
34626698275,1
34626701633,1
34626712828,1
34626765262,1
34626766499,1
34626790456,1
34626791299,1
34626797641,1
34626798837,1
34626851399,1
34626863949,1
34626905002,1
34626936636,1
34626973438,1
34626988117,1
34626992128,1
34626995249,1
34626997832,1
34626999960,1
34627002758,1
34627003484,1
34627005850,1
34627014758,1
34627025058,1
34627027863,1
34627050379,1
34627055207,1
34627068793,1
34627083414,1
34627098154,1
34627119227,1
34627130211,1
34627134271,1
34627166648,1
34627167171,1
34627172411,1
34627180407,1
34627183444,1
34627185651,1
34627190561,1
34627207981,1
34627214512,1
34627231106,1
34627233239,1
34627240563,1
34627265576,1
34627273025,1
34627284044,1
34627284045,1
34627284048,1
34627287061,1
34627302865,1
34627311266,1
34627316650,1
34627318679,1
34627320483,1
34627330871,1
34627344014,1
34627349988,1
34627350268,1
34627356954,1
34627374314,1
34627382938,1
34627391405,1
34627410889,1
34627414428,1
34627415047,1
34627418471,1
34627425004,1
34627431335,1
34627445256,1
34627445572,1
34627448141,1
34627469196,1
34627486529,1
34627488384,1
34627492801,1
34627497791,1
34627503094,1
34627506428,1
34627508327,1
34627510735,1
34627533694,1
34627534388,1
34627536857,1
34627539585,1
34627543434,1
34627545111,1
34627547778,1
34627556438,1
34627556441,1
34627556651,1
34627557140,1
34627561532,1
34627575074,1
34627576589,1
34627577553,1
34627600733,1
34627631152,1
34627660336,1
34627707101,1
34627708944,1
34627709051,1
34627709430,1
34627709442,1
34627715362,1
34627716235,1
34627733298,1
34627733299,1
34627743974,1
34627773208,1
34627774458,1
34627777455,1
34627779752,1
34627779771,1
34627787530,1
34627807085,1
34627807838,1
34627815995,1
34627828182,1
34627835962,1
34627841652,1
34627844427,1
34627856081,1
34627866694,1
34627873982,1
34627897769,1
34627907025,1
34627924564,1
34627931890,1
34627940702,1
34627955152,1
34627955749,1
34627979182,1
34627992211,1
34627994209,1
34627994391,1
34627994392,1
34627994456,1
34627994525,1
34627995584,1
34627995621,1
34627995622,1
34627995948,1
34627995979,1
34627996437,1
34627997059,1
34628054317,1
34628070376,1
34628073515,1
34628095321,1
34628109351,1
34628120311,1
34628125543,1
34628139564,1
34628157219,1
34628165247,1
34628171023,1
34628200052,1
34628200255,1
34628200259,1
34628200404,1
34628200639,1
34628203687,1
34628205060,1
34628205609,1
34628206155,1
34628210515,1
34628215197,1
34628219228,1
34628221055,1
34628221197,1
34628221886,1
34628223767,1
34628223796,1
34628224101,1
34628226448,1
34628227866,1
34628228160,1
34628230238,1
34628234731,1
34628244148,1
34628280070,1
34628285194,1
34628289770,1
34628312949,1
34628343360,1
34628344844,1
34628363844,1
34628379883,1
34628400309,1
34628410231,1
34628415169,1
34628419115,1
34628461778,1
34628461779,1
34628467816,1
34628470368,1
34628472393,1
34628548869,1
34628552236,1
34628565756,1
34628572146,1
34628573671,1
34628575561,1
34628580585,1
34628581259,1
34628619496,1
34628641245,1
34628660071,1
34628660376,1
34628660378,1
34628660406,1
34628660807,1
34628661624,1
34628661694,1
34628662691,1
34628662800,1
34628662802,1
34628663100,1
34628663141,1
34628663144,1
34628663547,1
34628663861,1
34628663864,1
34628665287,1
34628670268,1
34628681787,1
34628689001,1
34628694074,1
34628717801,1
34628729321,1
34628747371,1
34628751692,1
34628776937,1
34628801555,1
34628812024,1
34628826214,1
34628828346,1
34628848892,1
34628852882,1
34628883530,1
34628906245,1
34628925258,1
34628983836,1
34628983946,1
34628984239,1
34628984881,1
34628986513,1
34628987090,1
34628987135,1
34628987143,1
34628987600,1
34628991467,1
34629012126,1
34629015259,1
34629020940,1
34629022202,1
34629026416,1
34629031130,1
34629048959,1
34629060177,1
34629069291,1
34629076007,1
34629076301,1
34629077004,1
34629079825,1
34629085515,1
34629099921,1
34629111879,1
34629127308,1
34629130967,1
34629132752,1
34629138026,1
34629139116,1
34629149374,1
34629166699,1
34629168399,1
34629184447,1
34629186709,1
34629212299,1
34629213215,1
34629220842,1
34629226088,1
34629230425,1
34629258935,1
34629271129,1
34629276354,1
34629287429,1
34629287432,1
34629289605,1
34629292402,1
34629302103,1
34629320241,1
34629320519,1
34629321584,1
34629344663,1
34629344893,1
34629351552,1
34629360272,1
34629360278,1
34629360281,1
34629360692,1
34629401149,1
34629406245,1
34629412277,1
34629414450,1
34629419164,1
34629450704,1
34629460337,1
34629461883,1
34629464626,1
34629466269,1
34629469613,1
34629475696,1
34629481611,1
34629491914,1
34629501220,1
34629510813,1
34629515872,1
34629523966,1
34629535414,1
34629539998,1
34629543257,1
34629547105,1
34629564470,1
34629583474,1
34629584514,1
34629588435,1
34629591649,1
34629594683,1
34629601214,1
34629611889,1
34629614256,1
34629634447,1
34629643066,1
34629650634,1
34629652034,1
34629652134,1
34629663538,1
34629679241,1
34629688291,1
34629690819,1
34629711590,1
34629718912,1
34629729455,1
34629729720,1
34629730181,1
34629730182,1
34629730189,1
34629730245,1
34629738663,1
34629750505,1
34629756726,1
34629757570,1
34629757939,1
34629770770,1
34629776163,1
34629776484,1
34629782914,1
34629783723,1
34629787155,1
34629787376,1
34629797144,1
34629803535,1
34629822211,1
34629848036,1
34629859453,1
34629871695,1
34629877782,1
34629884163,1
34629890683,1
34629917267,1
34629935650,1
34629937716,1
34629951262,1
34629954595,1
34629957309,1
34629985740,1
34629994566,1
34630000969,1
34630002110,1
34630005215,1
34630012300,1
34630020594,1
34630032235,1
34630033762,1
34630055959,1
34630072984,1
34630099923,1
34630109477,1
34630151081,1
34630152388,1
34630157575,1
34630166938,1
34630184876,1
34630188980,1
34630199006,1
34630201990,1
34630235767,1
34630238816,1
34630251971,1
34630261553,1
34630275377,1
34630300001,1
34630300009,1
34630300052,1
34630300076,1
34630300080,1
34630300088,1
34630300238,1
34630300271,1
34630300279,1
34630300510,1
34630301222,1
34630302010,1
34630302099,1
34630303019,1
34630303063,1
34630303175,1
34630303209,1
34630303304,1
34630303644,1
34630303699,1
34630305103,1
34630305266,1
34630305313,1
34630305485,1
34630305513,1
34630305559,1
34630305621,1
34630306046,1
34630306136,1
34630306147,1
34630306333,1
34630306356,1
34630306411,1
34630306418,1
34630306706,1
34630308431,1
34630309170,1
34630324578,1
34630335170,1
34630359355,1
34630363079,1
34630364408,1
34630365006,1
34630373587,1
34630387018,1
34630430956,1
34630434200,1
34630438157,1
34630440537,1
34630451438,1
34630490489,1
34630494048,1
34630502082,1
34630502799,1
34630533339,1
34630561529,1
34630616734,1
34630620033,1
34630628787,1
34630630187,1
34630643390,1
34630693452,1
34630730011,1
34630735597,1
34630739520,1
34630747284,1
34630750603,1
34630767588,1
34630770259,1
34630774772,1
34630803045,1
34630805894,1
34630840932,1
34630854019,1
34630854115,1
34630916244,1
34630918416,1
34630924359,1
34630926605,1
34630936547,1
34630962136,1
34630977024,1
34630977036,1
34630980441,1
34630983110,1
34630983159,1
34630983165,1
34630985019,1
34630988148,1
34630988165,1
34631007837,1
34631018057,1
34631050464,1
34631050598,1
34631051207,1
34631051260,1
34631051269,1
34631063614,1
34631065607,1
34631070034,1
34631103211,1
34631112960,1
34631112970,1
34631134574,1
34631157316,1
34631173907,1
34631193794,1
34631198851,1
34631206403,1
34631208394,1
34631209842,1
34631219536,1
34631222935,1
34631242841,1
34631242955,1
34631266735,1
34631274817,1
34631276973,1
34631295064,1
34631295150,1
34631307390,1
34631307446,1
34631326962,1
34631326963,1
34631328180,1
34631344189,1
34631344195,1
34631344453,1
34631381460,1
34631383796,1
34631404955,1
34631408805,1
34631415390,1
34631418886,1
34631424475,1
34631424899,1
34631427652,1
34631430853,1
34631431431,1
34631446536,1
34631448204,1
34631451568,1
34631451933,1
34631452120,1
34631456387,1
34631487758,1
34631489937,1
34631577316,1
34631588003,1
34631589649,1
34631598673,1
34631613057,1
34631637185,1
34631655054,1
34631662081,1
34631672134,1
34631673712,1
34631730441,1
34631749544,1
34631767407,1
34631781888,1
34631785416,1
34631788145,1
34631798140,1
34631807664,1
34631820490,1
34631822943,1
34631852038,1
34631863765,1
34631878453,1
34631900474,1
34631918492,1
34631926475,1
34631939568,1
34631959734,1
34631970011,1
34631972818,1
34632032424,1
34632038921,1
34632060088,1
34632062971,1
34632075179,1
34632089194,1
34632095093,1
34632103808,1
34632132477,1
34632136791,1
34632140417,1
34632144404,1
34632152907,1
34632165066,1
34632173093,1
34632181420,1
34632190474,1
34632220289,1
34632223345,1
34632224464,1
34632227280,1
34632229884,1
34632242489,1
34632242492,1
34632249505,1
34632253045,1
34632255109,1
34632258992,1
34632289645,1
34632297756,1
34632305693,1
34632312600,1
34632316731,1
34632331758,1
34632338399,1
34632342255,1
34632347796,1
34632347835,1
34632347897,1
34632347926,1
34632347937,1
34632387461,1
34632390468,1
34632404744,1
34632425005,1
34632428579,1
34632432305,1
34632473022,1
34632475979,1
34632478213,1
34632488487,1
34632490021,1
34632511010,1
34632512030,1
34632534582,1
34632547289,1
34632549845,1
34632551914,1
34632577223,1
34632600797,1
34632605173,1
34632633935,1
34632671452,1
34632681677,1
34632686746,1
34632736800,1
34632738843,1
34632738982,1
34632748668,1
34632826200,1
34632826382,1
34632830658,1
34632859993,1
34632866040,1
34632867664,1
34632881310,1
34632900907,1
34632904792,1
34632920282,1
34632920896,1
34632925898,1
34632928577,1
34632930357,1
34632939026,1
34632944522,1
34632946149,1
34632959359,1
34632971455,1
34632988116,1
34633036994,1
34633070783,1
34633078255,1
34633103690,1
34633123280,1
34633189659,1
34633207393,1
34633223001,1
34633236621,1
34633241658,1
34633242242,1
34633242753,1
34633244947,1
34633245162,1
34633245298,1
34633245525,1
34633245646,1
34633245647,1
34633245648,1
34633245651,1
34633245659,1
34633265553,1
34633274449,1
34633276212,1
34633276372,1
34633279102,1
34633279105,1
34633279214,1
34633287723,1
34633293220,1
34633300603,1
34633322051,1
34633330829,1
34633343420,1
34633345800,1
34633352532,1
34633358960,1
34633380737,1
34633389361,1
34633402683,1
34633404330,1
34633409544,1
34633410648,1
34633416634,1
34633419579,1
34633420290,1
34633457088,1
34633458152,1
34633471779,1
34633472737,1
34633474322,1
34633480120,1
34633486504,1
34633494459,1
34633536242,1
34633542610,1
34633544762,1
34633548872,1
34633560886,1
34633586640,1
34633598878,1
34633603544,1
34633608580,1
34633617229,1
34633617845,1
34633621345,1
34633633556,1
34633633633,1
34633656797,1
34633692373,1
34633693427,1
34633713040,1
34633722004,1
34633740935,1
34633749499,1
34633766916,1
34633779689,1
34633783196,1
34633784435,1
34633786231,1
34633793812,1
34633797851,1
34633804472,1
34633807690,1
34633820918,1
34633829172,1
34633831195,1
34633834927,1
34633843240,1
34633850918,1
34633853690,1
34633854994,1
34633882354,1
34633886445,1
34633892044,1
34633895936,1
34633903681,1
34633928889,1
34633939729,1
34633941754,1
34633942031,1
34633950425,1
34633953003,1
34633959813,1
34633968669,1
34633994166,1
34633994219,1
34633994290,1
34634001078,1
34634004320,1
34634005319,1
34634009938,1
34634018617,1
34634025673,1
34634031739,1
34634034685,1
34634035174,1
34634036768,1
34634036988,1
34634045750,1
34634056318,1
34634078516,1
34634083485,1
34634088755,1
34634097295,1
34634101541,1
34634104955,1
34634120858,1
34634121160,1
34634135142,1
34634138964,1
34634154148,1
34634154366,1
34634162502,1
34634181915,1
34634189470,1
34634189478,1
34634192477,1
34634194212,1
34634196148,1
34634196966,1
34634201929,1
34634213166,1
34634217230,1
34634220666,1
34634223425,1
34634228275,1
34634244558,1
34634247382,1
34634298707,1
34634310566,1
34634329132,1
34634370802,1
34634372950,1
34634378297,1
34634379027,1
34634383736,1
34634402353,1
34634407182,1
34634442610,1
34634470507,1
34634497960,1
34634499329,1
34634518722,1
34634527622,1
34634534696,1
34634534754,1
34634654714,1
34634668926,1
34634669648,1
34634673123,1
34634678387,1
34634680492,1
34634694309,1
34634713897,1
34634734557,1
34634734989,1
34634735036,1
34634736400,1
34634738483,1
34634738559,1
34634738943,1
34634738950,1
34634738955,1
34634750701,1
34634751092,1
34634753402,1
34634795176,1
34634795718,1
34634837256,1
34634838142,1
34634865889,1
34634870114,1
34634876688,1
34634881693,1
34634894308,1
34634900081,1
34634910208,1
34634921698,1
34634957841,1
34634979049,1
34634982620,1
34635015184,1
34635018004,1
34635019322,1
34635020682,1
34635056382,1
34635059479,1
34635060343,1
34635080103,1
34635082892,1
34635084896,1
34635087450,1
34635092044,1
34635097420,1
34635103217,1
34635105880,1
34635114135,1
34635122193,1
34635127612,1
34635152843,1
34635158921,1
34635172613,1
34635177521,1
34635237491,1
34635241684,1
34635246277,1
34635265372,1
34635277364,1
34635279069,1
34635279447,1
34635311520,1
34635311521,1
34635311524,1
34635313340,1
34635316227,1
34635332032,1
34635358551,1
34635362989,1
34635370799,1
34635371871,1
34635376264,1
34635377621,1
34635379335,1
34635381232,1
34635410004,1
34635413895,1
34635422135,1
34635422943,1
34635437750,1
34635438720,1
34635440016,1
34635440304,1
34635441892,1
34635451259,1
34635451907,1
34635459996,1
34635480646,1
34635484254,1
34635488328,1
34635492363,1
34635494336,1
34635500182,1
34635520615,1
34635528662,1
34635530154,1
34635557683,1
34635560440,1
34635560537,1
34635575155,1
34635575769,1
34635592687,1
34635601594,1
34635604331,1
34635607229,1
34635614171,1
34635622848,1
34635648277,1
34635648354,1
34635650138,1
34635669734,1
34635669737,1
34635689168,1
34635693186,1
34635702507,1
34635725753,1
34635743946,1
34635758849,1
34635781178,1
34635786217,1
34635804398,1
34635806857,1
34635810209,1
34635811248,1
34635816131,1
34635816158,1
34635816983,1
34635817040,1
34635820093,1
34635820339,1
34635822169,1
34635826286,1
34635830743,1
34635834433,1
34635861610,1
34635872694,1
34635887426,1
34635890848,1
34635908106,1
34635908108,1
34635920050,1
34635923609,1
34635941052,1
34635941137,1
34635941188,1
34635941874,1
34635948195,1
34635949470,1
34635959055,1
34635987004,1
34636010131,1
34636018490,1
34636036808,1
34636086794,1
34636089408,1
34636122188,1
34636132280,1
34636133906,1
34636144168,1
34636154280,1
34636162693,1
34636172908,1
34636173463,1
34636185449,1
34636192103,1
34636197975,1
34636201361,1
34636203601,1
34636207945,1
34636212014,1
34636216307,1
34636219388,1
34636243767,1
34636253887,1
34636266647,1
34636273204,1
34636279720,1
34636285306,1
34636288608,1
34636292555,1
34636306679,1
34636306761,1
34636325730,1
34636327727,1
34636339776,1
34636363123,1
34636363242,1
34636369478,1
34636381064,1
34636381528,1
34636384987,1
34636388398,1
34636388679,1
34636390901,1
34636397676,1
34636409556,1
34636410995,1
34636416208,1
34636419693,1
34636422076,1
34636446582,1
34636447202,1
34636451929,1
34636457473,1
34636468846,1
34636473909,1
34636493966,1
34636509183,1
34636523070,1
34636530346,1
34636531528,1
34636534346,1
34636543465,1
34636572682,1
34636576929,1
34636584397,1
34636611217,1
34636628012,1
34636628339,1
34636637099,1
34636638194,1
34636654574,1
34636668494,1
34636690871,1
34636694461,1
34636710820,1
34636719333,1
34636722121,1
34636724878,1
34636727305,1
34636731105,1
34636734989,1
34636738328,1
34636740549,1
34636742910,1
34636763989,1
34636772156,1
34636775022,1
34636777783,1
34636798464,1
34636799560,1
34636799625,1
34636801516,1
34636810576,1
34636813937,1
34636815563,1
34636815937,1
34636816887,1
34636816947,1
34636817265,1
34636819647,1
34636819766,1
34636822969,1
34636838693,1
34636863309,1
34636873329,1
34636888410,1
34636901814,1
34636909492,1
34636913857,1
34636914171,1
34636916758,1
34636922395,1
34636922778,1
34636930878,1
34636939413,1
34636951786,1
34636960730,1
34636972480,1
34636975712,1
34636976182,1
34636978190,1
34636979494,1
34636995776,1
34636996134,1
34636996351,1
34637002557,1
34637005423,1
34637010001,1
34637035361,1
34637047548,1
34637051301,1
34637071363,1
34637071406,1
34637087436,1
34637095500,1
34637108175,1
34637110350,1
34637127842,1
34637130242,1
34637137317,1
34637147280,1
34637159455,1
34637160227,1
34637166473,1
34637187973,1
34637196982,1
34637202750,1
34637235921,1
34637251134,1
34637262017,1
34637304015,1
34637305479,1
34637305927,1
34637305928,1
34637305929,1
34637308017,1
34637319487,1
34637334589,1
34637337813,1
34637338303,1
34637347697,1
34637349955,1
34637351745,1
34637354221,1
34637354288,1
34637357154,1
34637361281,1
34637369303,1
34637388219,1
34637388660,1
34637424819,1
34637445242,1
34637457850,1
34637470767,1
34637498573,1
34637502816,1
34637507280,1
34637507982,1
34637542117,1
34637556882,1
34637560497,1
34637574196,1
34637574778,1
34637585243,1
34637600024,1
34637638781,1
34637651058,1
34637662858,1
34637678535,1
34637705461,1
34637711437,1
34637713960,1
34637718676,1
34637729394,1
34637729399,1
34637733218,1
34637733896,1
34637736036,1
34637742841,1
34637794212,1
34637802657,1
34637805818,1
34637805845,1
34637806600,1
34637806644,1
34637806900,1
34637817931,1
34637832095,1
34637845157,1
34637892346,1
34637894851,1
34637895266,1
34637896201,1
34637899493,1
34637907523,1
34637923772,1
34637932968,1
34637942560,1
34637966310,1
34638040689,1
34638045159,1
34638066705,1
34638118831,1
34638140537,1
34638148361,1
34638167424,1
34638179715,1
34638187902,1
34638190060,1
34638196021,1
34638199834,1
34638199866,1
34638199960,1
34638199977,1
34638200015,1
34638200212,1
34638223995,1
34638236848,1
34638247368,1
34638257850,1
34638286242,1
34638288488,1
34638299221,1
34638328691,1
34638341743,1
34638360281,1
34638363811,1
34638367587,1
34638380221,1
34638382695,1
34638405281,1
34638413320,1
34638426116,1
34638428518,1
34638435230,1
34638444016,1
34638444139,1
34638444140,1
34638444144,1
34638444218,1
34638444254,1
34638444428,1
34638444745,1
34638444755,1
34638479197,1
34638486321,1
34638490790,1
34638490796,1
34638490972,1
34638491381,1
34638491435,1
34638491442,1
34638492198,1
34638492253,1
34638494055,1
34638548236,1
34638552800,1
34638560647,1
34638578219,1
34638585889,1
34638600885,1
34638601452,1
34638603754,1
34638607604,1
34638609169,1
34638644633,1
34638645070,1
34638649936,1
34638652614,1
34638654235,1
34638657119,1
34638663960,1
34638665875,1
34638708085,1
34638712003,1
34638728883,1
34638730214,1
34638742294,1
34638745054,1
34638775831,1
34638786016,1
34638794212,1
34638829449,1
34638834847,1
34638852503,1
34638854657,1
34638859632,1
34638913362,1
34638955949,1
34638961658,1
34639062122,1
34639066034,1
34639096715,1
34639102842,1
34639112927,1
34639114577,1
34639142765,1
34639164473,1
34639196997,1
34639201999,1
34639204325,1
34639208225,1
34639222127,1
34639240294,1
34639240663,1
34639244278,1
34639245072,1
34639251364,1
34639254545,1
34639258695,1
34639268560,1
34639273938,1
34639287622,1
34639300531,1
34639300535,1
34639300563,1
34639304944,1
34639306728,1
34639324995,1
34639338124,1
34639343832,1
34639351239,1
34639354593,1
34639357469,1
34639358946,1
34639368556,1
34639372139,1
34639377894,1
34639379866,1
34639384901,1
34639385258,1
34639411821,1
34639415791,1
34639419396,1
34639428153,1
34639442245,1
34639463916,1
34639472171,1
34639483667,1
34639494125,1
34639505561,1
34639509758,1
34639515709,1
34639520619,1
34639542316,1
34639559506,1
34639568667,1
34639585412,1
34639592034,1
34639612600,1
34639626874,1
34639639600,1
34639645160,1
34639645162,1
34639656565,1
34639656647,1
34639661614,1
34639665339,1
34639667520,1
34639670252,1
34639700724,1
34639703056,1
34639707310,1
34639711205,1
34639711945,1
34639714270,1
34639720359,1
34639722432,1
34639745105,1
34639752255,1
34639754637,1
34639755106,1
34639757547,1
34639769927,1
34639772821,1
34639810198,1
34639810224,1
34639825247,1
34639848486,1
34639896701,1
34639903690,1
34639904979,1
34639936506,1
34639977367,1
34639984801,1
34639990000,1
34639991400,1
34640001216,1
34640008514,1
34640008619,1
34640008620,1
34640008634,1
34640008644,1
34640008694,1
34640008700,1
34640008701,1
34640008702,1
34640008704,1
34640008716,1
34640008718,1
34640008719,1
34640008723,1
34640008732,1
34640008735,1
34640008738,1
34640008754,1
34640008756,1
34640008757,1
34640008758,1
34640008996,1
34640010016,1
34640010019,1
34640010034,1
34640010055,1
34640010163,1
34640010168,1
34640010172,1
34640010177,1
34640010178,1
34640010210,1
34640010217,1
34640010225,1
34640010234,1
34640010237,1
34640010251,1
34640010261,1
34640010275,1
34640010277,1
34640010283,1
34640010287,1
34640010324,1
34640010332,1
34640010335,1
34640010340,1
34640010341,1
34640010352,1
34640010359,1
34640010364,1
34640010368,1
34640010371,1
34640010374,1
34640010375,1
34640010378,1
34640010397,1
34640010403,1
34640010405,1
34640010406,1
34640010412,1
34640010419,1
34640010425,1
34640010428,1
34640010430,1
34640010431,1
34640010432,1
34640010436,1
34640010442,1
34640010445,1
34640010446,1
34640010448,1
34640010453,1
34640010454,1
34640010457,1
34640010458,1
34640010465,1
34640010472,1
34640010484,1
34640010489,1
34640010504,1
34640010507,1
34640010519,1
34640010542,1
34640010546,1
34640010548,1
34640010549,1
34640010553,1
34640010554,1
34640010556,1
34640010570,1
34640010571,1
34640010578,1
34640010580,1
34640010588,1
34640010591,1
34640010593,1
34640010597,1
34640010599,1
34640010638,1
34640010664,1
34640012017,1
34640012019,1
34640012024,1
34640012043,1
34640012124,1
34640012134,1
34640012137,1
34640012143,1
34640012144,1
34640012146,1
34640012147,1
34640012148,1
34640012149,1
34640012225,1
34640012322,1
34640012323,1
34640012327,1
34640012440,1
34640012848,1
34640012849,1
34640012860,1
34640012886,1
34640012903,1
34640012926,1
34640012928,1
34640013135,1
34640013310,1
34640013576,1
34640013883,1
34640014004,1
34640014011,1
34640014015,1
34640014024,1
34640014030,1
34640014043,1
34640014045,1
34640014048,1
34640014102,1
34640014121,1
34640014133,1
34640014223,1
34640014232,1
34640014289,1
34640014337,1
34640014338,1
34640014423,1
34640014476,1
34640014477,1
34640014502,1
34640014503,1
34640014504,1
34640014508,1
34640014509,1
34640014525,1
34640014547,1
34640014602,1
34640014610,1
34640014615,1
34640014616,1
34640014626,1
34640014739,1
34640014794,1
34640082619,1
34640100110,1
34640100119,1
34640113142,1
34640124970,1
34640124972,1
34640172741,1
34640179547,1
34640183521,1
34640185982,1
34640195831,1
34640211460,1
34640246831,1
34640266805,1
34640288489,1
34640294774,1
34640361345,1
34640391993,1
34640392014,1
34640501825,1
34640520393,1
34640528504,1
34640530526,1
34640553113,1
34640553398,1
34640580439,1
34640619030,1
34640652760,1
34640704323,1
34640827343,1
34640861232,1
34640862769,1
34640884079,1
34640915718,1
34640942258,1
34641006930,1
34641014415,1
34641020756,1
34641045318,1
34641048277,1
34641052072,1
34641062072,1
34641076284,1
34641087874,1
34641147563,1
34641175217,1
34641176883,1
34641220059,1
34641248044,1
34641250847,1
34641250910,1
34641275314,1
34641292173,1
34641316276,1
34641320449,1
34641327158,1
34641343917,1
34641362118,1
34641363108,1
34641378099,1
34641379742,1
34641384546,1
34641390396,1
34641390409,1
34641417413,1
34641434506,1
34641439208,1
34641469486,1
34641504557,1
34641537621,1
34641557255,1
34641569312,1
34641569325,1
34641569864,1
34641577028,1
34641599883,1
34641600869,1
34641600916,1
34641616457,1
34641624040,1
34641633466,1
34641666189,1
34641692052,1
34641712152,1
34641716250,1
34641719877,1
34641737021,1
34641741230,1
34641759416,1
34641785339,1
34641808208,1
34641849409,1
34641862454,1
34641868766,1
34641893568,1
34641895068,1
34641917184,1
34641926134,1
34641951187,1
34642037098,1
34642039302,1
34642041104,1
34642046768,1
34642049202,1
34642056718,1
34642060242,1
34642072733,1
34642138736,1
34642162832,1
34642186507,1
34642218644,1
34642219129,1
34642219199,1
34642237939,1
34642240587,1
34642264624,1
34642280227,1
34642312703,1
34642350916,1
34642357249,1
34642359938,1
34642362755,1
34642362887,1
34642364905,1
34642365352,1
34642365400,1
34642368411,1
34642372833,1
34642376296,1
34642391564,1
34642419185,1
34642436033,1
34642436034,1
34642452006,1
34642452191,1
34642471768,1
34642474080,1
34642520594,1
34642549754,1
34642555189,1
34642565914,1
34642567057,1
34642567934,1
34642569333,1
34642570603,1
34642575367,1
34642587550,1
34642596912,1
34642635951,1
34642645951,1
34642686499,1
34642692450,1
34642697679,1
34642705686,1
34642708212,1
34642710291,1
34642726600,1
34642728019,1
34642730815,1
34642741435,1
34642754728,1
34642773991,1
34642783573,1
34642796463,1
34642822312,1
34642822319,1
34642834805,1
34642845665,1
34642886396,1
34642890597,1
34642895412,1
34642904984,1
34642925200,1
34642928372,1
34642963270,1
34642998302,1
34643038139,1
34643041053,1
34643043547,1
34643054674,1
34643060703,1
34643063247,1
34643069129,1
34643074733,1
34643080034,1
34643106463,1
34643111950,1
34643141335,1
34643143779,1
34643172432,1
34643191760,1
34643192023,1
34643214225,1
34643214383,1
34643222193,1
34643256734,1
34643300065,1
34643305003,1
34643319090,1
34643322026,1
34643345293,1
34643347899,1
34643369241,1
34643373641,1
34643385295,1
34643399908,1
34643404412,1
34643415295,1
34643416692,1
34643419491,1
34643420955,1
34643433787,1
34643435070,1
34643441394,1
34643450519,1
34643450997,1
34643468424,1
34643474321,1
34643498698,1
34643511787,1
34643528610,1
34643537770,1
34643543430,1
34643594447,1
34643612683,1
34643685241,1
34643699090,1
34643699460,1
34643716708,1
34643719242,1
34643731757,1
34643741040,1
34643774312,1
34643776353,1
34643778678,1
34643795792,1
34643806108,1
34643807512,1
34643808358,1
34643867125,1
34643868842,1
34643879236,1
34643890330,1
34643895234,1
34643910232,1
34643910237,1
34643919257,1
34643924373,1
34643925915,1
34643935982,1
34643946462,1
34643972716,1
34643980174,1
34643986079,1
34644014312,1
34644024385,1
34644032270,1
34644039570,1
34644063070,1
34644070860,1
34644090778,1
34644100121,1
34644131541,1
34644136551,1
34644169845,1
34644192551,1
34644216053,1
34644220600,1
34644222222,1
34644265954,1
34644339906,1
34644348167,1
34644349890,1
34644349893,1
34644349915,1
34644375252,1
34644375271,1
34644375919,1
34644376236,1
34644376584,1
34644376620,1
34644390725,1
34644408477,1
34644411295,1
34644417521,1
34644418237,1
34644421024,1
34644449499,1
34644462522,1
34644530451,1
34644545494,1
34644563887,1
34644566906,1
34644600586,1
34644620819,1
34644686891,1
34644737322,1
34644746224,1
34644759947,1
34644788093,1
34644834252,1
34644843718,1
34644849534,1
34644869546,1
34644871672,1
34644879836,1
34644890878,1
34644930210,1
34644934929,1
34644969377,1
34644975036,1
34644979518,1
34644981040,1
34645007039,1
34645008830,1
34645044037,1
34645044332,1
34645051978,1
34645053220,1
34645073166,1
34645076416,1
34645081521,1
34645086602,1
34645091684,1
34645093270,1
34645104132,1
34645109925,1
34645112906,1
34645113918,1
34645118442,1
34645118792,1
34645121059,1
34645123519,1
34645124773,1
34645161274,1
34645162144,1
34645181002,1
34645185499,1
34645186709,1
34645198262,1
34645198592,1
34645199024,1
34645217235,1
34645219967,1
34645222452,1
34645224123,1
34645225500,1
34645231884,1
34645238975,1
34645250255,1
34645253625,1
34645254600,1
34645267260,1
34645285862,1
34645287749,1
34645289497,1
34645293653,1
34645316480,1
34645320056,1
34645320563,1
34645333272,1
34645356509,1
34645359966,1
34645366071,1
34645370585,1
34645371009,1
34645373284,1
34645376308,1
34645387550,1
34645389241,1
34645395413,1
34645397466,1
34645405394,1
34645428594,1
34645430693,1
34645441226,1
34645464798,1
34645495270,1
34645519983,1
34645519989,1
34645520019,1
34645520068,1
34645520110,1
34645520113,1
34645520130,1
34645520233,1
34645520241,1
34645520285,1
34645520286,1
34645520451,1
34645522132,1
34645534624,1
34645539709,1
34645602612,1
34645602619,1
34645602974,1
34645604160,1
34645604163,1
34645604164,1
34645604556,1
34645604801,1
34645605928,1
34645606710,1
34645606985,1
34645610049,1
34645619998,1
34645621768,1
34645621853,1
34645636939,1
34645639193,1
34645658946,1
34645668429,1
34645678874,1
34645679268,1
34645690833,1
34645692702,1
34645698519,1
34645702600,1
34645702602,1
34645702630,1
34645702631,1
34645702634,1
34645705183,1
34645713119,1
34645731934,1
34645743861,1
34645757307,1
34645759845,1
34645772257,1
34645787492,1
34645800006,1
34645818419,1
34645826854,1
34645834399,1
34645840372,1
34645842528,1
34645848974,1
34645849849,1
34645860143,1
34645861101,1
34645868121,1
34645868349,1
34645877439,1
34645897492,1
34645905648,1
34645905746,1
34645915963,1
34645916486,1
34645917111,1
34645926775,1
34645929296,1
34645931764,1
34645957639,1
34645972295,1
34645979727,1
34645983165,1
34645993236,1
34645997388,1
34646005137,1
34646006014,1
34646014829,1
34646042889,1
34646043386,1
34646050634,1
34646066214,1
34646096066,1
34646100158,1
34646118803,1
34646128224,1
34646156089,1
34646157882,1
34646159970,1
34646175259,1
34646184603,1
34646191605,1
34646211557,1
34646212612,1
34646213312,1
34646213621,1
34646213844,1
34646214090,1
34646214605,1
34646216701,1
34646216871,1
34646217130,1
34646221864,1
34646233756,1
34646244576,1
34646247233,1
34646248933,1
34646257530,1
34646259471,1
34646265159,1
34646281531,1
34646314953,1
34646322391,1
34646322836,1
34646335382,1
34646337239,1
34646339862,1
34646352582,1
34646352609,1
34646370843,1
34646371484,1
34646380258,1
34646398788,1
34646401559,1
34646414523,1
34646435471,1
34646475434,1
34646475445,1
34646482650,1
34646490081,1
34646493499,1
34646510408,1
34646515834,1
34646518527,1
34646530655,1
34646539131,1
34646540536,1
34646548058,1
34646555114,1
34646579887,1
34646588466,1
34646599739,1
34646602097,1
34646623883,1
34646631218,1
34646631687,1
34646641082,1
34646656182,1
34646656187,1
34646656851,1
34646662603,1
34646679155,1
34646684455,1
34646709073,1
34646712426,1
34646714236,1
34646715934,1
34646736118,1
34646757739,1
34646778133,1
34646809785,1
34646810379,1
34646825144,1
34646834235,1
34646834491,1
34646842828,1
34646842829,1
34646842830,1
34646866647,1
34646867295,1
34646868278,1
34646881166,1
34646885977,1
34646886434,1
34646894683,1
34646906873,1
34646931907,1
34646934244,1
34646949216,1
34646951502,1
34646960048,1
34646981598,1
34646986175,1
34647021812,1
34647026223,1
34647028221,1
34647089768,1
34647132029,1
34647153741,1
34647202428,1
34647224210,1
34647229944,1
34647233715,1
34647235124,1
34647235132,1
34647244608,1
34647271338,1
34647273885,1
34647276833,1
34647286053,1
34647288018,1
34647291567,1
34647291819,1
34647296872,1
34647338114,1
34647359847,1
34647384767,1
34647406125,1
34647408554,1
34647409404,1
34647415517,1
34647440181,1
34647440708,1
34647446342,1
34647483209,1
34647483866,1
34647492026,1
34647494004,1
34647498005,1
34647503527,1
34647507672,1
34647510200,1
34647526220,1
34647529505,1
34647545641,1
34647557260,1
34647558435,1
34647567235,1
34647571067,1
34647586947,1
34647593013,1
34647599953,1
34647619162,1
34647629459,1
34647646768,1
34647659764,1
34647663100,1
34647676420,1
34647676475,1
34647677000,1
34647682313,1
34647694564,1
34647704229,1
34647708321,1
34647719475,1
34647721958,1
34647734636,1
34647735328,1
34647738168,1
34647739206,1
34647754159,1
34647754395,1
34647754810,1
34647769357,1
34647770830,1
34647798171,1
34647806277,1
34647809908,1
34647823339,1
34647840559,1
34647841486,1
34647864259,1
34647878442,1
34647878904,1
34647891511,1
34647895353,1
34647902554,1
34647918238,1
34647924808,1
34647948056,1
34647948985,1
34647961096,1
34647970037,1
34647971720,1
34647972849,1
34647975445,1
34648005088,1
34648090875,1
34648091096,1
34648091097,1
34648091098,1
34648100232,1
34648118964,1
34648121783,1
34648168800,1
34648190665,1
34648204531,1
34648223494,1
34648228072,1
34648246971,1
34648252213,1
34648259870,1
34648265404,1
34648276261,1
34648279929,1
34648284441,1
34648287501,1
34648287526,1
34648287537,1
34648287562,1
34648287564,1
34648287565,1
34648287973,1
34648287984,1
34648289425,1
34648290488,1
34648293293,1
34648293495,1
34648293801,1
34648293948,1
34648297649,1
34648300341,1
34648310002,1
34648311212,1
34648316542,1
34648323739,1
34648323981,1
34648334774,1
34648334777,1
34648341055,1
34648373015,1
34648373488,1
34648382564,1
34648403695,1
34648405338,1
34648409288,1
34648463664,1
34648482470,1
34648505796,1
34648517609,1
34648541050,1
34648561626,1
34648597011,1
34648597043,1
34648597060,1
34648597074,1
34648597291,1
34648597327,1
34648601810,1
34648602746,1
34648603383,1
34648605046,1
34648605849,1
34648607914,1
34648607933,1
34648607944,1
34648608570,1
34648610308,1
34648612645,1
34648616704,1
34648617181,1
34648617972,1
34648619388,1
34648621400,1
34648622961,1
34648623817,1
34648623875,1
34648624241,1
34648625319,1
34648626560,1
34648630262,1
34648630980,1
34648632694,1
34648633783,1
34648634607,1
34648634815,1
34648636028,1
34648636238,1
34648637470,1
34648637735,1
34648640691,1
34648646765,1
34648648276,1
34648650140,1
34648650758,1
34648656663,1
34648661234,1
34648661417,1
34648664464,1
34648664596,1
34648664851,1
34648664918,1
34648672198,1
34648693125,1
34648718231,1
34648722866,1
34648747132,1
34648749760,1
34648757869,1
34648779255,1
34648798835,1
34648799310,1
34648839389,1
34648862530,1
34648871945,1
34648901267,1
34648926216,1
34648933539,1
34648953257,1
34648953481,1
34648953489,1
34648954335,1
34648984878,1
34648993497,1
34649023433,1
34649056636,1
34649058969,1
34649071491,1
34649099772,1
34649107483,1
34649111119,1
34649116354,1
34649118233,1
34649129141,1
34649147215,1
34649149374,1
34649149916,1
34649166319,1
34649171269,1
34649200512,1
34649212425,1
34649220666,1
34649230625,1
34649235342,1
34649268739,1
34649271588,1
34649281287,1
34649292048,1
34649292664,1
34649292846,1
34649324390,1
34649353574,1
34649389366,1
34649390550,1
34649394414,1
34649402677,1
34649424778,1
34649426407,1
34649426559,1
34649489300,1
34649493501,1
34649516219,1
34649518371,1
34649524140,1
34649535064,1
34649544308,1
34649550568,1
34649586818,1
34649597287,1
34649599666,1
34649607089,1
34649607433,1
34649623401,1
34649625541,1
34649628513,1
34649637116,1
34649642792,1
34649642933,1
34649660495,1
34649680662,1
34649701577,1
34649714643,1
34649717905,1
34649736039,1
34649747661,1
34649751837,1
34649753461,1
34649809753,1
34649822027,1
34649849903,1
34649851169,1
34649855758,1
34649856900,1
34649861892,1
34649873791,1
34649885142,1
34649889833,1
34649899701,1
34649903981,1
34649905800,1
34649916462,1
34649919722,1
34649920295,1
34649933840,1
34649942082,1
34649944366,1
34649947286,1
34649967307,1
34649968303,1
34649976797,1
34649977717,1
34649987061,1
34649992636,1
34650000036,1
34650012221,1
34650023316,1
34650025615,1
34650046071,1
34650053380,1
34650132360,1
34650156410,1
34650172228,1
34650184371,1
34650210104,1
34650219631,1
34650231795,1
34650244248,1
34650244254,1
34650246467,1
34650254275,1
34650256624,1
34650261549,1
34650270269,1
34650278692,1
34650282150,1
34650297251,1
34650314814,1
34650335762,1
34650361655,1
34650379346,1
34650382843,1
34650384088,1
34650415265,1
34650474777,1
34650476450,1
34650501926,1
34650511033,1
34650540834,1
34650554107,1
34650566603,1
34650570430,1
34650571258,1
34650582729,1
34650590360,1
34650596459,1
34650606825,1
34650612756,1
34650615015,1
34650632462,1
34650640784,1
34650648930,1
34650660535,1
34650691053,1
34650693413,1
34650701129,1
34650713176,1
34650715403,1
34650715764,1
34650715787,1
34650723826,1
34650732297,1
34650734125,1
34650736537,1
34650742918,1
34650745121,1
34650757131,1
34650764145,1
34650775202,1
34650777771,1
34650781371,1
34650795929,1
34650798058,1
34650809625,1
34650822814,1
34650839252,1
34650842017,1
34650845643,1
34650854230,1
34650867947,1
34650873501,1
34650883085,1
34650914001,1
34650936400,1
34650939559,1
34650947456,1
34650951019,1
34650953514,1
34650966023,1
34650979614,1
34650990080,1
34651007607,1
34651010396,1
34651011564,1
34651024794,1
34651032618,1
34651040787,1
34651042845,1
34651066923,1
34651069682,1
34651074661,1
34651079902,1
34651087639,1
34651087786,1
34651088758,1
34651093266,1
34651106501,1
34651112148,1
34651119032,1
34651142520,1
34651180251,1
34651185379,1
34651313482,1
34651317040,1
34651343923,1
34651358443,1
34651367138,1
34651370467,1
34651385286,1
34651390399,1
34651390995,1
34651391263,1
34651391275,1
34651391280,1
34651391385,1
34651391409,1
34651391416,1
34651406352,1
34651408426,1
34651424984,1
34651444870,1
34651447494,1
34651461066,1
34651499017,1
34651499098,1
34651506253,1
34651519646,1
34651534373,1
34651538453,1
34651564315,1
34651579969,1
34651584815,1
34651590997,1
34651594317,1
34651625185,1
34651632166,1
34651634549,1
34651655453,1
34651655605,1
34651655995,1
34651672990,1
34651686097,1
34651695251,1
34651699960,1
34651712880,1
34651712882,1
34651712883,1
34651712884,1
34651712886,1
34651714101,1
34651714108,1
34651717752,1
34651728561,1
34651746232,1
34651752307,1
34651756192,1
34651758762,1
34651759598,1
34651759886,1
34651760060,1
34651761631,1
34651764780,1
34651772672,1
34651772700,1
34651773079,1
34651776362,1
34651779391,1
34651790668,1
34651790695,1
34651790774,1
34651790775,1
34651791061,1
34651791119,1
34651809147,1
34651809560,1
34651821099,1
34651821984,1
34651823499,1
34651828447,1
34651838012,1
34651844897,1
34651848901,1
34651853617,1
34651889538,1
34651920277,1
34651937042,1
34651945622,1
34651977995,1
34651981573,1
34651983742,1
34651987595,1
34651995579,1
34652012547,1
34652035635,1
34652035776,1
34652039352,1
34652041618,1
34652051319,1
34652051885,1
34652067779,1
34652084415,1
34652092222,1
34652110363,1
34652114485,1
34652120007,1
34652122966,1
34652123104,1
34652123413,1
34652123439,1
34652135186,1
34652166993,1
34652188986,1
34652248485,1
34652260249,1
34652280984,1
34652297541,1
34652313225,1
34652316819,1
34652322206,1
34652324686,1
34652331000,1
34652340678,1
34652340938,1
34652341078,1
34652341435,1
34652341523,1
34652343296,1
34652343682,1
34652343871,1
34652349004,1
34652350451,1
34652355691,1
34652369766,1
34652370922,1
34652382049,1
34652384530,1
34652395586,1
34652395663,1
34652395910,1
34652430201,1
34652463822,1
34652490402,1
34652501210,1
34652511336,1
34652516350,1
34652518828,1
34652523666,1
34652528228,1
34652531106,1
34652533698,1
34652561017,1
34652569135,1
34652582215,1
34652593986,1
34652594375,1
34652612641,1
34652614084,1
34652641602,1
34652661602,1
34652662054,1
34652667583,1
34652672521,1
34652703128,1
34652750031,1
34652763843,1
34652765279,1
34652767125,1
34652770510,1
34652773082,1
34652804408,1
34652813676,1
34652881293,1
34652884355,1
34652888502,1
34652888687,1
34652901715,1
34652903727,1
34652908037,1
34652919192,1
34652927699,1
34652933424,1
34652939162,1
34652973965,1
34652986246,1
34652992990,1
34653010915,1
34653031848,1
34653057339,1
34653094808,1
34653148441,1
34653163163,1
34653173386,1
34653176955,1
34653200465,1
34653212320,1
34653242408,1
34653263514,1
34653348341,1
34653393463,1
34653400260,1
34653405229,1
34653428960,1
34653441167,1
34653441269,1
34653452237,1
34653452781,1
34653492363,1
34653497828,1
34653528616,1
34653530078,1
34653537239,1
34653548498,1
34653560943,1
34653566367,1
34653589401,1
34653589461,1
34653589499,1
34653624768,1
34653650038,1
34653672520,1
34653690676,1
34653690915,1
34653691875,1
34653691968,1
34653745292,1
34653751414,1
34653761526,1
34653761711,1
34653761802,1
34653762415,1
34653762426,1
34653762452,1
34653791361,1
34653791386,1
34653791608,1
34653791620,1
34653793607,1
34653800710,1
34653842897,1
34653861445,1
34653871408,1
34653884785,1
34653884978,1
34653886177,1
34653886511,1
34653912523,1
34653917669,1
34653923596,1
34653926088,1
34653930469,1
34653944431,1
34653950810,1
34653977167,1
34653981098,1
34653981430,1
34653991903,1
34654012292,1
34654012542,1
34654014926,1
34654018460,1
34654019145,1
34654020528,1
34654020984,1
34654062470,1
34654067196,1
34654068119,1
34654075529,1
34654075950,1
34654076570,1
34654076800,1
34654083371,1
34654085847,1
34654095044,1
34654095070,1
34654098942,1
34654099571,1
34654100524,1
34654112271,1
34654118885,1
34654120194,1
34654130566,1
34654140743,1
34654140752,1
34654149996,1
34654153483,1
34654164864,1
34654172227,1
34654172569,1
34654176347,1
34654182129,1
34654210767,1
34654227020,1
34654233503,1
34654289059,1
34654304374,1
34654307550,1
34654309255,1
34654319835,1
34654336567,1
34654336683,1
34654342107,1
34654342293,1
34654345463,1
34654345843,1
34654354151,1
34654363833,1
34654372933,1
34654373414,1
34654386629,1
34654403704,1
34654420160,1
34654423979,1
34654436332,1
34654436447,1
34654436688,1
34654441700,1
34654451492,1
34654470931,1
34654477704,1
34654478679,1
34654492705,1
34654494553,1
34654511788,1
34654519331,1
34654520130,1
34654520149,1
34654520293,1
34654520305,1
34654521478,1
34654526567,1
34654534287,1
34654536252,1
34654537782,1
34654569898,1
34654570066,1
34654580096,1
34654585735,1
34654614020,1
34654629441,1
34654647840,1
34654652116,1
34654653394,1
34654653526,1
34654653664,1
34654654445,1
34654654710,1
34654656610,1
34654727878,1
34654732641,1
34654734013,1
34654738887,1
34654740030,1
34654742743,1
34654752612,1
34654758729,1
34654783006,1
34654784211,1
34654784671,1
34654791361,1
34654815660,1
34654817560,1
34654834363,1
34654851674,1
34654851839,1
34654851845,1
34654852042,1
34654852078,1
34654854265,1
34654854700,1
34654880184,1
34654899194,1
34654899215,1
34654899695,1
34654899986,1
34654901008,1
34654935026,1
34654940025,1
34654951542,1
34654972209,1
34654998444,1
34655012960,1
34655017101,1
34655017878,1
34655024856,1
34655033745,1
34655038278,1
34655052873,1
34655060266,1
34655060903,1
34655070250,1
34655085139,1
34655091107,1
34655093771,1
34655115610,1
34655121649,1
34655122123,1
34655125675,1
34655142943,1
34655145928,1
34655154151,1
34655161432,1
34655162360,1
34655166736,1
34655184871,1
34655203271,1
34655215438,1
34655219535,1
34655258590,1
34655262586,1
34655273920,1
34655284587,1
34655286862,1
34655289447,1
34655291962,1
34655300636,1
34655313179,1
34655344502,1
34655345552,1
34655364460,1
34655405046,1
34655416416,1
34655459957,1
34655481899,1
34655533729,1
34655549915,1
34655552920,1
34655555621,1
34655572630,1
34655573191,1
34655577082,1
34655591176,1
34655593085,1
34655595626,1
34655596053,1
34655596740,1
34655597607,1
34655617280,1
34655626203,1
34655626605,1
34655630017,1
34655648790,1
34655648795,1
34655650084,1
34655660079,1
34655666505,1
34655669880,1
34655678152,1
34655679790,1
34655690003,1
34655698300,1
34655704531,1
34655707412,1
34655720458,1
34655722248,1
34655724045,1
34655732426,1
34655738910,1
34655741848,1
34655756098,1
34655757174,1
34655760078,1
34655770809,1
34655774444,1
34655798050,1
34655798855,1
34655832822,1
34655838692,1
34655855623,1
34655860039,1
34655882859,1
34655884978,1
34655895353,1
34655898692,1
34655920927,1
34655953386,1
34655955496,1
34655955995,1
34655959825,1
34655977245,1
34655990022,1
34656121115,1
34656121166,1
34656121811,1
34656122158,1
34656122726,1
34656167578,1
34656189488,1
34656193174,1
34656205006,1
34656205007,1
34656205009,1
34656252485,1
34656268128,1
34656318878,1
34656336657,1
34656344060,1
34656365370,1
34656378671,1
34656380459,1
34656389821,1
34656402715,1
34656402716,1
34656415757,1
34656419527,1
34656434067,1
34656449971,1
34656503407,1
34656505887,1
34656512995,1
34656514897,1
34656525726,1
34656545357,1
34656616609,1
34656636789,1
34656673030,1
34656697889,1
34656698754,1
34656702940,1
34656716126,1
34656740495,1
34656741190,1
34656786177,1
34656786458,1
34656800332,1
34656821515,1
34656838233,1
34656849411,1
34656867313,1
34656873138,1
34656889598,1
34656901014,1
34656908400,1
34656911504,1
34656913379,1
34656914832,1
34656918858,1
34656926141,1
34656937032,1
34656946246,1
34656946995,1
34656949511,1
34656959240,1
34656972315,1
34657008769,1
34657044001,1
34657077304,1
34657125112,1
34657146437,1
34657156666,1
34657194885,1
34657201800,1
34657204431,1
34657211211,1
34657219341,1
34657232678,1
34657255825,1
34657256391,1
34657261862,1
34657262256,1
34657262691,1
34657263679,1
34657281144,1
34657281180,1
34657281204,1
34657281228,1
34657281233,1
34657281300,1
34657281312,1
34657281316,1
34657282042,1
34657282853,1
34657283769,1
34657303126,1
34657323095,1
34657324583,1
34657326543,1
34657328549,1
34657378495,1
34657395261,1
34657422339,1
34657422729,1
34657444810,1
34657451812,1
34657460943,1
34657495124,1
34657495778,1
34657506490,1
34657508342,1
34657510040,1
34657531746,1
34657566588,1
34657588401,1
34657589476,1
34657593594,1
34657593820,1
34657627407,1
34657657877,1
34657671650,1
34657674182,1
34657677735,1
34657678141,1
34657680182,1
34657680235,1
34657689100,1
34657724968,1
34657725605,1
34657725609,1
34657733196,1
34657734212,1
34657750622,1
34657804447,1
34657805698,1
34657807638,1
34657815381,1
34657857901,1
34657889121,1
34657891020,1
34657930922,1
34657930948,1
34657932031,1
34657932804,1
34657935171,1
34657936320,1
34657973630,1
34657978468,1
34658011589,1
34658026187,1
34658029627,1
34658067681,1
34658070258,1
34658078956,1
34658079787,1
34658090463,1
34658090498,1
34658095429,1
34658098864,1
34658111450,1
34658111875,1
34658121240,1
34658121494,1
34658121505,1
34658125907,1
34658126351,1
34658128622,1
34658129608,1
34658129685,1
34658129713,1
34658129866,1
34658168854,1
34658169859,1
34658170420,1
34658173135,1
34658177524,1
34658192380,1
34658192458,1
34658193656,1
34658193921,1
34658194304,1
34658199191,1
34658206169,1
34658271229,1
34658274350,1
34658312136,1
34658317643,1
34658327363,1
34658328112,1
34658328123,1
34658328136,1
34658328206,1
34658328212,1
34658328254,1
34658348358,1
34658356810,1
34658386296,1
34658412082,1
34658413267,1
34658414072,1
34658418685,1
34658422102,1
34658423231,1
34658424301,1
34658424927,1
34658428496,1
34658428534,1
34658428921,1
34658429848,1
34658430151,1
34658433653,1
34658436203,1
34658436692,1
34658437339,1
34658438362,1
34658442622,1
34658444974,1
34658445589,1
34658452288,1
34658452787,1
34658453034,1
34658453217,1
34658453327,1
34658455509,1
34658465452,1
34658467777,1
34658469963,1
34658479145,1
34658484235,1
34658487194,1
34658500659,1
34658502212,1
34658521679,1
34658524371,1
34658528179,1
34658539089,1
34658544776,1
34658554875,1
34658600243,1
34658604395,1
34658607125,1
34658625733,1
34658626043,1
34658628083,1
34658631953,1
34658632915,1
34658673545,1
34658679876,1
34658682916,1
34658690006,1
34658691047,1
34658693914,1
34658703125,1
34658719783,1
34658720520,1
34658761541,1
34658776912,1
34658777658,1
34658805110,1
34658822009,1
34658833517,1
34658840790,1
34658849925,1
34658860016,1
34658877318,1
34658888828,1
34658901890,1
34658902597,1
34658904382,1
34658905347,1
34658906777,1
34658910860,1
34658917537,1
34658921892,1
34658924962,1
34658930592,1
34658932481,1
34658952136,1
34658958324,1
34658972076,1
34658975652,1
34658986094,1
34659017030,1
34659054768,1
34659065730,1
34659096965,1
34659103478,1
34659109167,1
34659114549,1
34659120521,1
34659121192,1
34659121614,1
34659135048,1
34659141235,1
34659141490,1
34659175184,1
34659181586,1
34659186440,1
34659205721,1
34659211634,1
34659220686,1
34659229225,1
34659232046,1
34659271078,1
34659300566,1
34659317804,1
34659325697,1
34659325865,1
34659351683,1
34659364630,1
34659371602,1
34659379217,1
34659384069,1
34659397508,1
34659401286,1
34659410136,1
34659418451,1
34659426257,1
34659445110,1
34659449428,1
34659452412,1
34659454754,1
34659455512,1
34659456135,1
34659460800,1
34659482038,1
34659482650,1
34659520054,1
34659529300,1
34659532351,1
34659532721,1
34659578605,1
34659587167,1
34659632018,1
34659634103,1
34659641427,1
34659644547,1
34659656829,1
34659683700,1
34659701585,1
34659703677,1
34659704410,1
34659767393,1
34659772576,1
34659779020,1
34659781538,1
34659787801,1
34659790825,1
34659807458,1
34659815473,1
34659829415,1
34659862103,1
34659864970,1
34659896482,1
34659942337,1
34659943494,1
34659952511,1
34659969099,1
34659979417,1
34659997570,1
34659997997,1
34660009201,1
34660024401,1
34660039508,1
34660043945,1
34660046345,1
34660048271,1
34660060125,1
34660063783,1
34660078259,1
34660088616,1
34660103589,1
34660121029,1
34660121103,1
34660121122,1
34660129160,1
34660131355,1
34660152571,1
34660163290,1
34660189964,1
34660199594,1
34660229100,1
34660238970,1
34660262655,1
34660325044,1
34660332942,1
34660360082,1
34660376541,1
34660377996,1
34660390390,1
34660396055,1
34660426191,1
34660428116,1
34660446718,1
34660458889,1
34660470960,1
34660478265,1
34660505321,1
34660505510,1
34660512468,1
34660545974,1
34660547985,1
34660557484,1
34660559563,1
34660569536,1
34660569650,1
34660571071,1
34660575177,1
34660639712,1
34660653014,1
34660662304,1
34660670909,1
34660671922,1
34660671928,1
34660671942,1
34660689148,1
34660690920,1
34660708607,1
34660715089,1
34660738506,1
34660763702,1
34660776934,1
34660801980,1
34660804076,1
34660822711,1
34660827790,1
34660838923,1
34660843618,1
34660854527,1
34660855419,1
34660856467,1
34660870551,1
34660890243,1
34660890665,1
34660900471,1
34660911347,1
34660922282,1
34660929240,1
34660929407,1
34660929851,1
34660949303,1
34660979741,1
34660980706,1
34660998453,1
34660998470,1
34660998484,1
34660998504,1
34661000324,1
34661004805,1
34661040295,1
34661056336,1
34661096504,1
34661102051,1
34661137851,1
34661143519,1
34661152312,1
34661157516,1
34661173962,1
34661184464,1
34661189708,1
34661200174,1
34661203999,1
34661221446,1
34661241417,1
34661250103,1
34661256116,1
34661265947,1
34661279747,1
34661285315,1
34661288888,1
34661289842,1
34661337808,1
34661341658,1
34661342963,1
34661351836,1
34661382014,1
34661383408,1
34661389166,1
34661400892,1
34661413024,1
34661413260,1
34661441832,1
34661451453,1
34661455272,1
34661463402,1
34661464746,1
34661477398,1
34661477470,1
34661497801,1
34661497806,1
34661503823,1
34661507269,1
34661514164,1
34661514825,1
34661533877,1
34661540813,1
34661543492,1
34661550890,1
34661552324,1
34661552520,1
34661552521,1
34661552549,1
34661552790,1
34661552859,1
34661553395,1
34661554985,1
34661555400,1
34661557416,1
34661564700,1
34661567559,1
34661593553,1
34661595578,1
34661603290,1
34661612992,1
34661620667,1
34661639363,1
34661644021,1
34661650817,1
34661651539,1
34661662289,1
34661668812,1
34661683678,1
34661710360,1
34661725596,1
34661726178,1
34661742327,1
34661748717,1
34661749629,1
34661755917,1
34661762882,1
34661766799,1
34661791149,1
34661797829,1
34661829750,1
34661834376,1
34661850428,1
34661858216,1
34661872111,1
34661873480,1
34661905999,1
34661906508,1
34661919184,1
34661948300,1
34661954760,1
34661978310,1
34661978651,1
34662025776,1
34662046014,1
34662057873,1
34662065338,1
34662069172,1
34662087618,1
34662087830,1
34662094517,1
34662121388,1
34662127684,1
34662127731,1
34662128100,1
34662129713,1
34662130519,1
34662130591,1
34662130592,1
34662130593,1
34662130596,1
34662130602,1
34662134626,1
34662136259,1
34662136285,1
34662143422,1
34662143441,1
34662154217,1
34662181621,1
34662227737,1
34662242555,1
34662243399,1
34662269490,1
34662276318,1
34662306815,1
34662309254,1
34662328083,1
34662328084,1
34662328090,1
34662328094,1
34662328095,1
34662332347,1
34662337029,1
34662346712,1
34662349007,1
34662351118,1
34662398002,1
34662398031,1
34662403518,1
34662414382,1
34662470003,1
34662481186,1
34662510019,1
34662510507,1
34662545954,1
34662550857,1
34662561831,1
34662595003,1
34662636249,1
34662640406,1
34662640654,1
34662663370,1
34662673921,1
34662801588,1
34662836028,1
34662866690,1
34662881106,1
34662900004,1
34662900006,1
34662900007,1
34662900031,1
34662900081,1
34662900106,1
34662900107,1
34662900109,1
34662900110,1
34662900114,1
34662900119,1
34662900136,1
34662900159,1
34662900162,1
34662900169,1
34662900186,1
34662900191,1
34662900206,1
34662900207,1
34662900210,1
34662900219,1
34662900223,1
34662900229,1
34662900232,1
34662900236,1
34662900254,1
34662903000,1
34662903265,1
34662903530,1
34662903533,1
34662903618,1
34662903693,1
34662903760,1
34662903804,1
34662903937,1
34662903940,1
34662903941,1
34662903952,1
34662904011,1
34662904174,1
34662904601,1
34662904663,1
34662904683,1
34662904782,1
34662912004,1
34662912010,1
34662912012,1
34662912154,1
34662912248,1
34662912284,1
34662912393,1
34662912510,1
34662912512,1
34662912524,1
34662912525,1
34662912532,1
34662915032,1
34662931542,1
34662933903,1
34662938552,1
34662942614,1
34662958349,1
34662967000,1
34662970070,1
34662970113,1
34662970214,1
34662970222,1
34662970223,1
34662970224,1
34662970227,1
34662970228,1
34662970229,1
34662970262,1
34662970264,1
34662970265,1
34662970311,1
34662970334,1
34662970339,1
34662970532,1
34662970533,1
34662970544,1
34662970624,1
34662970625,1
34662970641,1
34662970645,1
34662970646,1
34662970648,1
34662970649,1
34662970650,1
34662970659,1
34662970669,1
34662970684,1
34662970686,1
34662970689,1
34662970695,1
34662970769,1
34662978333,1
34662979437,1
34662980149,1
34662980209,1
34662980225,1
34662980247,1
34662980258,1
34662980443,1
34662980904,1
34662988483,1
34662988686,1
34662988688,1
34662988846,1
34662988850,1
34662988882,1
34662988885,1
34662988888,1
34662988889,1
34662988908,1
34662988925,1
34662989462,1
34662989577,1
34662989579,1
34662989601,1
34662989603,1
34662990021,1
34662990024,1
34662990026,1
34662990027,1
34662990071,1
34662990073,1
34662990118,1
34662990369,1
34662990386,1
34662990402,1
34662990431,1
34662990443,1
34662990449,1
34662990495,1
34662990507,1
34662990526,1
34662990621,1
34662990623,1
34662990625,1
34662990684,1
34662990716,1
34662990803,1
34662990830,1
34662990879,1
34662991029,1
34662991056,1
34662991096,1
34662991176,1
34662991271,1
34662991273,1
34662991393,1
34662991459,1
34662991494,1
34662991532,1
34662991569,1
34662991941,1
34662991943,1
34662991946,1
34662991947,1
34662991948,1
34662991953,1
34662992038,1
34662992047,1
34662992048,1
34662992071,1
34662992213,1
34662992215,1
34662992218,1
34662992448,1
34662992527,1
34662992532,1
34662992591,1
34662992608,1
34662992626,1
34662992657,1
34662992658,1
34662992700,1
34662992813,1
34662992823,1
34662992916,1
34662992944,1
34662992947,1
34662993081,1
34662993085,1
34662993110,1
34662993327,1
34662993330,1
34662993352,1
34662993367,1
34662993370,1
34662993376,1
34662993449,1
34662993703,1
34662994008,1
34662994023,1
34662994112,1
34662994605,1
34662994606,1
34662994641,1
34662994642,1
34662995167,1
34662995169,1
34662995419,1
34662996215,1
34662996257,1
34662996522,1
34662996633,1
34662996743,1
34662996998,1
34662997080,1
34662997428,1
34662997429,1
34662997844,1
34662997997,1
34662998676,1
34662998820,1
34662998830,1
34662998908,1
34662998918,1
34662998974,1
34662998976,1
34662998984,1
34662998996,1
34662998997,1
34662998998,1
34662999075,1
34662999098,1
34662999103,1
34662999105,1
34662999121,1
34662999128,1
34662999129,1
34662999133,1
34662999142,1
34662999145,1
34662999170,1
34662999183,1
34662999193,1
34662999232,1
34662999245,1
34662999269,1
34662999270,1
34662999276,1
34662999284,1
34662999297,1
34662999308,1
34662999337,1
34662999344,1
34662999447,1
34662999550,1
34662999561,1
34662999583,1
34662999628,1
34662999661,1
34662999693,1
34662999763,1
34662999800,1
34662999810,1
34662999957,1
34662999992,1
34663002072,1
34663013649,1
34663041194,1
34663054676,1
34663070050,1
34663073905,1
34663085000,1
34663104432,1
34663116176,1
34663131148,1
34663132033,1
34663133488,1
34663181576,1
34663183486,1
34663253161,1
34663284366,1
34663285897,1
34663305896,1
34663308677,1
34663318939,1
34663330456,1
34663350227,1
34663357225,1
34663362634,1
34663369469,1
34663379078,1
34663381533,1
34663382309,1
34663398290,1
34663398299,1
34663403198,1
34663407115,1
34663409613,1
34663410971,1
34663411001,1
34663411020,1
34663411027,1
34663411271,1
34663411274,1
34663411322,1
34663413116,1
34663418451,1
34663422083,1
34663422112,1
34663422120,1
34663422849,1
34663422956,1
34663422982,1
34663422985,1
34663427363,1
34663428543,1
34663431092,1
34663431198,1
34663431337,1
34663431907,1
34663432046,1
34663433552,1
34663472148,1
34663472963,1
34663486363,1
34663486366,1
34663498351,1
34663498998,1
34663502436,1
34663516972,1
34663529451,1
34663530617,1
34663546575,1
34663546887,1
34663546928,1
34663547584,1
34663549763,1
34663607137,1
34663613912,1
34663614490,1
34663620959,1
34663640828,1
34663649936,1
34663675362,1
34663684068,1
34663684353,1
34663684618,1
34663687002,1
34663698149,1
34663698173,1
34663720143,1
34663733600,1
34663745292,1
34663766285,1
34663770562,1
34663770631,1
34663774299,1
34663782720,1
34663788822,1
34663829172,1
34663881664,1
34663888034,1
34663894344,1
34663969916,1
34663976670,1
34663980099,1
34663984926,1
34663994293,1
34664000903,1
34664031416,1
34664036670,1
34664055832,1
34664080618,1
34664111360,1
34664117019,1
34664123321,1
34664143799,1
34664150302,1
34664165119,1
34664178977,1
34664187008,1
34664197972,1
34664226835,1
34664229708,1
34664238532,1
34664251722,1
34664257098,1
34664262020,1
34664292036,1
34664308922,1
34664316314,1
34664325154,1
34664366020,1
34664367653,1
34664369879,1
34664379808,1
34664395000,1
34664414071,1
34664414072,1
34664420401,1
34664463110,1
34664468475,1
34664468571,1
34664474880,1
34664476631,1
34664490616,1
34664530658,1
34664535081,1
34664544611,1
34664546368,1
34664547159,1
34664551027,1
34664603265,1
34664605420,1
34664617738,1
34664619360,1
34664652470,1
34664659548,1
34664663900,1
34664712433,1
34664714770,1
34664715654,1
34664715812,1
34664737322,1
34664762980,1
34664765352,1
34664772029,1
34664772529,1
34664776066,1
34664776211,1
34664777876,1
34664807459,1
34664808727,1
34664823357,1
34664828651,1
34664834512,1
34664840219,1
34664865912,1
34664878003,1
34664881831,1
34664892873,1
34664912093,1
34664912094,1
34664912095,1
34664969589,1
34665020217,1
34665021881,1
34665056896,1
34665071981,1
34665079688,1
34665110780,1
34665111147,1
34665119805,1
34665121558,1
34665140566,1
34665191398,1
34665197702,1
34665222215,1
34665256050,1
34665263511,1
34665277116,1
34665277128,1
34665287089,1
34665287090,1
34665306923,1
34665335307,1
34665353770,1
34665361438,1
34665377267,1
34665379810,1
34665380347,1
34665400727,1
34665402167,1
34665424527,1
34665424564,1
34665424574,1
34665424583,1
34665434742,1
34665476922,1
34665485127,1
34665487648,1
34665513360,1
34665525336,1
34665531758,1
34665536112,1
34665571167,1
34665579973,1
34665593021,1
34665594174,1
34665594272,1
34665594897,1
34665595330,1
34665615619,1
34665615653,1
34665632277,1
34665637339,1
34665651849,1
34665656312,1
34665673314,1
34665683590,1
34665700300,1
34665705775,1
34665709099,1
34665720528,1
34665735753,1
34665740345,1
34665752071,1
34665800433,1
34665805062,1
34665836128,1
34665842152,1
34665844288,1
34665852707,1
34665853748,1
34665856939,1
34665863275,1
34665906205,1
34665909106,1
34665912350,1
34665949471,1
34665963976,1
34665968690,1
34665983854,1
34666003665,1
34666004891,1
34666012778,1
34666044974,1
34666045763,1
34666048952,1
34666061456,1
34666081787,1
34666085327,1
34666092163,1
34666096914,1
34666111999,1
34666129056,1
34666138504,1
34666151282,1
34666151696,1
34666152028,1
34666156641,1
34666162951,1
34666178761,1
34666188737,1
34666202139,1
34666210035,1
34666229967,1
34666233869,1
34666242332,1
34666248498,1
34666248731,1
34666256346,1
34666256958,1
34666256992,1
34666289814,1
34666293401,1
34666313333,1
34666322772,1
34666340880,1
34666357859,1
34666359950,1
34666359952,1
34666359958,1
34666360861,1
34666370999,1
34666372138,1
34666397716,1
34666403156,1
34666406585,1
34666407531,1
34666412424,1
34666412435,1
34666433433,1
34666450096,1
34666457675,1
34666457796,1
34666464086,1
34666503933,1
34666508394,1
34666522245,1
34666549681,1
34666551091,1
34666552637,1
34666552857,1
34666565231,1
34666590590,1
34666591200,1
34666593873,1
34666597422,1
34666604080,1
34666606066,1
34666606471,1
34666606525,1
34666606830,1
34666625916,1
34666641282,1
34666662662,1
34666663764,1
34666684988,1
34666685137,1
34666685244,1
34666698284,1
34666721350,1
34666730751,1
34666734296,1
34666756875,1
34666766456,1
34666780324,1
34666781279,1
34666781655,1
34666781966,1
34666797040,1
34666809968,1
34666810041,1
34666826223,1
34666833895,1
34666854337,1
34666884901,1
34666894854,1
34666902051,1
34666906121,1
34666914180,1
34666924891,1
34666930156,1
34666936499,1
34666936697,1
34666939686,1
34666947230,1
34666956579,1
34666957029,1
34666957065,1
34666957079,1
34666965618,1
34666990779,1
34666995830,1
34667008346,1
34667034426,1
34667040971,1
34667101335,1
34667107370,1
34667117230,1
34667121657,1
34667121658,1
34667131125,1
34667144158,1
34667157382,1
34667218506,1
34667238938,1
34667258408,1
34667266784,1
34667277499,1
34667302781,1
34667311537,1
34667312345,1
34667332498,1
34667332508,1
34667332509,1
34667332537,1
34667332543,1
34667332580,1
34667332710,1
34667332722,1
34667332723,1
34667332724,1
34667332736,1
34667332737,1
34667332745,1
34667332752,1
34667332815,1
34667332993,1
34667339752,1
34667343048,1
34667365441,1
34667381375,1
34667396164,1
34667398933,1
34667400865,1
34667402277,1
34667402923,1
34667408649,1
34667436485,1
34667440999,1
34667445603,1
34667464580,1
34667470807,1
34667473339,1
34667474772,1
34667477256,1
34667481770,1
34667489334,1
34667499810,1
34667503169,1
34667505017,1
34667509699,1
34667510560,1
34667527082,1
34667531363,1
34667533882,1
34667538986,1
34667539020,1
34667570558,1
34667570620,1
34667576381,1
34667594712,1
34667599705,1
34667600374,1
34667603624,1
34667603720,1
34667603994,1
34667626555,1
34667628784,1
34667629001,1
34667640169,1
34667645898,1
34667647614,1
34667659035,1
34667660270,1
34667667835,1
34667678509,1
34667691182,1
34667710691,1
34667716843,1
34667723202,1
34667732341,1
34667754477,1
34667756445,1
34667763390,1
34667765226,1
34667775984,1
34667781096,1
34667792248,1
34667796240,1
34667828123,1
34667831670,1
34667867979,1
34667903360,1
34667912015,1
34667915471,1
34667918049,1
34667927112,1
34667927924,1
34667943344,1
34667963136,1
34667965986,1
34667967499,1
34667990980,1
34668090220,1
34668516572,1
34668529980,1
34668637036,1
34668637038,1
34668637039,1
34668637147,1
34668637250,1
34668637271,1
34668648050,1
34668649063,1
34668649069,1
34668690118,1
34668690128,1
34668690151,1
34668690156,1
34668690159,1
34668690161,1
34668690172,1
34668690188,1
34668690209,1
34668690222,1
34668690258,1
34668690278,1
34668690287,1
34668690301,1
34668690339,1
34668690340,1
34668690341,1
34668690356,1
34668690432,1
34668690445,1
34668690489,1
34668690497,1
34668690500,1
34668690609,1
34668690673,1
34668690674,1
34668690680,1
34668690699,1
34668690769,1
34668690999,1
34668692342,1
34668692349,1
34668695263,1
34668695266,1
34668818762,1
34669007825,1
34669011355,1
34669027165,1
34669027332,1
34669027983,1
34669028889,1
34669029490,1
34669035514,1
34669057571,1
34669067680,1
34669068074,1
34669077489,1
34669086001,1
34669115129,1
34669132686,1
34669138830,1
34669184118,1
34669201288,1
34669210672,1
34669210756,1
34669222852,1
34669227131,1
34669257493,1
34669271201,1
34669272743,1
34669275772,1
34669287981,1
34669289034,1
34669336913,1
34669342886,1
34669352342,1
34669376541,1
34669377223,1
34669393270,1
34669397852,1
34669410328,1
34669412370,1
34669421999,1
34669426089,1
34669429046,1
34669436004,1
34669437133,1
34669454664,1
34669467151,1
34669468634,1
34669479147,1
34669482012,1
34669493969,1
34669497885,1
34669511366,1
34669536808,1
34669546409,1
34669568518,1
34669570487,1
34669574777,1
34669583265,1
34669634642,1
34669638274,1
34669638940,1
34669643304,1
34669644926,1
34669647732,1
34669651123,1
34669665168,1
34669681307,1
34669684850,1
34669686626,1
34669716894,1
34669723927,1
34669724822,1
34669738695,1
34669746698,1
34669749839,1
34669757376,1
34669757518,1
34669763084,1
34669781896,1
34669785409,1
34669787115,1
34669797193,1
34669805926,1
34669807070,1
34669811295,1
34669815460,1
34669822712,1
34669867497,1
34669889505,1
34669942688,1
34669985557,1
34670007031,1
34670019600,1
34670030287,1
34670032103,1
34670037827,1
34670038147,1
34670043013,1
34670046129,1
34670050010,1
34670059069,1
34670059682,1
34670067670,1
34670070728,1
34670086523,1
34670095246,1
34670109930,1
34670219858,1
34670242713,1
34670260861,1
34670276161,1
34670278424,1
34670285108,1
34670292929,1
34670301200,1
34670305875,1
34670309493,1
34670313309,1
34670335901,1
34670340507,1
34670359329,1
34670370122,1
34670400444,1
34670407462,1
34670409313,1
34670422822,1
34670426921,1
34670432510,1
34670443186,1
34670449172,1
34670452275,1
34670467210,1
34670469370,1
34670477727,1
34670479001,1
34670479594,1
34670484023,1
34670490528,1
34670500080,1
34670506171,1
34670506445,1
34670512311,1
34670522200,1
34670527548,1
34670529829,1
34670535718,1
34670545319,1
34670563077,1
34670565352,1
34670592794,1
34670592796,1
34670594159,1
34670612151,1
34670614143,1
34670621077,1
34670627252,1
34670633204,1
34670633623,1
34670633945,1
34670640939,1
34670642639,1
34670655583,1
34670677709,1
34670692798,1
34670697049,1
34670700228,1
34670711380,1
34670732635,1
34670735633,1
34670741886,1
34670745606,1
34670762921,1
34670775698,1
34670824113,1
34670824233,1
34670836393,1
34670842719,1
34670883070,1
34670886032,1
34670887868,1
34670888104,1
34670950950,1
34670981291,1
34670983597,1
34670994612,1
34670994805,1
34670997338,1
34671019854,1
34671059704,1
34671062028,1
34671063247,1
34671068854,1
34671094577,1
34671108205,1
34671112981,1
34671122252,1
34671148842,1
34671150801,1
34671151201,1
34671151342,1
34671151360,1
34671151368,1
34671151373,1
34671154477,1
34671154719,1
34671224069,1
34671240961,1
34671241582,1
34671262052,1
34671289456,1
34671305248,1
34671317077,1
34671317094,1
34671321856,1
34671321944,1
34671363138,1
34671363145,1
34671363169,1
34671363178,1
34671363197,1
34671363222,1
34671379120,1
34671408721,1
34671418869,1
34671445637,1
34671464555,1
34671470740,1
34671510340,1
34671511593,1
34671543082,1
34671544988,1
34671547774,1
34671549490,1
34671634838,1
34671636203,1
34671637345,1
34671656110,1
34671673446,1
34671676320,1
34671692095,1
34671704093,1
34671723433,1
34671759753,1
34671765251,1
34671765300,1
34671769381,1
34671777920,1
34671779956,1
34671781097,1
34671787398,1
34671788528,1
34671793059,1
34671797619,1
34671866385,1
34671866386,1
34671867923,1
34671897372,1
34671925978,1
34671926982,1
34671928339,1
34671939772,1
34671978216,1
34671998164,1
34672007579,1
34672007599,1
34672010247,1
34672030986,1
34672044370,1
34672063017,1
34672063292,1
34672064616,1
34672097773,1
34672099710,1
34672102937,1
34672104860,1
34672112705,1
34672116703,1
34672121453,1
34672126448,1
34672129015,1
34672155745,1
34672176638,1
34672176731,1
34672212253,1
34672213223,1
34672222206,1
34672229058,1
34672233188,1
34672235874,1
34672245382,1
34672245384,1
34672245419,1
34672245420,1
34672245429,1
34672245490,1
34672246289,1
34672247920,1
34672259085,1
34672285596,1
34672287954,1
34672292861,1
34672325019,1
34672336338,1
34672340463,1
34672341608,1
34672358674,1
34672364698,1
34672398737,1
34672401773,1
34672448808,1
34672497717,1
34672501977,1
34672502456,1
34672503004,1
34672506849,1
34672512089,1
34672515075,1
34672521106,1
34672527363,1
34672527377,1
34672527529,1
34672527736,1
34672527983,1
34672528208,1
34672528959,1
34672541093,1
34672554445,1
34672586086,1
34672594763,1
34672598591,1
34672613517,1
34672623327,1
34672647831,1
34672662179,1
34672663383,1
34672665300,1
34672686879,1
34672686884,1
34672751272,1
34672755251,1
34672778970,1
34672791484,1
34672799868,1
34672807718,1
34672811965,1
34672840481,1
34672843045,1
34672859501,1
34672859516,1
34672865018,1
34672865185,1
34672865376,1
34672866425,1
34672874698,1
34672927249,1
34672930154,1
34672939464,1
34672943802,1
34672948881,1
34672951742,1
34672952346,1
34672955973,1
34672956971,1
34672958979,1
34672962822,1
34672989062,1
34673004394,1
34673022530,1
34673026139,1
34673026471,1
34673027426,1
34673029115,1
34673030265,1
34673031776,1
34673051570,1
34673108401,1
34673124324,1
34673124326,1
34673132106,1
34673139678,1
34673145105,1
34673191542,1
34673218956,1
34673254705,1
34673289358,1
34673297456,1
34673303799,1
34673308345,1
34673351079,1
34673388413,1
34673388415,1
34673388417,1
34673388532,1
34673390262,1
34673390921,1
34673395081,1
34673400680,1
34673415381,1
34673445506,1
34673462106,1
34673468812,1
34673475671,1
34673495052,1
34673496918,1
34673502727,1
34673512336,1
34673529595,1
34673558930,1
34673584254,1
34673630141,1
34673707777,1
34673713485,1
34673790080,1
34673794705,1
34673798932,1
34673802958,1
34673809066,1
34673809214,1
34673825953,1
34673834200,1
34673840083,1
34673860883,1
34673874334,1
34673876668,1
34673898669,1
34673934911,1
34673935292,1
34673949242,1
34673999199,1
34674018830,1
34674027111,1
34674149749,1
34674149878,1
34674182180,1
34674188410,1
34674202290,1
34674214648,1
34674232525,1
34674238205,1
34674242476,1
34674272487,1
34674272989,1
34674279697,1
34674279699,1
34674279703,1
34674279708,1
34674305148,1
34674310237,1
34674315075,1
34674352520,1
34674373035,1
34674380207,1
34674387159,1
34674397483,1
34674435215,1
34674475975,1
34674476682,1
34674499499,1
34674510522,1
34674511783,1
34674511821,1
34674512237,1
34674513563,1
34674515606,1
34674516778,1
34674554735,1
34674594785,1
34674594949,1
34674595299,1
34674595426,1
34674595440,1
34674596520,1
34674596756,1
34674597340,1
34674597438,1
34674597767,1
34674610270,1
34674620499,1
34674643566,1
34674652450,1
34674659764,1
34674678013,1
34674687137,1
34674698688,1
34674721441,1
34674793003,1
34674793906,1
34674795994,1
34674823647,1
34674830178,1
34674840550,1
34674862641,1
34674912488,1
34674914755,1
34674915272,1
34674915485,1
34674915675,1
34674916021,1
34674916028,1
34674917077,1
34674979183,1
34674993466,1
34675012400,1
34675016338,1
34675076097,1
34675081510,1
34675086623,1
34675089474,1
34675107466,1
34675109238,1
34675133256,1
34675135126,1
34675141261,1
34675165014,1
34675165493,1
34675168681,1
34675176419,1
34675208074,1
34675215020,1
34675225379,1
34675227356,1
34675237772,1
34675252213,1
34675252639,1
34675256490,1
34675261917,1
34675265393,1
34675284084,1
34675299891,1
34675301055,1
34675345382,1
34675346180,1
34675361528,1
34675396275,1
34675410717,1
34675446604,1
34675462748,1
34675467591,1
34675481671,1
34675511877,1
34675562797,1
34675580124,1
34675581394,1
34675588181,1
34675598842,1
34675602020,1
34675605483,1
34675631250,1
34675635038,1
34675658874,1
34675668314,1
34675679191,1
34675696278,1
34675722561,1
34675746205,1
34675754741,1
34675756034,1
34675756204,1
34675757099,1
34675762298,1
34675762367,1
34675765254,1
34675767607,1
34675782946,1
34675798651,1
34675799888,1
34675809600,1
34675820947,1
34675846219,1
34675846600,1
34675851788,1
34675875476,1
34675877867,1
34675879799,1
34675886844,1
34675889933,1
34675909535,1
34675931851,1
34675935026,1
34675952712,1
34675957545,1
34675961720,1
34675966824,1
34675972055,1
34675976664,1
34675979520,1
34675981038,1
34675982886,1
34675984339,1
34675984450,1
34675987417,1
34675991279,1
34675991280,1
34675991282,1
34675991283,1
34675993344,1
34676032134,1
34676064516,1
34676068106,1
34676119420,1
34676120237,1
34676153882,1
34676180418,1
34676189110,1
34676195130,1
34676209096,1
34676223975,1
34676255281,1
34676262920,1
34676275570,1
34676290612,1
34676291244,1
34676291770,1
34676310014,1
34676314742,1
34676323247,1
34676343840,1
34676348643,1
34676373345,1
34676385122,1
34676406206,1
34676424020,1
34676464364,1
34676470315,1
34676488692,1
34676488785,1
34676489060,1
34676500282,1
34676507588,1
34676512900,1
34676513920,1
34676513965,1
34676518874,1
34676522342,1
34676526419,1
34676528392,1
34676561235,1
34676570807,1
34676590459,1
34676591360,1
34676597776,1
34676598727,1
34676617740,1
34676652358,1
34676656874,1
34676693454,1
34676701386,1
34676707682,1
34676723023,1
34676739685,1
34676752603,1
34676755018,1
34676757028,1
34676760881,1
34676781728,1
34676799279,1
34676799629,1
34676846660,1
34676848723,1
34676893111,1
34676897274,1
34676908614,1
34676919993,1
34676921679,1
34676939980,1
34676953159,1
34676988708,1
34677011687,1
34677029362,1
34677067685,1
34677067693,1
34677067720,1
34677073803,1
34677086832,1
34677097665,1
34677111645,1
34677119153,1
34677120658,1
34677137362,1
34677140771,1
34677145148,1
34677193435,1
34677259544,1
34677362359,1
34677365539,1
34677379009,1
34677385503,1
34677393737,1
34677400900,1
34677403470,1
34677434690,1
34677438043,1
34677443488,1
34677447257,1
34677469080,1
34677471006,1
34677480389,1
34677493302,1
34677505843,1
34677508481,1
34677509239,1
34677515339,1
34677523079,1
34677524882,1
34677532753,1
34677535907,1
34677536803,1
34677541552,1
34677544469,1
34677565528,1
34677570022,1
34677570276,1
34677580569,1
34677580636,1
34677610317,1
34677616254,1
34677623479,1
34677648725,1
34677660997,1
34677662591,1
34677662592,1
34677664381,1
34677664998,1
34677666787,1
34677671889,1
34677681575,1
34677698569,1
34677711972,1
34677746007,1
34677746681,1
34677748418,1
34677756243,1
34677761553,1
34677766885,1
34677785264,1
34677829807,1
34677851674,1
34677853430,1
34677875445,1
34677893748,1
34677901749,1
34677929396,1
34677935328,1
34677941102,1
34677941549,1
34677941864,1
34677942066,1
34677955013,1
34677957366,1
34677963214,1
34678034793,1
34678040284,1
34678040876,1
34678056030,1
34678061604,1
34678068977,1
34678073968,1
34678083537,1
34678087396,1
34678124835,1
34678139235,1
34678145145,1
34678149453,1
34678151702,1
34678156650,1
34678158669,1
34678221459,1
34678221549,1
34678227525,1
34678234526,1
34678243676,1
34678251620,1
34678265198,1
34678274251,1
34678275199,1
34678288661,1
34678289613,1
34678311614,1
34678367245,1
34678398193,1
34678398262,1
34678409093,1
34678413303,1
34678426872,1
34678428923,1
34678431401,1
34678432298,1
34678432331,1
34678439766,1
34678440218,1
34678440679,1
34678445550,1
34678447820,1
34678448038,1
34678458876,1
34678462551,1
34678470220,1
34678490520,1
34678494448,1
34678519772,1
34678536107,1
34678568033,1
34678571841,1
34678589825,1
34678598561,1
34678605602,1
34678606815,1
34678608166,1
34678621233,1
34678623717,1
34678637735,1
34678650652,1
34678659032,1
34678659405,1
34678664430,1
34678674857,1
34678676167,1
34678695468,1
34678702200,1
34678704374,1
34678711124,1
34678716249,1
34678716365,1
34678723481,1
34678726098,1
34678729679,1
34678731539,1
34678731787,1
34678737728,1
34678739987,1
34678740867,1
34678741902,1
34678745530,1
34678760679,1
34678764057,1
34678783227,1
34678801877,1
34678830466,1
34678836368,1
34678837325,1
34678861932,1
34678872480,1
34678876546,1
34678909119,1
34678913563,1
34678913564,1
34678917884,1
34678925267,1
34678930204,1
34678930238,1
34678932618,1
34678970806,1
34678982778,1
34678983242,1
34678998048,1
34679012700,1
34679018828,1
34679044041,1
34679066529,1
34679072040,1
34679072818,1
34679092158,1
34679115001,1
34679142976,1
34679146021,1
34679154528,1
34679179171,1
34679189220,1
34679198821,1
34679226097,1
34679267792,1
34679269919,1
34679296722,1
34679345507,1
34679363557,1
34679373407,1
34679373772,1
34679390517,1
34679409478,1
34679410019,1
34679415428,1
34679415450,1
34679418370,1
34679427487,1
34679433263,1
34679451742,1
34679460209,1
34679463596,1
34679464825,1
34679477388,1
34679479738,1
34679483320,1
34679489896,1
34679490683,1
34679498759,1
34679511930,1
34679520942,1
34679523908,1
34679526803,1
34679542684,1
34679568927,1
34679568971,1
34679575166,1
34679626769,1
34679627116,1
34679661913,1
34679664125,1
34679667777,1
34679695192,1
34679698371,1
34679706269,1
34679709074,1
34679769655,1
34679776377,1
34679783169,1
34679807681,1
34679817500,1
34679827487,1
34679877553,1
34679882686,1
34679894582,1
34679908531,1
34679930005,1
34679935057,1
34679941568,1
34679952085,1
34679987888,1
34680119388,1
34680138411,1
34680152298,1
34680162270,1
34680163236,1
34680180395,1
34680233989,1
34680247677,1
34680266069,1
34680266735,1
34680299868,1
34680318145,1
34680319570,1
34680326866,1
34680352626,1
34680372145,1
34680381661,1
34680389237,1
34680410496,1
34680420690,1
34680421047,1
34680436889,1
34680446468,1
34680480031,1
34680526414,1
34680538543,1
34680542171,1
34680545732,1
34680551624,1
34680584091,1
34680603601,1
34680624570,1
34680651342,1
34680665233,1
34680672747,1
34680673474,1
34680675894,1
34680690549,1
34680698717,1
34680715095,1
34680716343,1
34680719591,1
34680728589,1
34680733136,1
34680769125,1
34680791693,1
34680797347,1
34680814921,1
34680821335,1
34680828149,1
34680888290,1
34680933614,1
34680974589,1
34680987654,1
34681017188,1
34681022254,1
34681023372,1
34681037339,1
34681037528,1
34681039609,1
34681070093,1
34681104801,1
34681125630,1
34681153425,1
34681188599,1
34681189999,1
34681192593,1
34681195251,1
34681201709,1
34681206565,1
34681208233,1
34681234127,1
34681236487,1
34681251409,1
34681251796,1
34681271414,1
34681313036,1
34681313393,1
34681317949,1
34681330570,1
34681352381,1
34681352907,1
34681366420,1
34681392588,1
34681394786,1
34681395164,1
34681395755,1
34681397339,1
34681407457,1
34681607379,1
34681607703,1
34681607704,1
34681607741,1
34681607750,1
34681607755,1
34681607761,1
34681607776,1
34681607814,1
34681607820,1
34681608157,1
34681608166,1
34681608169,1
34681608175,1
34681628734,1
34681662746,1
34681662795,1
34681664769,1
34681666387,1
34681726397,1
34681855310,1
34681897921,1
34681922691,1
34681926556,1
34681940935,1
34681950775,1
34681959171,1
34681959568,1
34681960288,1
34682001277,1
34682002778,1
34682009703,1
34682033852,1
34682076018,1
34682082250,1
34682085572,1
34682086406,1
34682127030,1
34682132016,1
34682241409,1
34682244358,1
34682252331,1
34682263080,1
34682326025,1
34682333785,1
34682336230,1
34682412468,1
34682438850,1
34682450168,1
34682453791,1
34682479738,1
34682495939,1
34682566974,1
34682584972,1
34682610318,1
34682624041,1
34682637885,1
34682637888,1
34682637891,1
34682638767,1
34682640342,1
34682682788,1
34682683950,1
34682683951,1
34682686171,1
34682689700,1
34682707379,1
34682710596,1
34682730758,1
34682733216,1
34682744290,1
34682782135,1
34682802879,1
34682804297,1
34682873220,1
34682877718,1
34682881363,1
34682901927,1
34683105228,1
34683135148,1
34683158653,1
34683160470,1
34683177896,1
34683180367,1
34683188931,1
34683238153,1
34683244889,1
34683245916,1
34683279335,1
34683285948,1
34683290007,1
34683305497,1
34683311423,1
34683321324,1
34683344135,1
34683344210,1
34683351770,1
34683370958,1
34683409818,1
34683418390,1
34683419208,1
34683438235,1
34683457902,1
34683466822,1
34683489023,1
34683495206,1
34683501698,1
34683524002,1
34683532459,1
34683540926,1
34683560958,1
34683566796,1
34683575617,1
34683580047,1
34683583777,1
34683586377,1
34683588428,1
34683591687,1
34683596756,1
34683605525,1
34683619455,1
34683622283,1
34683672633,1
34683681850,1
34683685272,1
34683686407,1
34683686666,1
34683687947,1
34683765676,1
34683767985,1
34683780124,1
34683780761,1
34683781401,1
34683781830,1
34683782160,1
34683782222,1
34683782709,1
34683783726,1
34683783797,1
34683784415,1
34683784782,1
34683785916,1
34683786714,1
34683786736,1
34683787073,1
34683788998,1
34683789735,1
34683789741,1
34683789744,1
34683789747,1
34683789748,1
34683790092,1
34683790114,1
34684037327,1
34684038482,1
34684049453,1
34684065807,1
34684138100,1
34684158821,1
34684166899,1
34684183440,1
34684204752,1
34684249597,1
34684253279,1
34684303397,1
34684333278,1
34684337508,1
34684345486,1
34684382286,1
34684385692,1
34684418690,1
34684420086,1
34684421344,1
34684428273,1
34684428277,1
34684428644,1
34684429631,1
34684429636,1
34684429641,1
34684433627,1
34684453190,1
34684460757,1
34684461708,1
34684461997,1
34684462905,1
34684463873,1
34684465096,1
34684465554,1
34684466389,1
34684467676,1
34684467961,1
34684494615,1
34684496107,1
34684496136,1
34684498344,1
3468452278,1
34684603367,1
34684617423,1
34684627712,1
34684658096,1
34684701780,1
34684714863,1
34684729523,1
34684735641,1
34684764485,1
34684767742,1
34684768990,1
34684790974,1
34684801274,1
34684801275,1
34685028558,1
34685035619,1
34685061593,1
34685064045,1
34685067495,1
34685086916,1
34685090790,1
34685090848,1
34685090972,1
34685090988,1
34685091583,1
34685092565,1
34685092623,1
34685092889,1
34685093815,1
34685105262,1
34685114804,1
34685115266,1
34685116121,1
34685116326,1
34685123331,1
34685128107,1
34685129418,1
34685138554,1
34685157256,1
34685157744,1
34685177975,1
34685188887,1
34685191086,1
34685191574,1
34685205795,1
34685209523,1
34685220566,1
34685230734,1
34685256718,1
34685273871,1
34685278404,1
34685280767,1
34685281248,1
34685323292,1
34685359911,1
34685372802,1
34685373034,1
34685421704,1
34685445051,1
34685446868,1
34685451154,1
34685457991,1
34685460431,1
34685470070,1
34685503247,1
34685506864,1
34685520201,1
34685523598,1
34685530152,1
34685531684,1
34685534311,1
34685540127,1
34685545463,1
34685559572,1
34685604390,1
34685628615,1
34685669208,1
34685676728,1
34685690648,1
34685719036,1
34685719051,1
34685748848,1
34685773594,1
34685793356,1
34685795153,1
34685797406,1
34685801856,1
34685802848,1
34685807271,1
34685807272,1
34685808301,1
34685809740,1
34685810028,1
34685811976,1
34685824136,1
34685824462,1
34685841510,1
34685850900,1
34685877008,1
34685889357,1
34685912178,1
34685924562,1
34685925437,1
34685925491,1
34685925511,1
34685926083,1
34685926526,1
34685926587,1
34685927422,1
34685927439,1
34685928002,1
34685929143,1
34685930003,1
34685939903,1
34685939967,1
34685944441,1
34685950233,1
34685955169,1
34685977503,1
34685989378,1
34685999937,1
34686000000,1
34686000086,1
34686012964,1
34686021784,1
34686023830,1
34686029957,1
34686033368,1
34686066656,1
34686075918,1
34686090844,1
34686099753,1
34686110420,1
34686136853,1
34686143623,1
34686148327,1
34686168285,1
34686209861,1
34686211439,1
34686222329,1
34686232075,1
34686234949,1
34686235487,1
34686237266,1
34686247950,1
34686260095,1
34686281939,1
34686283469,1
34686289633,1
34686293213,1
34686299615,1
34686327259,1
34686342381,1
34686344307,1
34686344419,1
34686345020,1
34686346489,1
34686347977,1
34686352518,1
34686354437,1
34686355262,1
34686363496,1
34686365465,1
34686376337,1
34686376628,1
34686382771,1
34686386803,1
34686396706,1
34686401636,1
34686439055,1
34686442955,1
34686449808,1
34686453785,1
34686465241,1
34686480529,1
34686509547,1
34686513766,1
34686529537,1
34686535530,1
34686540456,1
34686547843,1
34686551646,1
34686558666,1
34686574619,1
34686599756,1
34686609009,1
34686609782,1
34686616559,1
34686622363,1
34686636348,1
34686644770,1
34686646343,1
34686646377,1
34686649192,1
34686657736,1
34686662931,1
34686690595,1
34686694937,1
34686697752,1
34686700847,1
34686705179,1
34686706860,1
34686707775,1
34686736385,1
34686748150,1
34686751126,1
34686754236,1
34686770008,1
34686782755,1
34686801125,1
34686802031,1
34686807082,1
34686820209,1
34686823003,1
34686828678,1
34686830120,1
34686836064,1
34686847905,1
34686851638,1
34686878554,1
34686924063,1
34686934875,1
34686946256,1
34686947310,1
34686951581,1
34686956133,1
34686966411,1
34686968310,1
34686968636,1
34686968817,1
34686968818,1
34686983612,1
34686986879,1
34687000229,1
34687031565,1
34687040856,1
34687040868,1
34687041532,1
34687052321,1
34687087809,1
34687098087,1
34687100601,1
34687142973,1
34687145196,1
34687179809,1
34687197932,1
34687199635,1
34687212753,1
34687235953,1
34687242120,1
34687252793,1
34687262682,1
34687262745,1
34687269424,1
34687293798,1
34687313685,1
34687317866,1
34687323211,1
34687325870,1
34687333416,1
34687336694,1
34687358921,1
34687378568,1
34687398906,1
34687428125,1
34687434233,1
34687444744,1
34687449470,1
34687450639,1
34687455402,1
34687474472,1
34687484586,1
34687495542,1
34687502785,1
34687529369,1
34687533577,1
34687534506,1
34687549610,1
34687559003,1
34687559991,1
34687563375,1
34687579612,1
34687590375,1
34687591372,1
34687613304,1
34687621370,1
34687635233,1
34687644218,1
34687663326,1
34687664694,1
34687668702,1
34687687994,1
34687692277,1
34687758848,1
34687777684,1
34687780009,1
34687782472,1
34687787875,1
34687799028,1
34687813024,1
34687825299,1
34687833232,1
34687858054,1
34687866254,1
34687869058,1
34687874555,1
34687878802,1
34687889963,1
34687945179,1
34687947830,1
34687949619,1
34687970300,1
34687990310,1
34687998124,1
34688107440,1
34688200964,1
34688224146,1
34688233066,1
34688235821,1
34688235822,1
34688274076,1
34688274353,1
34688274393,1
34688274782,1
34688274789,1
34688274811,1
34688375850,1
34688381567,1
34688410057,1
34688412909,1
34688423582,1
34688429120,1
34688461169,1
34688461170,1
34688491803,1
34688628507,1
34688664744,1
34688679175,1
34688690970,1
34688711276,1
34688744221,1
34688762628,1
34688765431,1
34688789703,1
34688824055,1
34688825084,1
34688828540,1
34688863498,1
34688863589,1
34688864411,1
34688865540,1
34688888502,1
34688931906,1
34688955700,1
34688986473,1
34689008064,1
34689049024,1
34689049272,1
34689052222,1
34689094271,1
34689094317,1
34689094500,1
34689094773,1
34689096154,1
34689100929,1
34689114922,1
34689127756,1
34689129827,1
34689211301,1
34689217665,1
34689238563,1
34689252257,1
34689254003,1
34689288049,1
34689322945,1
34689347552,1
34689356317,1
34689371466,1
34689388321,1
34689390081,1
34689406999,1
34689413560,1
34689415389,1
34689415569,1
34689416418,1
34689445352,1
34689468163,1
34689468612,1
34689486027,1
34689496889,1
34689499519,1
34689536306,1
34689540897,1
34689547044,1
34689557047,1
34689560658,1
34689579874,1
34689588153,1
34689591578,1
34689596472,1
34689611123,1
34689636664,1
34689638465,1
34689642379,1
34689645953,1
34689655673,1
34689662645,1
34689666124,1
34689669831,1
34689689172,1
34689697129,1
34689713183,1
34689729480,1
34689730264,1
34689735144,1
34689739699,1
34689743334,1
34689743465,1
34689743934,1
34689744618,1
34689744947,1
34689752271,1
34689755256,1
34689768832,1
34689821222,1
34689831789,1
34689832775,1
34689834502,1
34689838763,1
34689840062,1
34689844017,1
34689853690,1
34689858003,1
34689867659,1
34689879911,1
34689888964,1
34689911328,1
34689911618,1
34689921423,1
34689923375,1
34689943003,1
34689964042,1
34689966099,1
34689983097,1
34690005482,1
34690013012,1
34690023959,1
34690029964,1
34690030568,1
34690130186,1
34690130199,1
34690130275,1
34690138710,1
34690164738,1
34690208546,1
34690213352,1
34690225986,1
34690262524,1
34690276002,1
34690295336,1
34690295698,1
34690305174,1
34690334518,1
34690338914,1
34690339567,1
34690351483,1
34690351506,1
34690351532,1
34690351534,1
34690351535,1
34690351539,1
34690351566,1
34690359563,1
34690390544,1
34690452679,1
34690600173,1
34690636311,1
34690642391,1
34690642430,1
34690642547,1
34690642971,1
34690643092,1
34690643122,1
34690644629,1
34690644643,1
34690646749,1
34690651818,1
34690664329,1
34690667580,1
34690687123,1
34690787803,1
34690798553,1
34690804170,1
34690829335,1
34690855613,1
34690857385,1
34690860608,1
34690866295,1
34690884295,1
34690897993,1
34690908774,1
34690931796,1
34690935542,1
34690940602,1
34690954682,1
34691012385,1
34691046408,1
34691051680,1
34691052520,1
34691052521,1
34691052549,1
34691052551,1
34691073144,1
34691090736,1
34691090745,1
34691090766,1
34691090899,1
34691100312,1
34691103222,1
34691124678,1
34691145163,1
34691158533,1
34691159520,1
34691216623,1
34691218477,1
34691219230,1
34691222961,1
34691242495,1
34691256724,1
34691260791,1
34691270829,1
34691284028,1
34691352633,1
34691353976,1
34691353990,1
34691361096,1
34691361264,1
34691362612,1
34691406786,1
34691425964,1
34691436639,1
34691437194,1
34691437196,1
34691438368,1
34691449477,1
34691454567,1
34691458445,1
34691460980,1
34691466337,1
34691466660,1
34691475853,1
34691482005,1
34691489676,1
34691518197,1
34691518778,1
34691518780,1
34691518782,1
34691518786,1
34691518787,1
34691518791,1
34691592157,1
34691675667,1
34691707012,1
34691720104,1
34691720487,1
34691734130,1
34691747590,1
34691751771,1
34691791257,1
34691793859,1
34691833897,1
34691839106,1
34691844968,1
34691852814,1
34691852826,1
34691852827,1
34691883615,1
34691883734,1
34691892165,1
34691894176,1
34691943494,1
34691957454,1
34691963112,1
34691963113,1
34691966433,1
34692026475,1
34692029206,1
34692033675,1
34692052485,1
34692052503,1
34692052518,1
34692052520,1
34692052521,1
34692064165,1
34692068664,1
34692076735,1
34692079100,1
34692085879,1
34692103060,1
34692108855,1
34692110184,1
34692128149,1
34692139860,1
34692144357,1
34692148613,1
34692154047,1
34692161079,1
34692164439,1
34692166223,1
34692166973,1
34692168244,1
34692168443,1
34692170470,1
34692195240,1
34692200501,1
34692210922,1
34692230059,1
34692238572,1
34692263652,1
34692264646,1
34692307898,1
34692343090,1
34692346121,1
34692346189,1
34692351024,1
34692355080,1
34692374262,1
34692385182,1
34692385280,1
34692385321,1
34692385322,1
34692385635,1
34692400820,1
34692402787,1
34692424234,1
34692428068,1
34692451004,1
34692476052,1
34692505401,1
34692526889,1
34692531502,1
34692532601,1
34692535285,1
34692540298,1
34692542310,1
34692551864,1
34692603540,1
34692621061,1
34692623695,1
34692647465,1
34692651280,1
34692658975,1
34692660692,1
34692662285,1
34692662431,1
34692662594,1
34692662595,1
34692665533,1
34692702486,1
34692715621,1
34692767798,1
34692822413,1
34692833184,1
34692873123,1
34692892668,1
34692913576,1
34692945229,1
34692948805,1
34692954593,1
34692960709,1
34692983249,1
34692983320,1
34692987016,1
34693022087,1
34693022109,1
34693041956,1
34693042004,1
34693052861,1
34693060647,1
34693061755,1
34693061760,1
34693061761,1
34693061937,1
34693062018,1
34693062024,1
34693062095,1
34693062098,1
34693062122,1
34693062126,1
34693062142,1
34693110726,1
34693110918,1
34693112124,1
34693112175,1
34693112183,1
34693112269,1
34693112271,1
34693112333,1
34693112945,1
34693113026,1
34693113776,1
34693113867,1
34693113901,1
34693114554,1
34693114576,1
34693114949,1
34693116104,1
34693116147,1
34693116205,1
34693116211,1
34693116336,1
34693116831,1
34693116836,1
34693117640,1
34693117919,1
34693117994,1
34693118104,1
34693118305,1
34693118520,1
34693118543,1
34693118873,1
34693119863,1
34693120160,1
34693120353,1
34693120485,1
34693120770,1
34693121872,1
34693123654,1
34693124866,1
34693125304,1
34693125423,1
34693125641,1
34693127392,1
34693127526,1
34693128279,1
34693128517,1
34693128536,1
34693128541,1
34693128545,1
34693128552,1
34693128577,1
34693128622,1
34693128827,1
34693129405,1
34693129542,1
34693129980,1
34693130147,1
34693131264,1
34693131441,1
34693132692,1
34693133112,1
34693133191,1
34693232971,1
34693251184,1
34693253113,1
34693278614,1
34693360542,1
34693362475,1
34693362482,1
34693362488,1
34693362501,1
34693362513,1
34693362515,1
34693362516,1
34693364024,1
34693364039,1
34693364040,1
34693364075,1
34693364223,1
34693364227,1
34693364293,1
34693364324,1
34693364331,1
34693364335,1
34693374998,1
34693391807,1
34693504548,1
34693511684,1
34693532456,1
34693556834,1
34693566463,1
34693569803,1
34693599508,1
34693599515,1
34693599576,1
34693599583,1
34693599619,1
34693599638,1
34693599641,1
34693599644,1
34693599645,1
34693599660,1
34693599893,1
34693708604,1
34693737654,1
34693777116,1
34693777135,1
34693777139,1
34693855820,1
34693900346,1
34693900520,1
34693900654,1
34693900686,1
34693900691,1
34693900735,1
34693900756,1
34693901480,1
34693901632,1
34693904140,1
34693905605,1
34693905964,1
34693974161,1
34694203586,1
34694215952,1
34694225071,1
34694227153,1
34694228749,1
34694230734,1
34694231306,1
34694231667,1
34694236571,1
34694238741,1
34694246026,1
34694255319,1
34694271291,1
34694278740,1
34694295968,1
34694298580,1
34694301376,1
34694301387,1
34694301403,1
34694301413,1
34694305556,1
34694308130,1
34694308146,1
34694308154,1
34694308233,1
34694308969,1
34694310157,1
34694313396,1
34694401978,1
34694404159,1
34694409549,1
34694421121,1
34694421542,1
34694428850,1
34694462781,1
34694484205,1
34694496784,1
34694809680,1
34694860843,1
34694928404,1
34694979030,1
34695011693,1
34695016146,1
34695020781,1
34695022222,1
34695065529,1
34695104031,1
34695139221,1
34695140375,1
34695149415,1
34695160136,1
34695195469,1
34695219903,1
34695227544,1
34695227580,1
34695227617,1
34695234923,1
34695235316,1
34695246261,1
34695263164,1
34695268495,1
34695291496,1
34695324459,1
34695324918,1
34695327364,1
34695331950,1
34695333000,1
34695351740,1
34695389093,1
34695392946,1
34695407728,1
34695424028,1
34695435095,1
34695460401,1
34695467749,1
34695482658,1
34695484468,1
34695492542,1
34695499748,1
34695525680,1
34695548781,1
34695550289,1
34695554105,1
34695556877,1
34695557568,1
34695576962,1
34695592048,1
34695594000,1
34695594021,1
34695594760,1
34695606300,1
34695607146,1
34695632418,1
34695637371,1
34695653604,1
34695658456,1
34695665762,1
34695674094,1
34695677705,1
34695692132,1
34695696056,1
34695703892,1
34695722472,1
34695724137,1
34695725419,1
34695749283,1
34695753227,1
34695756578,1
34695759091,1
34695759491,1
34695759675,1
34695760847,1
34695779651,1
34695784576,1
34695805036,1
34695817601,1
34695830038,1
34695863834,1
34695867513,1
34695867514,1
34695867539,1
34695871266,1
34695871615,1
34695921704,1
34695922695,1
34695927480,1
34695994383,1
34695995700,1
34696005427,1
34696011959,1
34696015755,1
34696022380,1
34696022517,1
34696035222,1
34696052781,1
34696060657,1
34696124096,1
34696141699,1
34696161668,1
34696177978,1
34696183570,1
34696204473,1
34696207527,1
34696259692,1
34696266331,1
34696276153,1
34696283563,1
34696307130,1
34696337744,1
34696348962,1
34696398546,1
34696403821,1
34696421125,1
34696434248,1
34696449647,1
34696451371,1
34696455955,1
34696458560,1
34696471366,1
34696490287,1
34696493900,1
34696494247,1
34696498539,1
34696498609,1
34696519805,1
34696544329,1
34696545688,1
34696585693,1
34696587376,1
34696601818,1
34696613918,1
34696618998,1
34696621015,1
34696631416,1
34696632685,1
34696645543,1
34696653964,1
34696654633,1
34696659951,1
34696689397,1
34696693559,1
34696742501,1
34696742746,1
34696754173,1
34696798214,1
34696808026,1
34696810534,1
34696843737,1
34696858923,1
34696877536,1
34696897621,1
34696897767,1
34696905286,1
34696917394,1
34696924903,1
34696927328,1
34696933717,1
34696938096,1
34696941206,1
34696952403,1
34696976954,1
34696980870,1
34696983644,1
34696987601,1
34696992391,1
34697026534,1
34697119427,1
34697129174,1
34697164284,1
34697170908,1
34697174410,1
34697189661,1
34697228639,1
34697239624,1
34697251788,1
34697267451,1
34697273808,1
34697287212,1
34697298211,1
34697308020,1
34697308029,1
34697308333,1
34697338661,1
34697344228,1
34697363976,1
34697369935,1
34697373569,1
34697378828,1
34697391933,1
34697409068,1
34697437738,1
34697438644,1
34697468278,1
34697479216,1
34697489411,1
34697498482,1
34697499181,1
34697507620,1
34697508664,1
34697508890,1
34697527078,1
34697537058,1
34697578053,1
34697579749,1
34697609929,1
34697615627,1
34697619703,1
34697624406,1
34697648851,1
34697679879,1
34697684864,1
34697719932,1
34697727243,1
34697728359,1
34697731099,1
34697732035,1
34697803218,1
34697871445,1
34697881827,1
34697881830,1
34697911422,1
34697912790,1
34697912804,1
34697914106,1
34697933545,1
34697942933,1
34697949638,1
34697953099,1
34697963501,1
34697965584,1
34698110721,1
34698115318,1
34698117019,1
34698131261,1
34698148426,1
34698162252,1
34698163825,1
34698174811,1
34698181148,1
34698183845,1
34698187427,1
34698196309,1
34698200539,1
34698274842,1
34698304101,1
34698373237,1
34698548895,1
34698688973,1
34698835650,1
34698883821,1
34698886866,1
34698930990,1
34698931019,1
34698958408,1
34698965020,1
34699000123,1
34699007825,1
34699017671,1
34699024476,1
34699073333,1
34699090937,1
34699095329,1
34699095366,1
34699099429,1
34699117593,1
34699119520,1
34699130920,1
34699168582,1
34699170944,1
34699217097,1
34699259986,1
34699311061,1
34699352926,1
34699355118,1
34699424303,1
34699444242,1
34699445018,1
34699470282,1
34699479359,1
34699487151,1
34699499598,1
34699516438,1
34699521056,1
34699537861,1
34699581621,1
34699607495,1
34699633241,1
34699651283,1
34699657343,1
34699670258,1
34699681716,1
34699695584,1
34699698236,1
34699701534,1
34699707267,1
34699736981,1
34699738026,1
34699741574,1
34699774789,1
34699783452,1
34699786024,1
34699794544,1
34699826129,1
34699834049,1
34699844377,1
34699866828,1
34699877111,1
34699897230,1
34699903691,1
34699922180,1
34699925618,1
34699934742,1
34699937168,1
34699938076,1
34699944707,1
34699944722,1
34699956991,1
34699965687,1
34699984524,1
34699986145,1
34699992957,1
34699997700,1
34699998565,1
34700080103,1
34700080701,1
34700550050,1
34700976415,1
34703937295,1
34704101115,1
34704141589,1
34704387253,1
34704508361,1
34704594296,1
34704655840,1
34704957425,1
34705092017,1
34705092617,1
34706877322,1
34707063384,1
34707661696,1
34708994937,1
34709530059,1
34710181113,1
34710441810,1
34711006913,1
34711010945,1
34711040840,1
34711159817,1
34711220012,1
34711246813,1
34711550659,1
34711557031,1
34711630867,1
34711692966,1
34711711711,1
34711720120,1
34711723747,1
34711723975,1
34711724244,1
34711730715,1
34711730866,1
34711730886,1
34711731318,1
34711739136,1
34711740029,1
34711744914,1
34711753524,1
34711774467,1
34711775651,1
34711786229,1
34711788791,1
34711913914,1
34711937867,1
34712347888,1
34712347902,1
34713364421,1
34714180667,1
34714591318,1
34714707335,1
34714782545,1
34716552520,1
34717060146,1
34717061467,1
34717061875,1
34717063940,1
34717064194,1
34717064230,1
34717064505,1
34717067289,1
34717067382,1
34717067730,1
34717068290,1
34717069139,1
34717069214,1
34717069745,1
34717113629,1
34717151003,1
34717192680,1
34717360777,1
34717705158,1
34717780219,1
34717781264,1
34717781292,1
34717782046,1
34717782515,1
34717783118,1
34717783486,1
34717783524,1
34717783802,1
34717784462,1
34717786099,1
34717786319,1
34717787135,1
34717788290,1
34717788532,1
34717791245,1
34717791659,1
34717792082,1
34717792218,1
34717792843,1
34717793289,1
34717793916,1
34717794222,1
34717794297,1
34717794418,1
34717794600,1
34717794736,1
34717794754,1
34717794757,1
34717795975,1
34717796164,1
34717796178,1
34717796224,1
34717796995,1
34717797100,1
34717797806,1
34717799075,1
34717988855,1
34719282617,1
34719484017,1
34719537192,1
34719785117,1
34719793596,1
34720258226,1
34720282721,1
34720607005,1
34721418066,1
34722122670,1
34722131172,1
34722136735,1
34722136883,1
34722147726,1
34722149347,1
34722150715,1
34722173137,1
34722195812,1
34722209170,1
34722273279,1
34722277228,1
34722295160,1
34722295636,1
34722300961,1
34722335611,1
34722340062,1
34722345241,1
34722349004,1
34722349783,1
34722351210,1
34722361260,1
34722372301,1
34722394577,1
34722400756,1
34722425921,1
34722434137,1
34722438488,1
34722442896,1
34722460169,1
34722462483,1
34722463915,1
34722475345,1
34722481710,1
34722481712,1
34722481714,1
34722486940,1
34722494744,1
34722511109,1
34722511908,1
34722516731,1
34722533211,1
34722534884,1
34722540759,1
34722543591,1
34722559202,1
34722572566,1
34722579130,1
34722597155,1
34722604435,1
34722604437,1
34722604780,1
34722604804,1
34722631122,1
34722666360,1
34722673682,1
34722675583,1
34722695518,1
34722702611,1
34722713253,1
34722726600,1
34722731235,1
34722754362,1
34722757987,1
34722764924,1
34722801587,1
34722839900,1
34722847231,1
34722868321,1
34722898036,1
34722906607,1
34722929381,1
34726026091,1
34726026093,1
34726026345,1
34726026346,1
34726026347,1
34726026348,1
34726026350,1
34726026351,1
34726026352,1
34727314812,1
34727427103,1
34727427130,1
34727427152,1
34727427165,1
34727427167,1
34727427464,1
34727427469,1
34727702797,1
34727711302,1
34727716145,1
34727720748,1
34727720794,1
34727720809,1
34727720900,1
34727731379,1
34727731779,1
34727732682,1
34727732914,1
34727735787,1
34727760277,1
34727774764,1
34727783171,1
34727783819,1
34727787934,1
34727794554,1
34728172171,1
34729250360,1
34729522221,1
34729640248,1
34729835622,1
34729937432,1
34730087151,1
34730129222,1
34730210062,1
34730617911,1
34730669866,1
34730795402,1
34731062726,1
34731076972,1
34731832965,1
34731838916,1
34731899375,1
34732137594,1
34732280716,1
34732542295,1
34734094161,1
34734129087,1
34734562676,1
34735171721,1
34735514092,1
34738796663,1
34739815678,1
34741831783,1
34741837610,1
34741848269,1
34741913008,1
34741913039,1
34742050467,1
34742063237,1
34742112241,1
34742112320,1
34742112322,1
34742112324,1
34742112325,1
34742112368,1
34742210620,1
34743048783,1
34743594354,1
34744056572,1
34744140152,1
34744191092,1
34744275276,1
34744403371,1
34744415882,1
34744443977,1
34744457645,1
34744458362,1
34744460769,1
34744464888,1
34744497025,1
34744510591,1
34744630844,1
34744638917,1
34744641906,1
34744693291,1
34744707632,1
34744716498,1
34744734534,1
34744780863,1
34744780908,1
34744780930,1
34744781146,1
34744781173,1
34744781444,1
34744781558,1
34744781832,1
34744781834,1
34744781844,1
34744781851,1
34744786816,1
34744786836,1
34744787249,1
34744787460,1
34744787674,1
34744788083,1
34744790667,1
34744795804,1
34745007725,1
34745012646,1
34745022275,1
34745122178,1
34745201258,1
34745217862,1
34745223476,1
34745229777,1
34745229797,1
34745229929,1
34745232478,1
34745233391,1
34745233636,1
34745233690,1
34745234715,1
34745235122,1
34745235163,1
34745235404,1
34745235456,1
34745235560,1
34745363248,1
34745380687,1
34747355103,1
34747355543,1
34747440155,1
34747450598,1
34747452621,1
34747452699,1
34747456781,1
34747726109,1
34747729562,1
34747749405,1
34747751715,1
34747756567,1
34747758186,1
34747783947,1
34747795863,1
34747851472,1
34747856048,1
34747857028,1
34747861130,1
34748000110,1
34748888449,1
34749095338,1
34749577305,1
34751137573,1
34751400952,1
34751595085,1
34752031477,1
34752066585,1
34754799572,1
34755128505,1
34756545022,1
34756947260,1
34757429235,1
34757748482,1
34758860269,1
34758894366,1
34759517285,1
34759517305,1
34759517341,1
34760618065,1
34761230003,1
34761532053,1
34762485659,1
34763111627,1
34763559989,1
34763559991,1
34763559996,1
34764822398,1
34766936028,1
34767978252,1
34768360489,1
34768919867,1
34768928643,1
34768936133,1
34768943745,1
34768947001,1
34768955965,1
34768956012,1
34768959152,1
34768991168,1
34768993049,1
34768995728,1
34768995801,1
34768996260,1
34769000270,1
34769000358,1
34769009937,1
34769018890,1
34769028693,1
34769073539,1
34769073874,1
34769080032,1
34769080080,1
34769083024,1
34769087084,1
34769089507,1
34769098342,1
34769108040,1
34769110301,1
34769114204,1
34769159174,1
34769159190,1
34769165072,1
34769165809,1
34769166652,1
34769168062,1
34769168649,1
34769174238,1
34769177846,1
34769185104,1
34769194907,1
34769198405,1
34769242157,1
34769246890,1
34769251407,1
34769290685,1
34769351409,1
34769381472,1
34769381934,1
34769417153,1
34769422713,1
34769424497,1
34769428694,1
34769431900,1
34769447617,1
34769461699,1
34769503524,1
34769508493,1
34769510118,1
34769518952,1
34769519147,1
34769520329,1
34769521398,1
34769526755,1
34769531471,1
34769534792,1
34769535066,1
34769535392,1
34769541642,1
34769541652,1
34769564579,1
34769594177,1
34769594200,1
34769594537,1
34769595599,1
34769596961,1
34769600846,1
34769611393,1
34769614518,1
34769625188,1
34769625347,1
34769625375,1
34769631844,1
34769677202,1
34769688386,1
34769691670,1
34769691686,1
34769691701,1
34769691724,1
34769694833,1
34769699248,1
34769705624,1
34769705629,1
34769709053,1
34769709736,1
34769714628,1
34769716163,1
34769718428,1
34769758336,1
34769765046,1
34769773366,1
34769776065,1
34769777011,1
34769778285,1
34769783685,1
34769784296,1
34769785860,1
34769795063,1
34769800613,1
34769812643,1
34769838453,1
34769877581,1
34769902303,1
34769933353,1
34770023825,1
34770031619,1
34770036833,1
34770039093,1
34770051340,1
34770060941,1
34770096212,1
34770109071,1
34770117467,1
34770117542,1
34770119624,1
34770119649,1
34770119666,1
34770128731,1
34770128889,1
34770129314,1
34770139720,1
34770142699,1
34770195317,1
34770196405,1
34770203448,1
34770210953,1
34770217066,1
34770218065,1
34770220810,1
34770284655,1
34770285749,1
34770302502,1
34770306598,1
34770308443,1
34770308674,1
34770311890,1
34770313495,1
34770316923,1
34770317934,1
34770331079,1
34770382877,1
34770383885,1
34770389336,1
34770391605,1
34770391968,1
34770396148,1
34770396169,1
34770399909,1
34770400932,1
34770401382,1
34770567717,1
34770617309,1
34770638619,1
34770643954,1
34770644980,1
34770645293,1
34770658025,1
34770666849,1
34770721972,1
34770725624,1
34770725665,1
34770732023,1
34770732654,1
34770736466,1
34770738304,1
34770739614,1
34770741661,1
34770748513,1
34770752716,1
34770794913,1
34770800962,1
34770804933,1
34770805965,1
34770808590,1
34770812506,1
34770825940,1
34770832831,1
34770835976,1
34770850893,1
34770866511,1
34770885795,1
34770889383,1
34770892518,1
34770896807,1
34770896876,1
34770902275,1
34770902294,1
34770902739,1
34770905387,1
34770905674,1
34770906886,1
34770912133,1
34770916279,1
34770916800,1
34770917300,1
34770920327,1
34770920702,1
34770972604,1
34770985530,1
34770988483,1
34770989169,1
34770992481,1
34771003488,1
34771016626,1
34771064427,1
34771073399,1
34771168833,1
34771184098,1
34771204215,1
34771234888,1
34771239997,1
34771245495,1
34771246180,1
34771246375,1
34771247679,1
34771252625,1
34771263366,1
34771269962,1
34771326328,1
34771330605,1
34771342024,1
34771342059,1
34771342083,1
34771342103,1
34771342119,1
34771342137,1
34771342154,1
34771342170,1
34771342187,1
34771342216,1
34771342256,1
34771342272,1
34771342289,1
34771342306,1
34771342331,1
34771342348,1
34771342365,1
34771342383,1
34771342410,1
34771342426,1
34771342468,1
34771342499,1
34771342514,1
34771342534,1
34771342550,1
34771342568,1
34771342585,1
34771342608,1
34771342625,1
34771342644,1
34771342663,1
34771342697,1
34771342714,1
34771342734,1
34771342800,1
34771342808,1
34771342816,1
34771342832,1
34771342847,1
34771342862,1
34771342878,1
34771342893,1
34771342909,1
34771342927,1
34771342944,1
34771342963,1
34771342980,1
34771342997,1
34771343013,1
34771343036,1
34771343081,1
34771343104,1
34771343138,1
34771343155,1
34771343174,1
34771343189,1
34771343207,1
34771343222,1
34771343238,1
34771343256,1
34771343274,1
34771345297,1
34771345344,1
34771345362,1
34771345380,1
34771345397,1
34771345418,1
34771345439,1
34771345458,1
34771345476,1
34771345495,1
34771345510,1
34771345524,1
34771345540,1
34771345556,1
34771345572,1
34771345596,1
34771345616,1
34771345631,1
34771345650,1
34771345667,1
34771345697,1
34771345713,1
34771345728,1
34771345742,1
34771345758,1
34771345782,1
34771345804,1
34771345821,1
34771345837,1
34771345853,1
34771345869,1
34771345884,1
34771345902,1
34771345921,1
34771345937,1
34771345953,1
34771345975,1
34771345992,1
34771346007,1
34771346282,1
34771346877,1
34771346896,1
34771346917,1
34771346936,1
34771346952,1
34771346968,1
34771346985,1
34771347012,1
34771347028,1
34771347061,1
34771347077,1
34771347096,1
34771347112,1
34771347128,1
34771347145,1
34771347160,1
34771347179,1
34771347197,1
34771347215,1
34771347231,1
34771347252,1
34771347268,1
34771347290,1
34771347313,1
34771347330,1
34771347348,1
34771349199,1
34771349921,1
34771350789,1
34771353977,1
34771357016,1
34771367886,1
34771405039,1
34771410175,1
34771418292,1
34771419585,1
34771419990,1
34771421724,1
34771422577,1
34771425476,1
34771425501,1
34771429649,1
34771441137,1
34771449134,1
34771450849,1
34771499471,1
34771505107,1
34771505782,1
34771506212,1
34771506429,1
34771506727,1
34771513845,1
34771514690,1
34771523899,1
34771557031,1
34771578350,1
34771589849,1
34771591447,1
34771595697,1
34771597947,1
34771613597,1
34771619181,1
34771619217,1
34771690647,1
34771690696,1
34771690751,1
34771700165,1
34771777258,1
34771782282,1
34771783990,1
34771797463,1
34771805005,1
34771839710,1
34771848260,1
34771854918,1
34771857027,1
34771858392,1
34771862249,1
34771867635,1
34771874333,1
34771923531,1
34771927293,1
34771928725,1
34771932857,1
34771934182,1
34771940558,1
34771967884,1
34771969833,1
34772011095,1
34772011137,1
34772011188,1
34772014516,1
34772016038,1
34772024503,1
34772029262,1
34772036745,1
34772041599,1
34772094318,1
34772106025,1
34772107030,1
34772109809,1
34772109843,1
34772112599,1
34772115909,1
34772116699,1
34772127375,1
34772132746,1
34772151957,1
34772186667,1
34772190653,1
34772195725,1
34772225879,1
34772273297,1
34772318561,1
34772334093,1
34772414824,1
34772449450,1
34772453891,1
34772456272,1
34772456605,1
34772458997,1
34772462102,1
34772466646,1
34772468945,1
34772474036,1
34772476582,1
34772529072,1
34772538585,1
34772538873,1
34772554096,1
34772567292,1
34772571658,1
34772571690,1
34772604437,1
34772617849,1
34772626790,1
34772628812,1
34772639897,1
34772641290,1
34772650040,1
34772650428,1
34772655187,1
34772655298,1
34772706522,1
34772708333,1
34772708536,1
34772710269,1
34772713485,1
34772731734,1
34772738888,1
34772741363,1
34772747638,1
34772752167,1
34772790624,1
34772790652,1
34772791495,1
34772792229,1
34772797371,1
34772806952,1
34772807917,1
34772811619,1
34772817903,1
34772818082,1
34772828058,1
34772828114,1
34772836451,1
34772836726,1
34772882081,1
34772891534,1
34772951987,1
34773031134,1
34773047216,1
34773057808,1
34773058576,1
34773059531,1
34773059754,1
34773063611,1
34773067142,1
34773067859,1
34773073036,1
34773078677,1
34773084274,1
34773084321,1
34773085074,1
34773086502,1
34773100385,1
34773144639,1
34773145954,1
34773147350,1
34773149346,1
34773155513,1
34773159469,1
34773223289,1
34773226207,1
34773226890,1
34773231381,1
34773241014,1
34773242068,1
34773245639,1
34773246362,1
34773250164,1
34773266010,1
34773267816,1
34773281983,1
34773303604,1
34773307244,1
34773309813,1
34773310368,1
34773315694,1
34773315836,1
34773315931,1
34773320767,1
34773328991,1
34773331679,1
34773336535,1
34773340184,1
34773345274,1
34773351129,1
34773385503,1
34773403961,1
34773405175,1
34773406103,1
34773408311,1
34773411962,1
34773415402,1
34773416211,1
34773422544,1
34773437447,1
34773487345,1
34773644021,1
34773644058,1
34773657704,1
34773658443,1
34773659241,1
34773664703,1
34773665952,1
34773670583,1
34773673173,1
34773674757,1
34773679913,1
34773681601,1
34773683738,1
34773733695,1
34773739581,1
34773742322,1
34773746129,1
34773746311,1
34773746388,1
34773750796,1
34773752349,1
34773754689,1
34773763586,1
34773764709,1
34773767475,1
34773768919,1
34773774365,1
34773823654,1
34773827645,1
34773828769,1
34773829144,1
34773835665,1
34773836806,1
34773836982,1
34773840547,1
34773850464,1
34773851911,1
34773853617,1
34773853868,1
34773854930,1
34773855013,1
34773856262,1
34773867934,1
34773878265,1
34773884814,1
34773913213,1
34773917950,1
34773922627,1
34773924537,1
34773925062,1
34773928394,1
34773931301,1
34773937305,1
34773945558,1
34773948687,1
34773951875,1
34774001614,1
34774002939,1
34774003882,1
34774007447,1
34774007550,1
34774009604,1
34774012381,1
34774014629,1
34774015080,1
34774024003,1
34774025380,1
34774025463,1
34774037251,1
34774077296,1
34774085993,1
34774112807,1
34774116419,1
34774126719,1
34774134543,1
34774196302,1
34774244362,1
34774256372,1
34774258230,1
34774262766,1
34774267547,1
34774268944,1
34774268993,1
34774274632,1
34774275977,1
34774276661,1
34774280504,1
34774280977,1
34774282496,1
34774283892,1
34774285275,1
34774290896,1
34774294845,1
34774299454,1
34774333397,1
34774333462,1
34774337967,1
34774341057,1
34774342336,1
34774343778,1
34774343912,1
34774353496,1
34774356207,1
34774358850,1
34774359827,1
34774360153,1
34774361166,1
34774362337,1
34774362658,1
34774364409,1
34774364465,1
34774370037,1
34774370045,1
34774370073,1
34774370102,1
34774370384,1
34774371217,1
34774371974,1
34774372673,1
34774380978,1
34774381423,1
34774383633,1
34774385505,1
34774434536,1
34774435690,1
34774435706,1
34774437292,1
34774451391,1
34774452530,1
34774453071,1
34774456211,1
34774464528,1
34774468851,1
34774504316,1
34774515144,1
34774515646,1
34774516307,1
34774519859,1
34774520873,1
34774522278,1
34774527480,1
34774537109,1
34774537528,1
34774537570,1
34774545796,1
34774546886,1
34774550586,1
34774550786,1
34774607109,1
34774612904,1
34774613256,1
34774621058,1
34774626334,1
34774626379,1
34774633721,1
34774640588,1
34774658784,1
34774703588,1
34774822198,1
34774861838,1
34774862172,1
34774863999,1
34774874424,1
34774875419,1
34774879188,1
34774890628,1
34774899540,1
34774924597,1
34774949175,1
34774954417,1
34774959257,1
34774970703,1
34774974309,1
34774974438,1
34774974470,1
34774974892,1
34774977467,1
34774978990,1
34774979551,1
34775028162,1
34775031811,1
34775034713,1
34775035247,1
34775051967,1
34775052908,1
34775057331,1
34775059352,1
34775063748,1
34775073799,1
34775125739,1
34775140066,1
34775147795,1
34775148265,1
34775157826,1
34775161258,1
34775215704,1
34775241742,1
34775266491,1
34775304081,1
34775399149,1
34775416796,1
34775457841,1
34775464853,1
34775475515,1
34775479124,1
34775482653,1
34775486115,1
34775489699,1
34775491027,1
34775494795,1
34775502443,1
34775543431,1
34775553874,1
34775554115,1
34775558856,1
34775559758,1
34775568535,1
34775571928,1
34775574748,1
34775581336,1
34775585334,1
34775635509,1
34775644209,1
34775644759,1
34775644918,1
34775650749,1
34775650789,1
34775657279,1
34775660166,1
34775667941,1
34775678571,1
34775678613,1
34775678662,1
34775726378,1
34775726402,1
34775726420,1
34775728686,1
34775730785,1
34775739036,1
34775742122,1
34775749143,1
34775749144,1
34775813072,1
34775814310,1
34775818420,1
34775829396,1
34775835487,1
34775835645,1
34775836405,1
34775842457,1
34775875766,1
34775892957,1
34775926585,1
34775950142,1
34775959293,1
34776015154,1
34776025634,1
34776066568,1
34776067950,1
34776067983,1
34776069072,1
34776078225,1
34776078404,1
34776078472,1
34776079189,1
34776081210,1
34776082482,1
34776084471,1
34776089139,1
34776102714,1
34776109768,1
34776112641,1
34776114255,1
34776115408,1
34776153558,1
34776155663,1
34776155686,1
34776155729,1
34776155742,1
34776159220,1
34776159518,1
34776160592,1
34776160616,1
34776176873,1
34776183424,1
34776188097,1
34776206708,1
34776232769,1
34776256859,1
34776256991,1
34776260776,1
34776261069,1
34776262761,1
34776268328,1
34776276607,1
34776281403,1
34776283821,1
34776285740,1
34776292129,1
34776334983,1
34776335313,1
34776339954,1
34776341990,1
34776342575,1
34776346017,1
34776347697,1
34776347725,1
34776347739,1
34776349950,1
34776359886,1
34776363918,1
34776368797,1
34776401100,1
34776402511,1
34776412620,1
34776415643,1
34776415647,1
34776420937,1
34776421532,1
34776421583,1
34776424262,1
34776431022,1
34776433208,1
34776434518,1
34776435721,1
34776438764,1
34776438889,1
34776439449,1
34776441601,1
34776446567,1
34776478765,1
34776499503,1
34776504369,1
34776526783,1
34776550602,1
34776588874,1
34776629357,1
34776672317,1
34776674044,1
34776676548,1
34776677987,1
34776678347,1
34776678572,1
34776678918,1
34776681682,1
34776682454,1
34776683411,1
34776684510,1
34776685910,1
34776686904,1
34776688486,1
34776692149,1
34776695150,1
34776698172,1
34776700809,1
34776701004,1
34776705354,1
34776707219,1
34776707337,1
34776714995,1
34776749633,1
34776758213,1
34776759423,1
34776763077,1
34776765146,1
34776765225,1
34776765750,1
34776766401,1
34776767770,1
34776767907,1
34776769873,1
34776771238,1
34776771285,1
34776771327,1
34776771948,1
34776772232,1
34776774341,1
34776774492,1
34776775592,1
34776778827,1
34776779758,1
34776781565,1
34776781602,1
34776784255,1
34776791803,1
34776792341,1
34776797977,1
34776807007,1
34776807037,1
34776844748,1
34776846021,1
34776847384,1
34776847534,1
34776847940,1
34776853289,1
34776853904,1
34776854180,1
34776855544,1
34776856096,1
34776856864,1
34776857556,1
34776859663,1
34776859938,1
34776859950,1
34776860014,1
34776860176,1
34776861755,1
34776861972,1
34776862028,1
34776862985,1
34776864002,1
34776867904,1
34776868424,1
34776870082,1
34776872528,1
34776873222,1
34776874305,1
34776874356,1
34776874397,1
34776875329,1
34776878177,1
34776878769,1
34776879085,1
34776879700,1
34776880270,1
34776881316,1
34776883606,1
34776889131,1
34776926134,1
34776928327,1
34776928663,1
34776932425,1
34776934588,1
34776936793,1
34776936842,1
34776937292,1
34776938043,1
34776938695,1
34776939336,1
34776939903,1
34776943382,1
34776943431,1
34776944271,1
34776945203,1
34776945897,1
34776948360,1
34776951103,1
34776951149,1
34776951355,1
34776951802,1
34776953753,1
34776953929,1
34776958362,1
34776959029,1
34776959996,1
34776960894,1
34776962248,1
34776964128,1
34776964575,1
34776968325,1
34776975634,1
34776977425,1
34776979809,1
34777000492,1
34777012338,1
34777012790,1
34777013358,1
34777014194,1
34777016863,1
34777022199,1
34777023877,1
34777023929,1
34777026475,1
34777027840,1
34777027927,1
34777030204,1
34777030267,1
34777032403,1
34777033205,1
34777035271,1
34777035385,1
34777037585,1
34777038177,1
34777041354,1
34777042708,1
34777051542,1
34777058197,1
34777079386,1
34777102895,1
34777102950,1
34777135455,1
34777138028,1
34777178810,1
34777191326,1
34777202117,1
34777220111,1
34777240746,1
34777279196,1
34777280035,1
34777280421,1
34777280435,1
34777283256,1
34777286679,1
34777287065,1
34777287581,1
34777288709,1
34777289744,1
34777290632,1
34777291989,1
34777295011,1
34777296794,1
34777300987,1
34777305766,1
34777306883,1
34777307480,1
34777311612,1
34777311670,1
34777312611,1
34777313885,1
34777315184,1
34777319043,1
34777319087,1
34777319407,1
34777323574,1
34777325743,1
34777347292,1
34777355003,1
34777362142,1
34777362171,1
34777362190,1
34777364543,1
34777368998,1
34777369016,1
34777369047,1
34777369620,1
34777370249,1
34777370901,1
34777371375,1
34777374629,1
34777375622,1
34777380954,1
34777381079,1
34777383613,1
34777383791,1
34777384496,1
34777387317,1
34777388796,1
34777392370,1
34777392896,1
34777393179,1
34777393266,1
34777394520,1
34777395755,1
34777395790,1
34777398363,1
34777402149,1
34777402434,1
34777403448,1
34777410311,1
34777412849,1
34777446443,1
34777451796,1
34777452095,1
34777454218,1
34777454522,1
34777455080,1
34777455857,1
34777455880,1
34777457552,1
34777462110,1
34777462270,1
34777462647,1
34777466339,1
34777466762,1
34777466875,1
34777468149,1
34777468693,1
34777472675,1
34777475409,1
34777475745,1
34777477516,1
34777477991,1
34777479069,1
34777481944,1
34777481997,1
34777482233,1
34777484206,1
34777484805,1
34777497325,1
34777533631,1
34777535231,1
34777542523,1
34777543278,1
34777544826,1
34777545287,1
34777548179,1
34777551526,1
34777560207,1
34777561515,1
34777562108,1
34777562191,1
34777562670,1
34777562806,1
34777562891,1
34777562949,1
34777564336,1
34777572479,1
34777578025,1
34777593254,1
34777629142,1
34777629678,1
34777680442,1
34777680606,1
34777759488,1
34777772697,1
34777877968,1
34777882798,1
34777886840,1
34777892166,1
34777898569,1
34777904845,1
34777907436,1
34777909196,1
34777910695,1
34777911876,1
34777912153,1
34777912654,1
34777917948,1
34777918029,1
34777919360,1
34777924181,1
34777926071,1
34777965415,1
34777976701,1
34777977175,1
34777978511,1
34777978752,1
34777979429,1
34777979437,1
34777980432,1
34777982779,1
34777989247,1
34777993297,1
34777999319,1
34778000538,1
34778000745,1
34778000818,1
34778001430,1
34778007464,1
34778055516,1
34778057481,1
34778058789,1
34778060044,1
34778060705,1
34778060922,1
34778063089,1
34778063147,1
34778063165,1
34778074245,1
34778076669,1
34778077068,1
34778080073,1
34778080474,1
34778085096,1
34778085878,1
34778089731,1
34778093212,1
34778154157,1
34778156871,1
34778157240,1
34778160178,1
34778160393,1
34778161890,1
34778164251,1
34778172698,1
34778173894,1
34778175111,1
34778175159,1
34778225499,1
34778226947,1
34778232837,1
34778241154,1
34778241172,1
34778244784,1
34778245730,1
34778246291,1
34778246739,1
34778247195,1
34778256059,1
34778256228,1
34778258335,1
34778259905,1
34778261228,1
34778261235,1
34778268720,1
34778272659,1
34778340647,1
34778353462,1
34778359600,1
34778362916,1
34778369485,1
34778372188,1
34778373960,1
34778396734,1
34778410643,1
34778429861,1
34778439862,1
34778485918,1
34778490230,1
34778490520,1
34778494365,1
34778503544,1
34778503979,1
34778504783,1
34778505330,1
34778509119,1
34778511612,1
34778520859,1
34778522960,1
34778527594,1
34778536276,1
34778574700,1
34778576715,1
34778578692,1
34778580655,1
34778581125,1
34778584306,1
34778585248,1
34778591457,1
34778596947,1
34778599230,1
34778603309,1
34778603997,1
34778605187,1
34778605722,1
34778612885,1
34778619658,1
34778619980,1
34778620508,1
34778620509,1
34778657019,1
34778660575,1
34778660716,1
34778667192,1
34778669568,1
34778669579,1
34778670251,1
34778678773,1
34778679834,1
34778682223,1
34778685510,1
34778690477,1
34778693337,1
34778694906,1
34778698251,1
34778700469,1
34778741608,1
34778748201,1
34778748305,1
34778748951,1
34778752028,1
34778752660,1
34778753220,1
34778754459,1
34778755485,1
34778757364,1
34778758487,1
34778763640,1
34778768469,1
34778771413,1
34778771416,1
34778772605,1
34778775124,1
34778775467,1
34778778105,1
34778781313,1
34778783139,1
34778786214,1
34778786608,1
34778793998,1
34778798455,1
34778832338,1
34778841980,1
34778842742,1
34778842828,1
34778842866,1
34778842921,1
34778843820,1
34778849121,1
34778851059,1
34778854620,1
34778855718,1
34778857095,1
34778861452,1
34778867013,1
34778868986,1
34778933137,1
34778958512,1
34778962371,1
34778968851,1
34778983461,1
34779015541,1
34779020782,1
34779039456,1
34779054239,1
34779093475,1
34779094478,1
34779095101,1
34779095596,1
34779097148,1
34779097528,1
34779102456,1
34779102904,1
34779102953,1
34779102983,1
34779103499,1
34779103708,1
34779104353,1
34779104672,1
34779104740,1
34779106312,1
34779106956,1
34779107410,1
34779109328,1
34779115202,1
34779120740,1
34779122222,1
34779131178,1
34779170426,1
34779170451,1
34779170591,1
34779184099,1
34779185370,1
34779186581,1
34779187851,1
34779188183,1
34779195059,1
34779195812,1
34779196982,1
34779197047,1
34779197935,1
34779199023,1
34779199083,1
34779199669,1
34779200185,1
34779205767,1
34779206625,1
34779211253,1
34779216062,1
34779233707,1
34779233718,1
34779254975,1
34779259312,1
34779261369,1
34779264922,1
34779265909,1
34779267629,1
34779267941,1
34779267962,1
34779268638,1
34779272536,1
34779272624,1
34779275470,1
34779276749,1
34779276862,1
34779276894,1
34779276911,1
34779276934,1
34779276958,1
34779277079,1
34779279646,1
34779283087,1
34779284636,1
34779292133,1
34779294080,1
34779304150,1
34779313754,1
34779331535,1
34779338644,1
34779351811,1
34779356296,1
34779358724,1
34779361155,1
34779362687,1
34779365768,1
34779371898,1
34779372006,1
34779372851,1
34779373497,1
34779376090,1
34779379707,1
34779381026,1
34779393800,1
34779418059,1
34779428146,1
34779435501,1
34779444255,1
34779445162,1
34779446500,1
34779450173,1
34779450383,1
34779458762,1
34779461662,1
34779465985,1
34779467361,1
34779484906,1
34779502183,1
34779520705,1
34779520744,1
34779520775,1
34779520790,1
34779536075,1
34779540385,1
34779544627,1
34779553061,1
34779567769,1
34779607035,1
34779631797,1
34779635099,1
34779635143,1
34779643934,1
34779659415,1
34779698078,1
34779698118,1
34779701783,1
34779701865,1
34779701990,1
34779703788,1
34779705987,1
34779707810,1
34779710903,1
34779714350,1
34779717507,1
34779717887,1
34779718576,1
34779718608,1
34779718874,1
34779720254,1
34779721065,1
34779721364,1
34779723970,1
34779724225,1
34779724640,1
34779726947,1
34779732114,1
34779735231,1
34779750536,1
34779782490,1
34779782991,1
34779788903,1
34779795031,1
34779795801,1
34779797123,1
34779797885,1
34779799346,1
34779800263,1
34779800380,1
34779803112,1
34779804647,1
34779804703,1
34779806491,1
34779809013,1
34779809610,1
34779810827,1
34779813600,1
34779821034,1
34779821773,1
34779822656,1
34779826165,1
34779859705,1
34779868428,1
34779868443,1
34779868444,1
34779868445,1
34779872231,1
34779877825,1
34779880526,1
34779881229,1
34779885067,1
34779887275,1
34779888282,1
34779889793,1
34779892202,1
34779894436,1
34779899195,1
34779900396,1
34779901794,1
34779957816,1
34779962973,1
34779965367,1
34779967293,1
34779968181,1
34779978450,1
34779978587,1
34779982502,1
34779984311,1
34779987503,1
34779991200,1
34779993715,1
34780016627,1
34780033035,1
34780039188,1
34780045689,1
34780047568,1
34780048815,1
34780049727,1
34780050027,1
34780055267,1
34780056687,1
34780058262,1
34780062871,1
34780065355,1
34780066587,1
34780068985,1
34780071226,1
34780080038,1
34780080510,1
34780092778,1
34780097276,1
34780216831,1
34780245009,1
34780250279,1
34780261712,1
34780280656,1
34780307012,1
34780308387,1
34780314011,1
34780315274,1
34780315289,1
34780315779,1
34780320601,1
34780326010,1
34780333788,1
34780336038,1
34780339040,1
34780345492,1
34780345523,1
34780345567,1
34780346693,1
34780383560,1
34780387271,1
34780389323,1
34780389572,1
34780389721,1
34780393231,1
34780397220,1
34780398939,1
34780399116,1
34780399827,1
34780401980,1
34780402006,1
34780402027,1
34780402531,1
34780403581,1
34780404000,1
34780404168,1
34780406231,1
34780407929,1
34780410198,1
34780410746,1
34780413033,1
34780413594,1
34780414487,1
34780420012,1
34780420429,1
34780426225,1
34780473248,1
34780475514,1
34780478255,1
34780478658,1
34780484006,1
34780494330,1
34780496452,1
34780503291,1
34780508606,1
34780509844,1
34780511038,1
34780514287,1
34780518723,1
34780562200,1
34780564014,1
34780564416,1
34780564752,1
34780570786,1
34780578876,1
34780580279,1
34780582872,1
34780584922,1
34780586276,1
34780587614,1
34780589174,1
34780595805,1
34780603414,1
34780621008,1
34780652458,1
34780654313,1
34780654717,1
34780655502,1
34780662237,1
34780666736,1
34780677860,1
34780682298,1
34780688442,1
34780689075,1
34780761978,1
34780762026,1
34780769490,1
34780827549,1
34780829510,1
34780829548,1
34780842598,1
34780856105,1
34780903050,1
34780905754,1
34780911366,1
34780913864,1
34780918132,1
34780918147,1
34780919269,1
34780920246,1
34780921835,1
34780925232,1
34780931704,1
34780932283,1
34780932285,1
34780937268,1
34780943491,1
34780989183,1
34780989953,1
34780990000,1
34780990417,1
34780998219,1
34781002331,1
34781008119,1
34781009408,1
34781016332,1
34781016656,1
34781020073,1
34781022679,1
34781026742,1
34781027214,1
34781027768,1
34781029796,1
34781039297,1
34781079124,1
34781083853,1
34781084217,1
34781089580,1
34781098322,1
34781098740,1
34781099315,1
34781100537,1
34781105451,1
34781108241,1
34781108283,1
34781109100,1
34781112619,1
34781122755,1
34781168132,1
34781168185,1
34781172106,1
34781172524,1
34781172550,1
34781173812,1
34781174438,1
34781175625,1
34781197856,1
34781199372,1
34781215081,1
34781227721,1
34781271666,1
34781279603,1
34781279625,1
34781283775,1
34781286299,1
34781290578,1
34781343886,1
34781418352,1
34781468593,1
34781482548,1
34781512007,1
34781519070,1
34781524188,1
34781524614,1
34781526348,1
34781527130,1
34781531430,1
34781531471,1
34781533547,1
34781534623,1
34781537417,1
34781540927,1
34781545766,1
34781547389,1
34781603418,1
34781608933,1
34781608967,1
34781609824,1
34781628404,1
34781634573,1
34781637235,1
34781690774,1
34781696564,1
34781699971,1
34781702955,1
34781705454,1
34781711721,1
34781711768,1
34781722642,1
34781772448,1
34781773317,1
34781773325,1
34781779060,1
34781779104,1
34781779829,1
34781780539,1
34781780571,1
34781780601,1
34781780676,1
34781780696,1
34781781310,1
34781784834,1
34781790680,1
34781794116,1
34781825767,1
34781826043,1
34781861359,1
34781888891,1
34781897966,1
34781950775,1
34781962625,1
34782038213,1
34782044517,1
34782081770,1
34782120261,1
34782120278,1
34782120312,1
34782128923,1
34782133657,1
34782135449,1
34782138238,1
34782145388,1
34782151628,1
34782163646,1
34782176924,1
34782206566,1
34782210701,1
34782211683,1
34782220071,1
34782222251,1
34782224519,1
34782237474,1
34782241113,1
34782306379,1
34782310597,1
34782313219,1
34782315858,1
34782319642,1
34782322820,1
34782382155,1
34782384455,1
34782384567,1
34782384620,1
34782384655,1
34782384710,1
34782384787,1
34782384821,1
34782384853,1
34782384903,1
34782386094,1
34782386771,1
34782388612,1
34782390478,1
34782395660,1
34782402610,1
34782406228,1
34782451124,1
34782460615,1
34782466461,1
34782472468,1
34782474807,1
34782481363,1
34782487667,1
34782560589,1
34782577257,1
34782662208,1
34782666031,1
34782728099,1
34782731729,1
34782734586,1
34782741056,1
34782745074,1
34782745106,1
34782760586,1
34782809226,1
34782812443,1
34782812831,1
34782815289,1
34782829193,1
34782838123,1
34782849592,1
34782887288,1
34782898814,1
34782907958,1
34782911757,1
34782925459,1
34782931774,1
34782979741,1
34782979764,1
34782979775,1
34782983198,1
34782983252,1
34782983894,1
34782986698,1
34782990439,1
34782997326,1
34782997405,1
34783010772,1
34783017336,1
34783021802,1
34783025117,1
34783072085,1
34783083488,1
34783083560,1
34783095727,1
34783106772,1
34783156917,1
34783157083,1
34783175761,1
34783225310,1
34783238412,1
34783242691,1
34783339890,1
34783342257,1
34783346419,1
34783349586,1
34783351818,1
34783354170,1
34783415201,1
34783416835,1
34783416861,1
34783431506,1
34783433314,1
34783435478,1
34783441152,1
34783468833,1
34783501070,1
34783504350,1
34783507467,1
34783507671,1
34783519435,1
34783525328,1
34783525438,1
34783534447,1
34783541924,1
34783582823,1
34783591201,1
34783594523,1
34783597916,1
34783601299,1
34783617401,1
34783620115,1
34783624526,1
34783674923,1
34783676038,1
34783677406,1
34783681470,1
34783681653,1
34783684875,1
34783686558,1
34783691872,1
34783693336,1
34783702629,1
34783707434,1
34783767199,1
34783793330,1
34783810995,1
34783857972,1
34783859208,1
34783871631,1
34783894336,1
34783928012,1
34783939711,1
34783945037,1
34783951901,1
34783954780,1
34783960116,1
34783961053,1
34783963913,1
34783969071,1
34784014555,1
34784023229,1
34784031079,1
34784037026,1
34784045275,1
34784114299,1
34784120636,1
34784127071,1
34784128793,1
34784130331,1
34784130499,1
34784130752,1
34784131294,1
34784141152,1
34784152818,1
34784186938,1
34784202410,1
34784208291,1
34784234321,1
34784277928,1
34784282011,1
34784292299,1
34784296465,1
34784298122,1
34784302783,1
34784304001,1
34784316165,1
34784316195,1
34784382616,1
34784382705,1
34784534432,1
34784540335,1
34784540376,1
34784540406,1
34784540459,1
34784540504,1
34784540556,1
34784540622,1
34784540937,1
34784541312,1
34784541339,1
34784541384,1
34784541421,1
34784541462,1
34784541514,1
34784541636,1
34784541669,1
34784541692,1
34784541721,1
34784541750,1
34784541780,1
34784542005,1
34784542043,1
34784542070,1
34784542101,1
34784542132,1
34784542307,1
34784542340,1
34784542785,1
34784542838,1
34784542882,1
34784542907,1
34784542987,1
34784543011,1
34784543040,1
34784543067,1
34784543115,1
34784543142,1
34784543286,1
34784543311,1
34784543336,1
34784543357,1
34784543739,1
34784551611,1
34784551723,1
34784554553,1
34784558256,1
34784558288,1
34784558320,1
34784558349,1
34784558377,1
34784558404,1
34784558427,1
34784558453,1
34784558490,1
34784558526,1
34784558551,1
34784558580,1
34784558652,1
34784558679,1
34784558865,1
34784558892,1
34784558915,1
34784558951,1
34784558979,1
34784559001,1
34784559035,1
34784559254,1
34784559284,1
34784559306,1
34784559329,1
34784559346,1
34784559368,1
34784559389,1
34784563010,1
34784576773,1
34784619515,1
34784631217,1
34784635807,1
34784647384,1
34784651771,1
34784659410,1
34784668467,1
34784699316,1
34784704633,1
34784707143,1
34784712699,1
34784712731,1
34784712775,1
34784712826,1
34784712940,1
34784712994,1
34784713280,1
34784714014,1
34784714073,1
34784714648,1
34784714744,1
34784720351,1
34784733281,1
34784742071,1
34784746920,1
34784746944,1
34784746958,1
34784758964,1
34784798057,1
34784803750,1
34784804321,1
34784805328,1
34784829836,1
34784830119,1
34784832634,1
34784888935,1
34784890113,1
34784892985,1
34784903764,1
34784903812,1
34784903886,1
34784903931,1
34784903983,1
34784908800,1
34784912368,1
34784962527,1
34784962609,1
34785011522,1
34785071973,1
34785151278,1
34785151302,1
34785163471,1
34785167989,1
34785224472,1
34785232828,1
34785240339,1
34785241777,1
34785242755,1
34785249055,1
34785251517,1
34785308292,1
34785319596,1
34785331939,1
34785331999,1
34785344921,1
34785407587,1
34785418765,1
34785424156,1
34785425875,1
34785425975,1
34785427053,1
34785472848,1
34785486718,1
34785487645,1
34785500131,1
34785518808,1
34785520980,1
34785522300,1
34785582386,1
34785586506,1
34785586572,1
34785586615,1
34785586645,1
34785586656,1
34785616595,1
34785661917,1
34785713289,1
34785747343,1
34785753741,1
34785765399,1
34785767400,1
34785840603,1
34785850373,1
34785853100,1
34785855949,1
34785899906,1
34785929593,1
34785930036,1
34785934414,1
34786007818,1
34786020566,1
34786024307,1
34786088195,1
34786135069,1
34786279762,1
34786279872,1
34786286496,1
34786292244,1
34786369531,1
34786376317,1
34786438054,1
34786441634,1
34786448749,1
34786457298,1
34786457396,1
34786460317,1
34786540346,1
34786547901,1
34786548099,1
34786559967,1
34786599162,1
34786599208,1
34786599242,1
34786626395,1
34786629278,1
34786644756,1
34786664162,1
34786695970,1
34786709862,1
34786730446,1
34786733973,1
34786736581,1
34786878729,1
34786884574,1
34786885822,1
34786913299,1
34786942385,1
34786962449,1
34786980732,1
34786984977,1
34786986674,1
34787043509,1
34787067004,1
34787070801,1
34787074540,1
34787151222,1
34787154519,1
34787159155,1
34787160485,1
34787163998,1
34787179547,1
34787240459,1
34787308025,1
34787312682,1
34787321044,1
34787419077,1
34787425477,1
34787448319,1
34787511568,1
34787564757,1
34787574704,1
34787577438,1
34787582441,1
34787588425,1
34787589301,1
34787596108,1
34787654940,1
34787656437,1
34787681824,1
34787717586,1
34787729493,1
34787746627,1
34787746970,1
34787752932,1
34787760615,1
34787776525,1
34787823541,1
34787836674,1
34787842902,1
34787844794,1
34787848262,1
34787848594,1
34787897863,1
34787911778,1
34787947771,1
34787955403,1
34787989160,1
34788000131,1
34788083106,1
34788098572,1
34788132185,1
34788171301,1
34788175352,1
34788178574,1
34788189369,1
34788194533,1
34788260929,1
34788260943,1
34788260964,1
34788260988,1
34788265137,1
34788268004,1
34788268952,1
34788270157,1
34788271170,1
34788273278,1
34788296038,1
34788299577,1
34788347526,1
34788347909,1
34788348959,1
34788352484,1
34788355917,1
34788356238,1
34788357281,1
34788362620,1
34788426758,1
34788427399,1
34788429308,1
34788439925,1
34788443075,1
34788445004,1
34788450898,1
34788452520,1
34788469343,1
34788512008,1
34788518554,1
34788518725,1
34788542206,1
34788598024,1
34788607040,1
34788618608,1
34788777587,1
34788778133,1
34788809173,1
34788814053,1
34788881801,1
34788950636,1
34788956031,1
34789028890,1
34789033049,1
34789033085,1
34789033602,1
34789033642,1
34789033668,1
34789033792,1
34789033837,1
34789033941,1
34789033979,1
34789034005,1
34789034118,1
34789034146,1
34789034174,1
34789034203,1
34789034233,1
34789034259,1
34789034337,1
34789034363,1
34789034395,1
34789034449,1
34789034479,1
34789034516,1
34789034545,1
34789034589,1
34789034695,1
34789034723,1
34789034756,1
34789034798,1
34789034834,1
34789034864,1
34789034886,1
34789034909,1
34789034935,1
34789034958,1
34789034991,1
34789035233,1
34789035266,1
34789035287,1
34789035313,1
34789035337,1
34789035362,1
34789035388,1
34789035411,1
34789035438,1
34789035517,1
34789035583,1
34789035607,1
34789035629,1
34789035654,1
34789035680,1
34789035820,1
34789035841,1
34789035871,1
34789035898,1
34789035926,1
34789035953,1
34789035983,1
34789036063,1
34789036096,1
34789036120,1
34789036141,1
34789036218,1
34789036240,1
34789036262,1
34789036291,1
34789036319,1
34789036343,1
34789036363,1
34789036384,1
34789036407,1
34789036451,1
34789036495,1
34789036519,1
34789036539,1
34789036579,1
34789036635,1
34789036659,1
34789036682,1
34789036702,1
34789036725,1
34789036752,1
34789036771,1
34789036796,1
34789036822,1
34789036841,1
34789036878,1
34789039714,1
34789039747,1
34789039770,1
34789039842,1
34789039862,1
34789039894,1
34789039924,1
34789039949,1
34789039971,1
34789040000,1
34789040023,1
34789040046,1
34789040071,1
34789040100,1
34789040126,1
34789040148,1
34789040170,1
34789040194,1
34789040233,1
34789040275,1
34789040533,1
34789040544,1
34789040573,1
34789040598,1
34789040618,1
34789040656,1
34789040682,1
34789040705,1
34789040727,1
34789040749,1
34789040770,1
34789040796,1
34789040830,1
34789040865,1
34789040889,1
34789040916,1
34789040963,1
34789040987,1
34789041008,1
34789041034,1
34789042241,1
34789048263,1
34789048303,1
34789048328,1
34789048352,1
34789048387,1
34789048412,1
34789050583,1
34789120366,1
34789123288,1
34789123416,1
34789133641,1
34789149002,1
34789156890,1
34789156963,1
34789157125,1
34789157258,1
34789157572,1
34789157906,1
34789159049,1
34789159484,1
34789256961,1
34789309275,1
34789313437,1
34789375376,1
34789390547,1
34789390721,1
34789391447,1
34789410423,1
34789413755,1
34789471727,1
34789483909,1
34789483931,1
34789483981,1
34789484017,1
34789484121,1
34789484174,1
34789484207,1
34789492512,1
34789493383,1
34789506873,1
34789541769,1
34789544405,1
34789544430,1
34789544442,1
34789544460,1
34789546710,1
34789548566,1
34789548638,1
34789548668,1
34789557279,1
34789561539,1
34789566716,1
34789568633,1
34789568758,1
34789568773,1
34789568812,1
34789568870,1
34789569115,1
34789571911,1
34789582726,1
34789582795,1
34789583867,1
34789698258,1
34789698259,1
34789698260,1
34789698261,1
34789698262,1
34789699329,1
34789699330,1
34789699331,1
34789699569,1
34789699570,1
34789699571,1
34789699572,1
34789699573,1
34789726373,1
34789735446,1
34789745733,1
34789746061,1
34789746179,1
34789749237,1
34789756776,1
34789756777,1
34789756778,1
34789756779,1
34789756780,1
34789811929,1
34789816125,1
34789830790,1
34789837323,1
34789841654,1
34789841655,1
34789841656,1
34789841657,1
34789841658,1
34789903883,1
34789928381,1
34789928382,1
34789928383,1
34789928384,1
34789928385,1
34789928386,1
34789932363,1
34789973983,1
34789973984,1
34789973985,1
34789973986,1
34789976598,1
34789976599,1
34789976600,1
34789976601,1
34789977007,1
34789977008,1
34789977009,1
34789977010,1
34789977011,1
34789977209,1
34789977210,1
34789977211,1
34789977212,1
34789982615,1
34789982670,1
34789982701,1
34789982736,1
34789982761,1
34789983019,1
34789991678,1
34789999087,1
34789999963,1
34790001444,1
34790006350,1
34790007717,1
34790010450,1
34790018045,1
34790021345,1
34790021346,1
34790021347,1
34790068249,1
34790084668,1
34790085959,1
34790087796,1
34790091000,1
34790093202,1
34790094221,1
34790101222,1
34790104748,1
34790104749,1
34790104750,1
34790104751,1
34790104752,1
34790104753,1
34790104819,1
34790104820,1
34790104821,1
34790133502,1
34790153032,1
34790158375,1
34790161483,1
34790167301,1
34790174505,1
34790184013,1
34790190980,1
34790190981,1
34790190982,1
34790190983,1
34790190984,1
34790190985,1
34790201921,1
34790210590,1
34790212385,1
34790226128,1
34790256295,1
34790256655,1
34790258446,1
34790260252,1
34790272533,1
34790278344,1
34790278345,1
34790278346,1
34790278347,1
34790278348,1
34790345360,1
34790345751,1
34790354297,1
34790365150,1
34790365151,1
34790365152,1
34790365153,1
34790372307,1
34790387743,1
34790403735,1
34790448405,1
34790448406,1
34790448407,1
34790448408,1
34790448409,1
34790536886,1
34790536887,1
34790536888,1
34790536889,1
34790536890,1
34790536891,1
34790536892,1
34790536893,1
34790584583,1
34790596282,1
34790598391,1
34790630775,1
34790630776,1
34790630777,1
34790630778,1
34790630779,1
34790630870,1
34790630871,1
34790630872,1
34790685755,1
34790686156,1
34790689999,1
34790699764,1
34790713052,1
34790713053,1
34790713054,1
34790713055,1
34790722712,1
34790757633,1
34790762049,1
34790770463,1
34790770725,1
34790771997,1
34790780713,1
34790786624,1
34790788128,1
34790791840,1
34790799803,1
34790799804,1
34790799805,1
34790799806,1
34790855680,1
34790861036,1
34790861293,1
34790866587,1
34790869712,1
34790887040,1
34790887041,1
34790887042,1
34790887043,1
34790887044,1
34790891956,1
34790907819,1
34790952927,1
34790966091,1
34790971934,1
34790971935,1
34790971936,1
34791053513,1
34791053514,1
34791053515,1
34791053516,1
34791103310,1
34791139871,1
34791139872,1
34791139873,1
34791198485,1
34791210773,1
34791238425,1
34791238426,1
34791238427,1
34791238428,1
34791238433,1
34791238434,1
34791238435,1
34791238438,1
34791238439,1
34791238440,1
34791281895,1
34791281959,1
34791284804,1
34791284842,1
34791288441,1
34791309834,1
34791319028,1
34791319029,1
34791319030,1
34791319031,1
34791319032,1
34791347602,1
34791379906,1
34791381209,1
34791381334,1
34791383462,1
34791386728,1
34791387160,1
34791393185,1
34791393557,1
34791406519,1
34791406520,1
34791406521,1
34791406522,1
34791911875,1
34791956926,1
34792674046,1
34793334010,1
34793533242,1
34793798524,1
34794607337,1
34794929318,1
34794975003,1
34794975004,1
34795043248,1
34795043249,1
34795043262,1
34796187193,1
34797118008,1
34797412303,1
34797718976,1
34797750914,1
34798410469,1
34798709861,1
34800009779,1
34800009882,1
34800009890,1
34800009891,1
34800009893,1
34800009928,1
34800009954,1
34800033802,1
34800112367,1
34800180311,1
34800226263,1
34800382727,1
34800400205,1
34800404047,1
34800497062,1
34800500009,1
34800622160,1
34800622176,1
34800622948,1
34800700118,1
34800761337,1
34800880009,1
34800888233,1
34802646579,1
34803283378,1
34803405809,1
34803511574,1
34803512099,1
34804241806,1
34804292442,1
34804396004,1
34805032328,1
34806401919,1
34806402515,1
34806403953,1
34806403965,1
34806405461,1
34806421913,1
34806424881,1
34806424882,1
34806425419,1
34806425437,1
34806464799,1
34806464999,1
34806465014,1
34806465043,1
34806465095,1
34806466670,1
34806466877,1
34806474444,1
34806481363,1
34806481410,1
34806481491,1
34806481615,1
34806484957,1
34806486312,1
34806486313,1
34806486314,1
34806486315,1
34806488966,1
34806488982,1
34806488983,1
34806502122,1
34806544094,1
34806544100,1
34806544104,1
34806544106,1
34806544107,1
34806544108,1
34806544111,1
34806544113,1
34806544117,1
34806544118,1
34806544121,1
34806544123,1
34806544130,1
34807117021,1
34807117717,1
34807405036,1
34807426219,1
34807429946,1
34807456036,1
34807456081,1
34807456186,1
34807456260,1
34807456418,1
34807456451,1
34807456453,1
34807456454,1
34807456455,1
34807456459,1
34807456572,1
34807456660,1
34807456894,1
34807464291,1
34807464297,1
34807464421,1
34807464635,1
34807475208,1
34807475543,1
34807477542,1
34807489910,1
34807499004,1
34807499138,1
34807499186,1
34807499607,1
34807499719,1
34807499844,1
34807499944,1
34807502130,1
34807505544,1
34807505649,1
34807505849,1
34807505858,1
34807505861,1
34807506555,1
34807511023,1
34807511264,1
34807511298,1
34807517333,1
34807517343,1
34807517402,1
34807517425,1
34808241852,1
34808980838,1
34809090142,1
34809223504,1
34809282176,1
34809341016,1
34809355892,1
34809539931,1
34809541143,1
34809541457,1
34809665764,1
34809780423,1
34809923433,1
34809970355,1
34810045236,1
34810101448,1
34810520052,1
34810650017,1
34810826743,1
34810826775,1
34810826827,1
34810829288,1
34810829350,1
34810829388,1
34810829539,1
34810829768,1
34810829769,1
34810829781,1
34810829801,1
34810831564,1
34810831663,1
34810831675,1
34810832000,1
34811102505,1
34811292097,1
34811645793,1
34811692667,1
34811856133,1
34811967525,1
34812015824,1
34812103418,1
34812103441,1
34812125450,1
34812350778,1
34812648500,1
34813037407,1
34813160735,1
34814284205,1
34814437977,1
34814624333,1
34814624530,1
34814624532,1
34815010252,1
34815027370,1
34815027423,1
34815027473,1
34815027585,1
34815028736,1
34815028747,1
34815029039,1
34815029051,1
34815029760,1
34815029763,1
34815029764,1
34815029769,1
34815029771,1
34815029772,1
34815030018,1
34815030061,1
34815030297,1
34815030332,1
34815030337,1
34815030339,1
34815031613,1
34815031636,1
34815031663,1
34815035310,1
34815035334,1
34815035338,1
34815035342,1
34815035410,1
34815035494,1
34815035631,1
34815035839,1
34815035855,1
34815035889,1
34815037038,1
34815050137,1
34815051561,1
34815052418,1
34815052510,1
34815053212,1
34815053274,1
34815053345,1
34815053374,1
34815053487,1
34815053497,1
34815054291,1
34815054292,1
34815054294,1
34815054296,1
34815054297,1
34815054299,1
34815054321,1
34815054322,1
34815054323,1
34815054324,1
34815054325,1
34815054332,1
34815054333,1
34815054335,1
34815054336,1
34815054337,1
34815054339,1
34815054344,1
34815054351,1
34815054354,1
34815054367,1
34815054369,1
34815054378,1
34815054379,1
34815054380,1
34815054381,1
34815054771,1
34815054773,1
34815054779,1
34815054781,1
34815054789,1
34815054796,1
34815054800,1
34815054823,1
34815054849,1
34815054852,1
34815054853,1
34815054857,1
34815054858,1
34815054859,1
34815054860,1
34815054861,1
34815054862,1
34815054863,1
34815054866,1
34815054868,1
34815054871,1
34815054873,1
34815054874,1
34815054895,1
34815055030,1
34815056658,1
34815057026,1
34815060002,1
34815060087,1
34815060183,1
34815060188,1
34815060197,1
34815063221,1
34815063225,1
34815063272,1
34815063274,1
34815063342,1
34815063385,1
34815063535,1
34815064134,1
34815064470,1
34815064482,1
34815064523,1
34815079252,1
34815079274,1
34815079358,1
34815079359,1
34815079362,1
34815079372,1
34815079380,1
34815079381,1
34815216964,1
34815413709,1
34815765652,1
34818186439,1
34818186479,1
34818186485,1
34818186500,1
34818220402,1
34818988102,1
34819510351,1
34819700327,1
34819848274,1
34821191694,1
34821295301,1
34822018029,1
34822026680,1
34822104000,1
34822105786,1
34822106774,1
34822108796,1
34822119349,1
34822119369,1
34822119518,1
34822119532,1
34822119642,1
34822133424,1
34822199387,1
34822199392,1
34822199397,1
34822199568,1
34822199572,1
34822255691,1
34822267935,1
34822270266,1
34822280528,1
34822300125,1
34822352503,1
34822352517,1
34822696189,1
34822720009,1
34822720201,1
34822720654,1
34822720746,1
34822721268,1
34822721476,1
34822721728,1
34822721749,1
34822722388,1
34822723874,1
34822724784,1
34824680788,1
34824802051,1
34824810131,1
34824812902,1
34824814700,1
34824814738,1
34824814977,1
34824814980,1
34824816160,1
34824816197,1
34824816227,1
34824816265,1
34825053390,1
34825053551,1
34825080824,1
34825103029,1
34825505327,1
34825719986,1
34825750482,1
34825750568,1
34825750641,1
34825750650,1
34825750703,1
34825751046,1
34825751120,1
34825751124,1
34825751259,1
34825751407,1
34825751567,1
34825751808,1
34825751903,1
34825751959,1
34825751964,1
34825752177,1
34825752179,1
34825752182,1
34825752184,1
34825752187,1
34825752188,1
34825752210,1
34825752211,1
34825752421,1
34825752459,1
34825754400,1
34825767903,1
34825771160,1
34825771180,1
34825775106,1
34825775700,1
34825775753,1
34825775813,1
34825775945,1
34825821961,1
34825822151,1
34825822158,1
34825823185,1
34825823189,1
34825823245,1
34825823264,1
34825824097,1
34825824148,1
34825896579,1
34825920687,1
34825960440,1
34826443334,1
34826905240,1
34827801163,1
34828026305,1
34828026636,1
34828048610,1
34828069625,1
34828120108,1
34828124976,1
34828135001,1
34828150383,1
34828150468,1
34828150862,1
34828150906,1
34828151715,1
34828151767,1
34828151839,1
34828151882,1
34828151919,1
34828152657,1
34828153008,1
34828153078,1
34828153186,1
34828153426,1
34828153605,1
34828153981,1
34828154052,1
34828154144,1
34828182044,1
34828245001,1
34828280020,1
34828408320,1
34828647924,1
34828647925,1
34828647927,1
34828680504,1
34828699354,1
34828699482,1
34828742096,1
34828742201,1
34828742379,1
34828742550,1
34828742692,1
34828742762,1
34828805471,1
34828810115,1
34828830018,1
34828880869,1
34828913779,1
34828937925,1
34828940693,1
34829022314,1
34829279279,1
34829279284,1
34829279285,1
34829279286,1
34829392796,1
34829521410,1
34829699882,1
34829859384,1
34829969460,1
34829984868,1
34829985038,1
34830831533,1
34830831534,1
34830831535,1
34830831542,1
34830831654,1
34831207812,1
34831253676,1
34831295589,1
34832329981,1
34833524011,1
34834108156,1
34834655166,1
34838192858,1
34838240267,1
34838469238,1
34841050090,1
34841186601,1
34841216371,1
34842241133,1
34842603351,1
34842819957,1
34842825049,1
34842825065,1
34842840017,1
34842840029,1
34842840373,1
34842840927,1
34842841102,1
34842841173,1
34842841382,1
34842841593,1
34842841652,1
34842841718,1
34842841951,1
34842842427,1
34842842789,1
34842842884,1
34842843337,1
34842843347,1
34842843877,1
34842844176,1
34842844454,1
34842844466,1
34842904193,1
34842906802,1
34842906823,1
34842906840,1
34842906928,1
34842907805,1
34842907815,1
34842907836,1
34842907837,1
34842907843,1
34842907914,1
34842907932,1
34842907943,1
34842907946,1
34842910064,1
34842911076,1
34842914074,1
34842915239,1
34842915240,1
34842915754,1
34842918840,1
34842918899,1
34842918927,1
34842940233,1
34843687003,1
34843687004,1
34843687005,1
34843762274,1
34843930282,1
34843980998,1
34843984209,1
34843998362,1
34843998368,1
34843998371,1
34843998439,1
34843998599,1
34843999775,1
34844410626,1
34844477747,1
34846610505,1
34846612792,1
34846612795,1
34846635101,1
34846635142,1
34846636000,1
34846636003,1
34846636007,1
34846636018,1
34846636030,1
34846636050,1
34846636053,1
34846636061,1
34846636062,1
34846636084,1
34846636097,1
34846636125,1
34846636131,1
34846636144,1
34846636145,1
34846636147,1
34846636220,1
34846636261,1
34846636280,1
34846636300,1
34846636302,1
34846636305,1
34846636307,1
34846636313,1
34848424822,1
34848429169,1
34848435138,1
34848476491,1
34848486026,1
34848486151,1
34848486284,1
34848486428,1
34848486488,1
34848486497,1
34848499360,1
34848499750,1
34848630380,1
34848641058,1
34848835899,1
34848837128,1
34848837130,1
34848837131,1
34848837263,1
34848837576,1
34848837819,1
34848837971,1
34848838534,1
34848868036,1
34848980918,1
34848981396,1
34848981733,1
34848982292,1
34848982353,1
34848982475,1
34848982513,1
34848982526,1
34848982683,1
34848982900,1
34848983363,1
34848984050,1
34848984164,1
34848984418,1
34848984690,1
34849487457,1
34849713106,1
34849884140,1
34849919276,1
34850413233,1
34851070264,1
34851070269,1
34851072326,1
34851072331,1
34851072334,1
34851075287,1
34851075290,1
34851399390,1
34851816600,1
34851816613,1
34851816635,1
34851816641,1
34851816646,1
34851816647,1
34851816649,1
34851816652,1
34851816659,1
34851816660,1
34851816661,1
34851816668,1
34851816679,1
34851816682,1
34851816683,1
34851816684,1
34851816688,1
34851816691,1
34851816695,1
34851816696,1
34851816697,1
34851816698,1
34851816699,1
34851817075,1
34851817282,1
34851817380,1
34851817440,1
34851820056,1
34851820438,1
34851823014,1
34851823016,1
34851823025,1
34851823031,1
34851823032,1
34851823051,1
34851823056,1
34851823069,1
34851823073,1
34851823087,1
34851823100,1
34851823140,1
34851823178,1
34851823250,1
34851823252,1
34851823253,1
34851823263,1
34851823269,1
34851823400,1
34851823406,1
34851823408,1
34851823428,1
34851823429,1
34851823435,1
34851823436,1
34851823437,1
34851823443,1
34851823447,1
34851823451,1
34851823453,1
34851823456,1
34851823457,1
34851823458,1
34851823459,1
34851823461,1
34851823471,1
34851823493,1
34851823494,1
34851823495,1
34851823497,1
34851823498,1
34851823499,1
34851823501,1
34851823502,1
34851823503,1
34851823504,1
34851823505,1
34851823506,1
34851823557,1
34851823558,1
34851823566,1
34851823567,1
34851823570,1
34851823582,1
34851823584,1
34851823585,1
34851823653,1
34851823957,1
34851823958,1
34851823960,1
34851823968,1
34851823972,1
34851823975,1
34851823995,1
34851823997,1
34851912010,1
34851912582,1
34851912899,1
34851990062,1
34851990230,1
34851990327,1
34851990611,1
34851991564,1
34851991610,1
34851991611,1
34851991612,1
34851992559,1
34851992585,1
34851992889,1
34852083598,1
34852084158,1
34852267723,1
34852445700,1
34852821664,1
34853176859,1
34853718233,1
34853718438,1
34853718654,1
34853810385,1
34853831080,1
34853882799,1
34854380287,1
34854445036,1
34854458838,1
34854459039,1
34854555926,1
34854555939,1
34854555942,1
34854555957,1
34854555973,1
34854556561,1
34854556627,1
34854561158,1
34854561159,1
34854561287,1
34854561408,1
34854561839,1
34854561993,1
34854562114,1
34854562172,1
34854562608,1
34854562664,1
34854562692,1
34854562955,1
34854563184,1
34854563444,1
34854563621,1
34854564645,1
34854564830,1
34854564860,1
34854564900,1
34854565120,1
34854566056,1
34854566124,1
34854566449,1
34854567135,1
34854567163,1
34854567849,1
34854568063,1
34854568104,1
34854568159,1
34854568162,1
34854568371,1
34854568399,1
34854568574,1
34854568584,1
34854568599,1
34854568628,1
34854568719,1
34854568955,1
34854568970,1
34854568981,1
34854568992,1
34854569119,1
34854569151,1
34854569382,1
34854573576,1
34854580167,1
34854580773,1
34854581294,1
34854581856,1
34854581917,1
34854581977,1
34854582174,1
34854582190,1
34854582939,1
34854582986,1
34854583268,1
34854586673,1
34854587216,1
34854588213,1
34854588392,1
34854588447,1
34854588672,1
34854589358,1
34854589410,1
34854589468,1
34854589674,1
34854589963,1
34854600873,1
34854612867,1
34854612879,1
34854613777,1
34854613805,1
34854613887,1
34854613968,1
34854614017,1
34854614810,1
34854615268,1
34854615483,1
34854615569,1
34854615575,1
34854615604,1
34854615624,1
34854615710,1
34854615735,1
34854615773,1
34854615813,1
34854616119,1
34854616241,1
34854616343,1
34854616433,1
34854616523,1
34854616623,1
34854618008,1
34854618189,1
34854618518,1
34854618526,1
34854618542,1
34854619173,1
34854619549,1
34854619613,1
34854630392,1
34854630712,1
34854630880,1
34854630918,1
34854631077,1
34854631078,1
34854631576,1
34854632070,1
34854632071,1
34854633191,1
34854633262,1
34854671686,1
34854671687,1
34854675586,1
34854675598,1
34854679006,1
34854679086,1
34854679183,1
34854679185,1
34854679186,1
34854679204,1
34854679213,1
34854679216,1
34854679228,1
34854679246,1
34854679250,1
34854719066,1
34854772792,1
34854782682,1
34854783505,1
34854785227,1
34854788324,1
34854790928,1
34854790932,1
34854790934,1
34854790935,1
34854793149,1
34854793214,1
34854793241,1
34854793317,1
34854793324,1
34854793369,1
34854793387,1
34854793392,1
34854793407,1
34854794000,1
34854794010,1
34854794012,1
34854794015,1
34854794016,1
34854794025,1
34854794027,1
34854794029,1
34854794031,1
34854794035,1
34854794039,1
34854794040,1
34854794043,1
34854794046,1
34854794062,1
34854794064,1
34854794091,1
34854794096,1
34854794098,1
34854794140,1
34854794163,1
34854794165,1
34854794173,1
34854794175,1
34854794186,1
34854794190,1
34854794191,1
34854794206,1
34854794216,1
34854794224,1
34854794246,1
34854794251,1
34854794255,1
34854794272,1
34854794302,1
34854794310,1
34854794318,1
34854794375,1
34854794377,1
34854794378,1
34854794380,1
34854794388,1
34854794389,1
34854794390,1
34854794400,1
34854794401,1
34854794402,1
34854794403,1
34854794404,1
34854794405,1
34854794406,1
34854794407,1
34854794408,1
34854794480,1
34854794502,1
34854794503,1
34854794510,1
34854794519,1
34854794520,1
34854794521,1
34854794551,1
34854794565,1
34854794570,1
34854794586,1
34854794587,1
34854794703,1
34854794706,1
34854794707,1
34854794708,1
34854794709,1
34854794710,1
34854794713,1
34854794715,1
34854794716,1
34854794724,1
34854794730,1
34854794731,1
34854794733,1
34854794736,1
34854794760,1
34854794785,1
34854794788,1
34854794789,1
34854794797,1
34854794802,1
34854794814,1
34854794818,1
34854794819,1
34854794820,1
34854794821,1
34854794823,1
34854794875,1
34854794891,1
34854794893,1
34854794895,1
34854794896,1
34854794897,1
34854794932,1
34854794934,1
34854794935,1
34854794936,1
34854794937,1
34854794938,1
34854794940,1
34854794943,1
34854794955,1
34854794998,1
34854818010,1
34854818171,1
34854831047,1
34854831073,1
34854831080,1
34854840704,1
34854840901,1
34854840923,1
34854840940,1
34854850014,1
34854851046,1
34854851062,1
34854851119,1
34854851128,1
34854851148,1
34854851149,1
34854851164,1
34854851236,1
34854851242,1
34854851269,1
34854851336,1
34854851339,1
34854851342,1
34854851358,1
34854851362,1
34854851368,1
34854851395,1
34854851396,1
34854851409,1
34854851416,1
34854851418,1
34854851421,1
34854851424,1
34854851426,1
34854851429,1
34854851434,1
34854851437,1
34854851456,1
34854851494,1
34854851506,1
34854851556,1
34854851581,1
34854851591,1
34854851601,1
34854851607,1
34854851628,1
34854852307,1
34854852321,1
34854852332,1
34854852373,1
34854852374,1
34854852392,1
34854852408,1
34854852412,1
34854852414,1
34854852416,1
34854852427,1
34854852436,1
34854852437,1
34854852448,1
34854852457,1
34854852464,1
34854852472,1
34854852478,1
34854852496,1
34854852501,1
34854852503,1
34854852507,1
34854852508,1
34854852527,1
34854852529,1
34854852532,1
34854852542,1
34854852581,1
34854852582,1
34854852601,1
34854852606,1
34854852617,1
34854852621,1
34854852625,1
34854852628,1
34854852647,1
34854852648,1
34854852656,1
34854852665,1
34854852667,1
34854852671,1
34854852679,1
34854852689,1
34854852695,1
34854852719,1
34854852747,1
34854852753,1
34854852759,1
34854852762,1
34854852769,1
34854852778,1
34854852792,1
34854852908,1
34854852919,1
34854852948,1
34854882151,1
34854882230,1
34854900317,1
34854900331,1
34854900333,1
34854900334,1
34854900338,1
34854900339,1
34854946820,1
34854949801,1
34854949960,1
34855330865,1
34856000344,1
34856000345,1
34856000350,1
34856003485,1
34856004978,1
34856044904,1
34856074270,1
34856100825,1
34856101694,1
34856102147,1
34856140125,1
34856140261,1
34856140341,1
34856140450,1
34856145055,1
34856146516,1
34856180302,1
34856184010,1
34856184022,1
34856184041,1
34856184048,1
34856184080,1
34856192092,1
34856192135,1
34856192146,1
34856192182,1
34856193561,1
34856196484,1
34856196509,1
34856196599,1
34856196668,1
34856197045,1
34856197119,1
34856197233,1
34856197307,1
34856197311,1
34856197329,1
34856197337,1
34856197463,1
34856198337,1
34856198345,1
34856198779,1
34856274235,1
34856560626,1
34856560628,1
34856565418,1
34856565592,1
34856565603,1
34856565616,1
34856565618,1
34856565621,1
34856565638,1
34856565714,1
34856565723,1
34856565777,1
34856565947,1
34856568228,1
34856568317,1
34856568445,1
34856568544,1
34856568801,1
34856599326,1
34856599334,1
34856599337,1
34856599348,1
34856599414,1
34856599438,1
34856599527,1
34856599625,1
34856599676,1
34856599733,1
34856599766,1
34856599967,1
34856620039,1
34856620101,1
34856620263,1
34856620511,1
34856620672,1
34856620746,1
34856620975,1
34856621185,1
34856621263,1
34856621345,1
34856621376,1
34856621385,1
34856621457,1
34856621467,1
34856621559,1
34856621575,1
34856621590,1
34856621736,1
34856621754,1
34856621777,1
34856622139,1
34856622183,1
34856622304,1
34856622341,1
34856622396,1
34856622408,1
34856622416,1
34856622423,1
34856622461,1
34856622548,1
34856622813,1
34856622832,1
34856622843,1
34856622860,1
34856622865,1
34856622898,1
34856622988,1
34856623104,1
34856623145,1
34856623346,1
34856623798,1
34856623817,1
34856624102,1
34856624294,1
34856624356,1
34856624409,1
34856624423,1
34856624498,1
34856624705,1
34856624808,1
34856625041,1
34856625127,1
34856625137,1
34856625212,1
34856625218,1
34856625268,1
34856625372,1
34856625443,1
34856625565,1
34856625575,1
34856625658,1
34856625708,1
34856625919,1
34856626412,1
34856626554,1
34856626563,1
34856626746,1
34856627023,1
34856627397,1
34856627662,1
34856634019,1
34856636213,1
34856636299,1
34856638711,1
34856638730,1
34856638731,1
34856638743,1
34856638746,1
34856638753,1
34856638758,1
34856638762,1
34856638763,1
34856638765,1
34856638767,1
34856638772,1
34856638773,1
34856638774,1
34856638788,1
34856638900,1
34856638905,1
34856638955,1
34856642076,1
34856644009,1
34856645156,1
34856645168,1
34856704225,1
34856708067,1
34856830185,1
34856830191,1
34856830192,1
34856830193,1
34856852132,1
34856852218,1
34856852231,1
34856852337,1
34856852353,1
34856854153,1
34856854165,1
34856854264,1
34856916285,1
34856920777,1
34856924394,1
34856925003,1
34856925007,1
34857686585,1
34857688219,1
34857688241,1
34857692150,1
34857692227,1
34857700414,1
34857700563,1
34857700632,1
34857700673,1
34857700803,1
34857700866,1
34857700891,1
34857700956,1
34857701019,1
34857701087,1
34857701160,1
34857701330,1
34857701357,1
34857701358,1
34857701484,1
34857701576,1
34857701740,1
34857701744,1
34857701797,1
34857701860,1
34857701896,1
34857702155,1
34857702163,1
34857702271,1
34857702479,1
34857702506,1
34857702615,1
34857702619,1
34857702625,1
34857702734,1
34857702749,1
34857702789,1
34857702825,1
34857702973,1
34857703150,1
34857703172,1
34857703354,1
34857703544,1
34857704452,1
34857704935,1
34857704943,1
34857705083,1
34857750017,1
34857804561,1
34857804612,1
34857804661,1
34857852154,1
34857852353,1
34857880331,1
34858100522,1
34858100764,1
34858131608,1
34858166005,1
34858166007,1
34858166008,1
34858166009,1
34858166015,1
34858166016,1
34858166022,1
34858166031,1
34858166080,1
34858166102,1
34858166105,1
34858215220,1
34858216090,1
34858216235,1
34858218022,1
34858221025,1
34858221043,1
34858221129,1
34858222343,1
34858222447,1
34858233056,1
34858236157,1
34858236174,1
34858236213,1
34858236216,1
34858236253,1
34858238214,1
34858689187,1
34858689289,1
34858689464,1
34858689589,1
34858689636,1
34858700331,1
34858701225,1
34858701240,1
34858800063,1
34858802024,1
34858802710,1
34858822544,1
34858883664,1
34858886499,1
34858886723,1
34858886833,1
34858886834,1
34858886883,1
34858886946,1
34858940525,1
34858952931,1
34858953689,1
34858953707,1
34858953850,1
34858953885,1
34858954571,1
34858990383,1
34858990384,1
34858990385,1
34858990386,1
34858990387,1
34859089183,1
34860859667,1
34860915281,1
34860915282,1
34860915346,1
34860917439,1
34863763372,1
34864821063,1
34864878120,1
34864993032,1
34865443136,1
34865449400,1
34865449405,1
34865449415,1
34865449416,1
34865449436,1
34865449446,1
34865449447,1
34865449451,1
34865449452,1
34865449457,1
34865449462,1
34865449467,1
34865449504,1
34865449505,1
34865449510,1
34865449515,1
34865449532,1
34865449535,1
34865449560,1
34865449561,1
34865449562,1
34865449563,1
34865449565,1
34865449568,1
34865449575,1
34865449578,1
34865449579,1
34865449580,1
34865449594,1
34865449600,1
34865450165,1
34865455210,1
34865459010,1
34865459011,1
34865459012,1
34865459014,1
34865459015,1
34865459016,1
34865459020,1
34865459023,1
34865459034,1
34865459039,1
34865459040,1
34865459043,1
34865459044,1
34865459049,1
34865459087,1
34865459088,1
34865459095,1
34865459100,1
34865459105,1
34865459106,1
34865459123,1
34865459178,1
34865459181,1
34865459206,1
34865459207,1
34865459217,1
34865459218,1
34865459240,1
34865459247,1
34865459250,1
34865459273,1
34865459280,1
34865459286,1
34865459294,1
34865459298,1
34865459300,1
34865459307,1
34865459310,1
34865459311,1
34865459319,1
34865459324,1
34865459330,1
34865459333,1
34865459336,1
34865459341,1
34865459355,1
34865459358,1
34865459363,1
34865459370,1
34865459381,1
34865459382,1
34865459383,1
34865459384,1
34865459385,1
34865459386,1
34865459387,1
34865459388,1
34865459399,1
34865459483,1
34865459499,1
34865459500,1
34865459503,1
34865459505,1
34865459506,1
34865459513,1
34865459954,1
34865459956,1
34865459959,1
34865459961,1
34865459967,1
34865459975,1
34865459986,1
34865482118,1
34865482781,1
34865482858,1
34865482881,1
34865482899,1
34865484023,1
34865484108,1
34865484165,1
34865484605,1
34865485628,1
34865486102,1
34865486533,1
34865486627,1
34865486691,1
34865486744,1
34865486791,1
34865487934,1
34865487992,1
34865488423,1
34865488696,1
34865488711,1
34865488782,1
34865488846,1
34865488902,1
34865488933,1
34865488966,1
34865488976,1
34865488985,1
34865489019,1
34865489055,1
34865489063,1
34865489071,1
34865489091,1
34865489202,1
34865489233,1
34865489249,1
34865489302,1
34865602344,1
34865602394,1
34865613212,1
34865613300,1
34865615864,1
34865615986,1
34865619435,1
34865661513,1
34865662705,1
34865662964,1
34865663113,1
34865663159,1
34865663181,1
34865663247,1
34865663263,1
34865663287,1
34865664011,1
34865669954,1
34865669972,1
34865750685,1
34865750742,1
34865751014,1
34865751122,1
34865751151,1
34865751159,1
34865751170,1
34865751184,1
34865753731,1
34865753797,1
34865753810,1
34865756729,1
34865756783,1
34865757016,1
34865757041,1
34865771331,1
34865775434,1
34865776007,1
34865861013,1
34865861021,1
34865861076,1
34865861104,1
34865861128,1
34865861134,1
34865861147,1
34865861175,1
34865861181,1
34865861189,1
34865861203,1
34865861214,1
34865861234,1
34865861245,1
34865861258,1
34865861283,1
34865861284,1
34865861303,1
34865861314,1
34865861321,1
34865861326,1
34865861345,1
34865861352,1
34865861364,1
34865861367,1
34865861375,1
34865861379,1
34865861387,1
34865861391,1
34865861393,1
34865861403,1
34865861412,1
34865861419,1
34865861423,1
34865861424,1
34865861431,1
34865861437,1
34865861442,1
34865861445,1
34865861451,1
34865861476,1
34865861484,1
34865861495,1
34865861532,1
34865861539,1
34865861548,1
34865861557,1
34865861564,1
34865861607,1
34865861623,1
34865861638,1
34865861641,1
34865861645,1
34865861648,1
34865861649,1
34865861652,1
34865861653,1
34865861697,1
34865861705,1
34865861738,1
34865861745,1
34865861772,1
34865861775,1
34865861781,1
34865861792,1
34865861794,1
34865861906,1
34865861908,1
34865861915,1
34865861937,1
34865861947,1
34865861981,1
34865861991,1
34865862006,1
34865862008,1
34865862012,1
34865862015,1
34865862017,1
34865862025,1
34865862028,1
34865862032,1
34865862035,1
34865862038,1
34865862041,1
34865862047,1
34865862054,1
34865862058,1
34865862069,1
34865862075,1
34865862082,1
34865862084,1
34865862092,1
34865862093,1
34865862094,1
34865862243,1
34865862296,1
34865862329,1
34865862342,1
34865862346,1
34865862357,1
34865862376,1
34865862391,1
34865862397,1
34865862427,1
34865862451,1
34865862472,1
34865862474,1
34865862481,1
34865862484,1
34865862494,1
34865862497,1
34865862505,1
34865862507,1
34865862517,1
34865862519,1
34865862539,1
34865862547,1
34865862559,1
34865862571,1
34865862574,1
34865862575,1
34865862581,1
34865862584,1
34865862585,1
34865862589,1
34865862595,1
34865862605,1
34865862607,1
34865862613,1
34865862617,1
34865862618,1
34865862621,1
34865862623,1
34865862627,1
34865862628,1
34865862637,1
34865862642,1
34865862647,1
34865862652,1
34865862657,1
34865862664,1
34865862684,1
34865862689,1
34865862701,1
34865862704,1
34865862707,1
34865862712,1
34865862719,1
34865862734,1
34865862737,1
34865862738,1
34865862739,1
34865862747,1
34865862756,1
34865862763,1
34865862769,1
34865862773,1
34865862775,1
34865862779,1
34865862783,1
34865862793,1
34865862902,1
34865862905,1
34865862916,1
34865862948,1
34865862952,1
34865862958,1
34865862968,1
34865862973,1
34865862976,1
34865862981,1
34865862985,1
34865862991,1
34865862993,1
34865862997,1
34865863003,1
34865863008,1
34865863012,1
34865863014,1
34865863032,1
34865863038,1
34865863054,1
34865863062,1
34865881410,1
34865956232,1
34866140559,1
34868053440,1
34868109215,1
34868110076,1
34868110682,1
34868110703,1
34868151510,1
34868170944,1
34868170969,1
34868172043,1
34868198999,1
34868201025,1
34868201073,1
34868201097,1
34868201121,1
34868201332,1
34868201352,1
34868201453,1
34868201463,1
34868201527,1
34868201553,1
34868201557,1
34868201582,1
34868201586,1
34868201592,1
34868201602,1
34868201605,1
34868201609,1
34868201621,1
34868201628,1
34868201637,1
34868201642,1
34868201646,1
34868201651,1
34868201661,1
34868201665,1
34868201673,1
34868201679,1
34868201705,1
34868201732,1
34868201734,1
34868201741,1
34868201749,1
34868201754,1
34868201756,1
34868201767,1
34868201774,1
34868201783,1
34868201791,1
34868201793,1
34868201796,1
34868201798,1
34868201821,1
34868201831,1
34868201843,1
34868201849,1
34868201861,1
34868202478,1
34868202501,1
34868202507,1
34868202513,1
34868202514,1
34868202532,1
34868202543,1
34868202553,1
34868202559,1
34868202567,1
34868202578,1
34868202582,1
34868202587,1
34868202591,1
34868202593,1
34868202595,1
34868202601,1
34868202604,1
34868202606,1
34868202608,1
34868202609,1
34868202614,1
34868202615,1
34868202632,1
34868202637,1
34868202639,1
34868202645,1
34868202652,1
34868202653,1
34868202658,1
34868202659,1
34868202662,1
34868202663,1
34868202664,1
34868202669,1
34868202671,1
34868202674,1
34868202675,1
34868202676,1
34868202682,1
34868202683,1
34868202686,1
34868202691,1
34868202695,1
34868202696,1
34868202698,1
34868202708,1
34868202713,1
34868202717,1
34868202718,1
34868202734,1
34868202737,1
34868202741,1
34868202743,1
34868202746,1
34868202752,1
34868202754,1
34868202758,1
34868202761,1
34868202763,1
34868202767,1
34868202771,1
34868202776,1
34868202781,1
34868202782,1
34868202786,1
34868202789,1
34868202791,1
34868202794,1
34868202796,1
34868202797,1
34868202804,1
34868202808,1
34868202812,1
34868202814,1
34868202815,1
34868202835,1
34868202863,1
34868202872,1
34868202881,1
34868202932,1
34868256650,1
34868256652,1
34868256659,1
34868257042,1
34868282103,1
34868282107,1
34868293013,1
34868293014,1
34868293044,1
34868293050,1
34868293051,1
34868293056,1
34868293061,1
34868293067,1
34868293075,1
34868293083,1
34868293111,1
34868293186,1
34868293189,1
34868293190,1
34868310354,1
34868310355,1
34868310843,1
34868311162,1
34868311799,1
34868358914,1
34868358915,1
34868359006,1
34868359043,1
34868364224,1
34868480067,1
34868483504,1
34868483505,1
34868483506,1
34868483507,1
34868499544,1
34868680654,1
34868680747,1
34868681193,1
34868682103,1
34868682250,1
34868682470,1
34868682496,1
34868682497,1
34868682601,1
34868682625,1
34868683403,1
34868683760,1
34868683784,1
34868684068,1
34868684070,1
34868684091,1
34868684184,1
34868684185,1
34868684189,1
34868684198,1
34868684214,1
34868684257,1
34868684437,1
34868684485,1
34868684549,1
34868684763,1
34868685196,1
34868685214,1
34868685279,1
34868685422,1
34868685438,1
34868685445,1
34868685459,1
34868685461,1
34868685477,1
34868685484,1
34868685530,1
34868685576,1
34868685771,1
34868685790,1
34868685796,1
34868685832,1
34868685843,1
34868686067,1
34868686082,1
34868686098,1
34868686332,1
34868686339,1
34868686348,1
34868686367,1
34868686681,1
34868686696,1
34868687037,1
34868687089,1
34868687390,1
34868687465,1
34868699817,1
34868968905,1
34868970263,1
34868970667,1
34868970716,1
34868970719,1
34868970728,1
34868970780,1
34868990491,1
34868991698,1
34868993618,1
34868993925,1
34868993928,1
34868994835,1
34868994863,1
34868994893,1
34868997031,1
34868997172,1
34868997209,1
34868997385,1
34868997696,1
34868997712,1
34870773166,1
34871059834,1
34871164005,1
34871164006,1
34871164007,1
34871164009,1
34871164020,1
34871164023,1
34871164024,1
34871164026,1
34871164037,1
34871165173,1
34871172290,1
34871180382,1
34871182562,1
34871221131,1
34871221173,1
34871221323,1
34871221346,1
34871221396,1
34871221419,1
34871221428,1
34871221453,1
34871221568,1
34871221759,1
34871221943,1
34871221948,1
34871221968,1
34871222012,1
34871232513,1
34871232878,1
34871233627,1
34871244414,1
34871245037,1
34871245044,1
34871245402,1
34871248906,1
34871248914,1
34871248916,1
34871261072,1
34871263026,1
34871266107,1
34871266227,1
34871350225,1
34871402481,1
34871493656,1
34871493659,1
34871493664,1
34871493679,1
34871493706,1
34871493709,1
34871493733,1
34871552619,1
34871554079,1
34871554852,1
34871554879,1
34871554880,1
34871554931,1
34871555041,1
34871555089,1
34871555127,1
34871555149,1
34871556971,1
34871557169,1
34871579763,1
34871620233,1
34871620473,1
34871620998,1
34871621052,1
34871621057,1
34871621206,1
34871621219,1
34871621574,1
34871621613,1
34871621618,1
34871621623,1
34871621629,1
34871621630,1
34871621638,1
34871621640,1
34871621642,1
34871621647,1
34871621649,1
34871621651,1
34871621654,1
34871621659,1
34871621660,1
34871621679,1
34871621702,1
34871621709,1
34871621712,1
34871622009,1
34871622192,1
34871622211,1
34871622377,1
34871622962,1
34871623328,1
34871623376,1
34871623377,1
34871623405,1
34871623528,1
34871623531,1
34871623532,1
34871623533,1
34871623534,1
34871623542,1
34871623549,1
34871623550,1
34871623551,1
34871623578,1
34871623579,1
34871623587,1
34871623588,1
34871624754,1
34871624760,1
34871672398,1
34871803264,1
34871841209,1
34871841235,1
34871841243,1
34871841252,1
34871841274,1
34871870618,1
34871906383,1
34871933577,1
34871933669,1
34871934160,1
34871934180,1
34871934209,1
34871934505,1
34871934980,1
34871935112,1
34871935142,1
34871935352,1
34871935520,1
34871935638,1
34871935639,1
34871936491,1
34871936567,1
34871936592,1
34871937595,1
34871937615,1
34871937633,1
34871937757,1
34871937758,1
34871937961,1
34871938100,1
34871938112,1
34871938559,1
34871938710,1
34871940033,1
34871940211,1
34871940227,1
34871944510,1
34871947906,1
34871960399,1
34871962569,1
34871962571,1
34871963831,1
34871968014,1
34872040892,1
34872049545,1
34872097310,1
34872097332,1
34872220994,1
34872221314,1
34872221402,1
34872221413,1
34872221708,1
34872221758,1
34872221809,1
34872221837,1
34872221848,1
34872222670,1
34872222687,1
34872223721,1
34872223983,1
34872224425,1
34872224453,1
34872224925,1
34872224986,1
34872225046,1
34872225406,1
34872225607,1
34872225775,1
34872232069,1
34872232717,1
34872290461,1
34872291071,1
34872291087,1
34872291124,1
34872291395,1
34872296016,1
34872296020,1
34872296021,1
34872296022,1
34872296049,1
34872296052,1
34872296061,1
34872296124,1
34872296126,1
34872323613,1
34872451077,1
34872461188,1
34872553668,1
34872553777,1
34872553855,1
34872553857,1
34872553935,1
34872557500,1
34872599536,1
34872599550,1
34872660161,1
34872660207,1
34872696021,1
34872988570,1
34873406665,1
34873406743,1
34873406757,1
34873406798,1
34873406808,1
34873409292,1
34873409465,1
34873409497,1
34873409643,1
34873455403,1
34873497030,1
34873497046,1
34873611021,1
34873611026,1
34873611047,1
34873611165,1
34873611231,1
34873625020,1
34873628519,1
34873639964,1
34873661203,1
34873940178,1
34873981009,1
34873981049,1
34873981107,1
34873981115,1
34873981181,1
34873981258,1
34873981276,1
34873981287,1
34873981314,1
34874024953,1
34874024971,1
34874315410,1
34876030245,1
34876030275,1
34876036546,1
34876036548,1
34876036554,1
34876055708,1
34876089557,1
34876094060,1
34876096120,1
34876096127,1
34876114536,1
34876120062,1
34876120105,1
34876120106,1
34876121823,1
34876121885,1
34876140058,1
34876150721,1
34876212419,1
34876212602,1
34876216907,1
34876216923,1
34876240564,1
34876402195,1
34876402208,1
34876402215,1
34876402231,1
34876402238,1
34876402241,1
34876402249,1
34876402261,1
34876402271,1
34876402279,1
34876402287,1
34876402296,1
34876402304,1
34876402305,1
34876402319,1
34876402337,1
34876402341,1
34876402347,1
34876402364,1
34876402379,1
34876402385,1
34876402506,1
34876402512,1
34876402513,1
34876402516,1
34876402524,1
34876402528,1
34876402529,1
34876402537,1
34876402541,1
34876402562,1
34876402568,1
34876402573,1
34876402574,1
34876402591,1
34876402593,1
34876402603,1
34876402604,1
34876402609,1
34876402624,1
34876402705,1
34876402725,1
34876402785,1
34876402787,1
34876402795,1
34876402813,1
34876402824,1
34876402931,1
34876402985,1
34876402997,1
34876403045,1
34876403074,1
34876449037,1
34876500217,1
34876500218,1
34876500714,1
34876500715,1
34876501623,1
34876501726,1
34876501816,1
34876502701,1
34876502712,1
34876503922,1
34876508635,1
34876508680,1
34876508726,1
34876530684,1
34876599445,1
34876599559,1
34876599634,1
34876610609,1
34876610675,1
34876610676,1
34876610687,1
34876617646,1
34876637810,1
34876660179,1
34876660406,1
34876660636,1
34876660783,1
34876660904,1
34876661139,1
34876661602,1
34876661644,1
34876661768,1
34876662016,1
34876662088,1
34876662099,1
34876662119,1
34876662164,1
34876662193,1
34876662265,1
34876662266,1
34876662268,1
34876662385,1
34876662398,1
34876662873,1
34876662877,1
34876662880,1
34876662904,1
34876662905,1
34876662910,1
34876662920,1
34876662923,1
34876662929,1
34876663100,1
34876663383,1
34876663409,1
34876663630,1
34876663708,1
34876663788,1
34876663928,1
34876664012,1
34876664014,1
34876664142,1
34876664170,1
34876664654,1
34876664659,1
34876664662,1
34876664663,1
34876664664,1
34876664670,1
34876664695,1
34876664697,1
34876664723,1
34876664726,1
34876664727,1
34876664734,1
34876664759,1
34876664806,1
34876664808,1
34876664839,1
34876664850,1
34876664858,1
34876664885,1
34876664909,1
34876664920,1
34876664921,1
34876664928,1
34876664929,1
34876665258,1
34876665454,1
34876665473,1
34876665576,1
34876665603,1
34876665628,1
34876665951,1
34876666618,1
34876666637,1
34876704869,1
34876780059,1
34876783079,1
34876783314,1
34876783869,1
34876785002,1
34876785095,1
34876830002,1
34877010968,1
34877050941,1
34877081250,1
34877125710,1
34877125714,1
34877125716,1
34877140576,1
34877221134,1
34877266077,1
34877266751,1
34877274199,1
34877274200,1
34877448954,1
34877449723,1
34877450217,1
34877452154,1
34877452157,1
34877452494,1
34877452560,1
34877991946,1
34877998123,1
34877998322,1
34877998371,1
34877998437,1
34877998612,1
34877998641,1
34877999425,1
34878148107,1
34878148118,1
34878472284,1
34879232069,1
34881023134,1
34881052541,1
34881052757,1
34881083824,1
34881090258,1
34881090366,1
34881090790,1
34881090796,1
34881090812,1
34881090952,1
34881091162,1
34881091237,1
34881091902,1
34881091914,1
34881100230,1
34881100476,1
34881100974,1
34881104790,1
34881107939,1
34881133188,1
34881150060,1
34881150087,1
34881150439,1
34881150699,1
34881150711,1
34881150715,1
34881150913,1
34881150915,1
34881150919,1
34881150921,1
34881150937,1
34881150939,1
34881150949,1
34881150958,1
34881150962,1
34881150965,1
34881151013,1
34881151320,1
34881151431,1
34881151774,1
34881152140,1
34881152211,1
34881152235,1
34881152344,1
34881152674,1
34881152907,1
34881153112,1
34881153330,1
34881153643,1
34881153690,1
34881154946,1
34881155069,1
34881155076,1
34881155085,1
34881155160,1
34881155169,1
34881155526,1
34881155770,1
34881160952,1
34881166606,1
34881185257,1
34881189457,1
34881240431,1
34881240539,1
34881240578,1
34881241557,1
34881241589,1
34881241619,1
34881241664,1
34881243946,1
34881243948,1
34881244315,1
34881246279,1
34881250974,1
34881255384,1
34881255515,1
34881255878,1
34881256992,1
34881257905,1
34881270760,1
34881310208,1
34881310362,1
34881311196,1
34881311840,1
34881352036,1
34881352070,1
34881352320,1
34881358935,1
34881358953,1
34881358959,1
34881361107,1
34881361111,1
34881361262,1
34881361301,1
34881361355,1
34881361513,1
34881364253,1
34881365001,1
34881367345,1
34881501031,1
34881502186,1
34881509961,1
34881540000,1
34881550211,1
34881550906,1
34881558605,1
34881558788,1
34881558858,1
34881577312,1
34881599247,1
34881599298,1
34881800479,1
34881800805,1
34881800850,1
34881839502,1
34881840161,1
34881850006,1
34881850008,1
34881850018,1
34881850023,1
34881850286,1
34881867165,1
34881867293,1
34881885585,1
34881921616,1
34881991179,1
34881996810,1
34882134403,1
34882369000,1
34882410934,1
34882685938,1
34882730862,1
34882902891,1
34882965892,1
34883865027,1
34883865028,1
34883865058,1
34883865070,1
34883871176,1
34883871178,1
34883878590,1
34883878750,1
34883893133,1
34883893358,1
34883893445,1
34883893495,1
34883893672,1
34883893702,1
34883893948,1
34884568170,1
34885028373,1
34886038962,1
34886040050,1
34886060267,1
34886060278,1
34886060296,1
34886060342,1
34886060888,1
34886061116,1
34886061197,1
34886061326,1
34886061952,1
34886061953,1
34886061957,1
34886061958,1
34886061959,1
34886061965,1
34886061967,1
34886061968,1
34886061969,1
34886061974,1
34886061977,1
34886061981,1
34886061982,1
34886061985,1
34886062001,1
34886062006,1
34886062010,1
34886062020,1
34886062053,1
34886062637,1
34886062713,1
34886062906,1
34886063014,1
34886063520,1
34886063942,1
34886063964,1
34886064213,1
34886064254,1
34886064503,1
34886064642,1
34886064729,1
34886065001,1
34886086147,1
34886095520,1
34886120990,1
34886131438,1
34886132262,1
34886137292,1
34886138731,1
34886159058,1
34886163191,1
34886165287,1
34886165375,1
34886165383,1
34886165400,1
34886167147,1
34886167148,1
34886168240,1
34886168251,1
34886168469,1
34886168651,1
34886168700,1
34886168753,1
34886168769,1
34886168888,1
34886169797,1
34886169799,1
34886189054,1
34886192102,1
34886192148,1
34886198246,1
34886198491,1
34886198492,1
34886198493,1
34886198634,1
34886198913,1
34886202000,1
34886209309,1
34886296552,1
34886312966,1
34886318054,1
34886402238,1
34886402506,1
34886402526,1
34886402724,1
34886442703,1
34886442729,1
34886442882,1
34886445029,1
34886445039,1
34886445348,1
34886499533,1
34886602003,1
34887820252,1
34887880378,1
34887881294,1
34887881434,1
34887881767,1
34887883120,1
34887883178,1
34887903026,1
34887903032,1
34888077119,1
34888605220,1
34889205001,1
34889345001,1
34889390146,1
34889534124,1
34889630142,1
34892067446,1
34894649313,1
34896403301,1
34899480640,1
34899575001,1
34899990907,1
34900001793,1
34900056956,1
34900056965,1
34900060107,1
34900100200,1
34900101442,1
34900102501,1
34900102508,1
34900110010,1
34900123111,1
34900123456,1
34900180100,1
34900202018,1
34900202030,1
34900202032,1
34900222221,1
34900263121,1
34900264709,1
34900266158,1
34900301013,1
34900303070,1
34900365005,1
34900365365,1
34900373406,1
34900373997,1
34900377657,1
34900377664,1
34900400003,1
34900404090,1
34900406643,1
34900423469,1
34900460166,1
34900470000,1
34900470053,1
34900494055,1
34900494967,1
34900499101,1
34900525302,1
34900525692,1
34900535260,1
34900535661,1
34900599847,1
34900601004,1
34900622149,1
34900645029,1
34900645064,1
34900645397,1
34900645914,1
34900649031,1
34900649040,1
34900649064,1
34900649220,1
34900649398,1
34900649649,1
34900670670,1
34900670908,1
34900676035,1
34900680182,1
34900680365,1
34900680523,1
34900680577,1
34900680716,1
34900680814,1
34900696853,1
34900696955,1
34900700555,1
34900701071,1
34900701178,1
34900712429,1
34900717724,1
34900730040,1
34900730089,1
34900730113,1
34900730115,1
34900730974,1
34900730979,1
34900732941,1
34900752375,1
34900752472,1
34900752512,1
34900767762,1
34900800428,1
34900802290,1
34900804407,1
34900809132,1
34900809324,1
34900812522,1
34900812552,1
34900813060,1
34900813150,1
34900813426,1
34900813538,1
34900813628,1
34900814084,1
34900814170,1
34900814501,1
34900822112,1
34900822115,1
34900822759,1
34900823937,1
34900828345,1
34900828787,1
34900838481,1
34900841217,1
34900841505,1
34900841821,1
34900841856,1
34900842702,1
34900844205,1
34900848011,1
34900848012,1
34900848020,1
34900848788,1
34900858685,1
34900861744,1
34900869331,1
34900869974,1
34900876463,1
34900878169,1
34900878700,1
34900898384,1
34900898818,1
34900899013,1
34900899278,1
34900900861,1
34900905087,1
34900905140,1
34900905141,1
34900905415,1
34900906025,1
34900906166,1
34900906593,1
34900906601,1
34900906668,1
34900906787,1
34900906858,1
34900908716,1
34900908861,1
34900920353,1
34900923681,1
34900929987,1
34900933829,1
34900953218,1
34900999066,1
34901001814,1
34901100055,1
34901106570,1
34901119115,1
34901119274,1
34901119999,1
34901199875,1
34901199892,1
34901200176,1
34901202030,1
34901202417,1
34901202419,1
34901228888,1
34901500300,1
34901500700,1
34901887970,1
34901888058,1
34901888102,1
34901888378,1
34901888410,1
34901888412,1
34901888413,1
34901888415,1
34901888524,1
34901888550,1
34901888662,1
34901888899,1
34901889948,1
34901889949,1
34901889984,1
34902002386,1
34902003740,1
34902006651,1
34902010202,1
34902011111,1
34902012800,1
34902012912,1
34902013270,1
34902013952,1
34902014459,1
34902018061,1
34902018277,1
34902018311,1
34902018365,1
34902019035,1
34902019123,1
34902020267,1
34902022222,1
34902022506,1
34902024369,1
34902024931,1
34902026262,1
34902026583,1
34902027161,1
34902027582,1
34902027767,1
34902027851,1
34902028305,1
34902028545,1
34902034119,1
34902040529,1
34902041606,1
34902043175,1
34902044267,1
34902044287,1
34902050003,1
34902051841,1
34902052452,1
34902074135,1
34902074332,1
34902074353,1
34902074591,1
34902075069,1
34902077199,1
34902077333,1
34902090700,1
34902095310,1
34902099541,1
34902099602,1
34902099652,1
34902099840,1
34902099917,1
34902100101,1
34902100170,1
34902100234,1
34902100401,1
34902100405,1
34902100477,1
34902100524,1
34902100655,1
34902101160,1
34902101203,1
34902102025,1
34902102101,1
34902102181,1
34902102190,1
34902103461,1
34902103853,1
34902104420,1
34902106068,1
34902106099,1
34902106324,1
34902107661,1
34902108330,1
34902109512,1
34902111222,1
34902112411,1
34902112424,1
34902113131,1
34902113292,1
34902113820,1
34902115016,1
34902115570,1
34902116617,1
34902116902,1
34902117083,1
34902118625,1
34902120210,1
34902120264,1
34902122012,1
34902122202,1
34902122333,1
34902122500,1
34902122622,1
34902125120,1
34902142828,1
34902150006,1
34902150404,1
34902151083,1
34902151513,1
34902151542,1
34902151580,1
34902151654,1
34902152030,1
34902155115,1
34902157672,1
34902158585,1
34902160017,1
34902160195,1
34902160688,1
34902180208,1
34902180388,1
34902181808,1
34902189771,1
34902191010,1
34902192100,1
34902193035,1
34902193119,1
34902194089,1
34902195677,1
34902195919,1
34902196437,1
34902197197,1
34902197626,1
34902198702,1
34902198832,1
34902200155,1
34902200162,1
34902200197,1
34902200198,1
34902200235,1
34902200611,1
34902201005,1
34902201706,1
34902202205,1
34902202404,1
34902207010,1
34902210904,1
34902211211,1
34902212030,1
34902212101,1
34902212482,1
34902212498,1
34902214215,1
34902220116,1
34902220241,1
34902220257,1
34902220285,1
34902226047,1
34902234468,1
34902234646,1
34902239616,1
34902240241,1
34902242502,1
34902242823,1
34902243030,1
34902243243,1
34902243647,1
34902245001,1
34902245200,1
34902245255,1
34902245383,1
34902247202,1
34902247494,1
34902247514,1
34902247526,1
34902248080,1
34902250064,1
34902252636,1
34902258888,1
34902260402,1
34902263004,1
34902277477,1
34902291192,1
34902291200,1
34902300124,1
34902301234,1
34902301762,1
34902304060,1
34902305325,1
34902306167,1
34902321132,1
34902321632,1
34902321809,1
34902321976,1
34902322000,1
34902322408,1
34902322697,1
34902322982,1
34902322992,1
34902323201,1
34902323654,1
34902324972,1
34902324973,1
34902325017,1
34902325062,1
34902325429,1
34902325437,1
34902327464,1
34902330666,1
34902332460,1
34902333324,1
34902333422,1
34902340101,1
34902350700,1
34902361030,1
34902364117,1
34902364163,1
34902364366,1
34902364491,1
34902364640,1
34902367067,1
34902367146,1
34902367163,1
34902400171,1
34902400340,1
34902400366,1
34902400402,1
34902400900,1
34902401112,1
34902401150,1
34902402529,1
34902402530,1
34902402531,1
34902402532,1
34902404112,1
34902404984,1
34902409350,1
34902428080,1
34902487420,1
34902487748,1
34902494913,1
34902499994,1
34902500356,1
34902501776,1
34902502102,1
34902505505,1
34902524452,1
34902524652,1
34902524702,1
34902524777,1
34902525500,1
34902550055,1
34902563344,1
34902570452,1
34902575149,1
34902575356,1
34902575373,1
34902575597,1
34902575741,1
34902580027,1
34902580324,1
34902581069,1
34902581070,1
34902584443,1
34902734413,1
34902747356,1
34902747425,1
34902747775,1
34902747888,1
34902748117,1
34902792516,1
34902801085,1
34902812762,1
34902870092,1
34902877658,1
34902879148,1
34902879480,1
34902879550,1
34902879553,1
34902879558,1
34902879571,1
34902879715,1
34902881029,1
34902881686,1
34902882764,1
34902882814,1
34902884326,1
34902884814,1
34902885820,1
34902887758,1
34902888022,1
34902903933,1
34902929252,1
34902942901,1
34902942973,1
34902944021,1
34902944022,1
34902944023,1
34902944024,1
34902944025,1
34902944026,1
34902944027,1
34902945160,1
34902945190,1
34902955025,1
34902996818,1
34902998318,1
34902999020,1
34903166826,1
34903440126,1
34903445647,1
34903581204,1
34903927449,1
34904929789,1
34904933496,1
34905106708,1
34905109138,1
34905109183,1
34905195234,1
34905211908,1
34905231923,1
34905320806,1
34905351916,1
34905403002,1
34905403059,1
34905420551,1
34905420924,1
34905420935,1
34905420968,1
34905420969,1
34905421006,1
34905421015,1
34905421025,1
34905421031,1
34905421037,1
34905421093,1
34905421094,1
34905421095,1
34905421102,1
34905421103,1
34905444992,1
34905445501,1
34905445505,1
34905445525,1
34905446040,1
34905446440,1
34905446768,1
34905447001,1
34905447021,1
34905454768,1
34905455435,1
34905456569,1
34905519720,1
34906876838,1
34906982365,1
34907888211,1
34908032157,1
34908034835,1
34908097940,1
34908223131,1
34908260569,1
34908301264,1
34908302820,1
34908304056,1
34908315576,1
34908525709,1
34908669103,1
34908809793,1
34908824928,1
34908916472,1
34908927300,1
34908984579,1
34909215331,1
34909829981,1
34909974675,1
34910000243,1
34910001665,1
34910008055,1
34910011236,1
34910011874,1
34910012010,1
34910014941,1
34910025492,1
34910025785,1
34910032946,1
34910037531,1
34910037859,1
34910039643,1
34910051096,1
34910052122,1
34910052270,1
34910052301,1
34910052324,1
34910053298,1
34910053881,1
34910054265,1
34910054289,1
34910054391,1
34910054439,1
34910054658,1
34910054736,1
34910054875,1
34910059008,1
34910059052,1
34910082981,1
34910087333,1
34910087436,1
34910087660,1
34910100051,1
34910105010,1
34910105052,1
34910105176,1
34910105335,1
34910124654,1
34910129849,1
34910133879,1
34910133958,1
34910150785,1
34910150837,1
34910150978,1
34910151044,1
34910151067,1
34910151190,1
34910151357,1
34910165305,1
34910190056,1
34910195519,1
34910196089,1
34910199966,1
34910200139,1
34910200197,1
34910200783,1
34910201581,1
34910201597,1
34910203725,1
34910203750,1
34910203782,1
34910204334,1
34910209441,1
34910210135,1
34910210143,1
34910210152,1
34910210489,1
34910210498,1
34910210770,1
34910210788,1
34910210799,1
34910210912,1
34910210929,1
34910210997,1
34910212505,1
34910214257,1
34910215008,1
34910216767,1
34910220957,1
34910228630,1
34910244924,1
34910245162,1
34910245255,1
34910275763,1
34910285503,1
34910285522,1
34910285922,1
34910287420,1
34910287429,1
34910287432,1
34910287437,1
34910287485,1
34910287496,1
34910288958,1
34910288984,1
34910291697,1
34910311391,1
34910313162,1
34910313163,1
34910313169,1
34910314155,1
34910316212,1
34910316319,1
34910316365,1
34910316401,1
34910317135,1
34910317171,1
34910317193,1
34910317243,1
34910317366,1
34910317579,1
34910317600,1
34910317601,1
34910317602,1
34910317610,1
34910317612,1
34910324910,1
34910326767,1
34910329365,1
34910344875,1
34910352378,1
34910363626,1
34910379011,1
34910381444,1
34910381794,1
34910382292,1
34910382295,1
34910382582,1
34910382858,1
34910382881,1
34910383308,1
34910385599,1
34910387995,1
34910388200,1
34910388261,1
34910388283,1
34910389218,1
34910409110,1
34910449590,1
34910449650,1
34910457002,1
34910457007,1
34910457529,1
34910472050,1
34910472051,1
34910473428,1
34910478500,1
34910479697,1
34910480064,1
34910481615,1
34910481617,1
34910481618,1
34910485745,1
34910489072,1
34910493361,1
34910494761,1
34910495603,1
34910500108,1
34910500161,1
34910500301,1
34910500302,1
34910500303,1
34910500309,1
34910500310,1
34910500311,1
34910500312,1
34910500313,1
34910500590,1
34910501267,1
34910501284,1
34910501288,1
34910501334,1
34910501723,1
34910502056,1
34910502058,1
34910502321,1
34910502333,1
34910502503,1
34910502758,1
34910502798,1
34910503934,1
34910504510,1
34910505814,1
34910505980,1
34910508054,1
34910508901,1
34910509105,1
34910509108,1
34910509110,1
34910509114,1
34910509115,1
34910509117,1
34910509119,1
34910509122,1
34910509190,1
34910509191,1
34910509192,1
34910509193,1
34910509195,1
34910509196,1
34910509199,1
34910509734,1
34910509851,1
34910514684,1
34910514716,1
34910529122,1
34910584568,1
34910600487,1
34910601149,1
34910601657,1
34910601805,1
34910601807,1
34910601808,1
34910601857,1
34910602175,1
34910602325,1
34910602863,1
34910603128,1
34910603173,1
34910604761,1
34910604763,1
34910605075,1
34910606948,1
34910609639,1
34910611445,1
34910611502,1
34910611507,1
34910612103,1
34910612104,1
34910612118,1
34910612125,1
34910612130,1
34910612133,1
34910612380,1
34910612385,1
34910612386,1
34910612398,1
34910612798,1
34910613034,1
34910613072,1
34910613322,1
34910616063,1
34910623457,1
34910623860,1
34910623868,1
34910624292,1
34910624307,1
34910625281,1
34910629700,1
34910629702,1
34910629715,1
34910629725,1
34910629736,1
34910629741,1
34910629750,1
34910629753,1
34910629757,1
34910629767,1
34910629770,1
34910629772,1
34910629773,1
34910629777,1
34910629801,1
34910629820,1
34910629828,1
34910629842,1
34910629848,1
34910629852,1
34910629895,1
34910629902,1
34910629916,1
34910629921,1
34910629934,1
34910629939,1
34910629943,1
34910629966,1
34910629987,1
34910630199,1
34910633234,1
34910639835,1
34910650018,1
34910651161,1
34910651366,1
34910651986,1
34910684105,1
34910686119,1
34910687771,1
34910688123,1
34910688646,1
34910714324,1
34910714428,1
34910714437,1
34910714506,1
34910714507,1
34910714515,1
34910714519,1
34910714520,1
34910714526,1
34910714527,1
34910714529,1
34910714531,1
34910714533,1
34910760396,1
34910760411,1
34910765845,1
34910766530,1
34910766545,1
34910768909,1
34910769342,1
34910770127,1
34910770134,1
34910770141,1
34910770160,1
34910770164,1
34910770182,1
34910770203,1
34910770212,1
34910770510,1
34910771223,1
34910771822,1
34910773159,1
34910773190,1
34910773430,1
34910773431,1
34910773477,1
34910773479,1
34910773485,1
34910773492,1
34910773501,1
34910773512,1
34910773516,1
34910773545,1
34910773546,1
34910773588,1
34910773686,1
34910780131,1
34910780419,1
34910780616,1
34910781101,1
34910781441,1
34910781648,1
34910781675,1
34910782753,1
34910782926,1
34910783045,1
34910783118,1
34910783223,1
34910784943,1
34910784993,1
34910785149,1
34910785560,1
34910785565,1
34910785567,1
34910786753,1
34910787298,1
34910788856,1
34910788860,1
34910789339,1
34910789496,1
34910789888,1
34910789972,1
34910791213,1
34910791244,1
34910791447,1
34910791545,1
34910791551,1
34910791874,1
34910792739,1
34910792924,1
34910793063,1
34910793121,1
34910793155,1
34910793199,1
34910793230,1
34910793278,1
34910793330,1
34910793350,1
34910793449,1
34910793465,1
34910793501,1
34910793661,1
34910793686,1
34910793731,1
34910793757,1
34910793797,1
34910793825,1
34910793884,1
34910793905,1
34910793928,1
34910793953,1
34910793968,1
34910794112,1
34910794417,1
34910794462,1
34910794507,1
34910794511,1
34910794518,1
34910794539,1
34910794561,1
34910794591,1
34910795406,1
34910795489,1
34910797277,1
34910797368,1
34910797388,1
34910797427,1
34910799081,1
34910799735,1
34910801568,1
34910801628,1
34910803205,1
34910803324,1
34910806224,1
34910806284,1
34910806471,1
34910806598,1
34910806599,1
34910806790,1
34910807745,1
34910807814,1
34910807816,1
34910807818,1
34910807950,1
34910808002,1
34910808423,1
34910821152,1
34910821329,1
34910821370,1
34910821379,1
34910821465,1
34910821475,1
34910822584,1
34910822958,1
34910822990,1
34910822992,1
34910830975,1
34910831854,1
34910831880,1
34910831901,1
34910837952,1
34910837961,1
34910837963,1
34910840284,1
34910840687,1
34910840978,1
34910840983,1
34910840984,1
34910848095,1
34910848106,1
34910848150,1
34910848225,1
34910848763,1
34910848812,1
34910849725,1
34910851550,1
34910851973,1
34910861524,1
34910861534,1
34910861548,1
34910866714,1
34910869162,1
34910878053,1
34910880123,1
34910880139,1
34910880159,1
34910880589,1
34910880761,1
34910880794,1
34910880798,1
34910881234,1
34910881317,1
34910882168,1
34910882744,1
34910883216,1
34910883242,1
34910884178,1
34910884399,1
34910884614,1
34910885664,1
34910885687,1
34910885692,1
34910887641,1
34910887739,1
34910888390,1
34910888648,1
34910889219,1
34910889395,1
34910900439,1
34910900510,1
34910900900,1
34910915082,1
34910915084,1
34910915099,1
34910915562,1
34910916445,1
34910950172,1
34910952053,1
34910952240,1
34910956590,1
34910974413,1
34911014348,1
34911041187,1
34911046663,1
34911048886,1
34911054251,1
34911055479,1
34911080152,1
34911081172,1
34911081271,1
34911081360,1
34911081423,1
34911081528,1
34911081548,1
34911081588,1
34911081794,1
34911081795,1
34911081796,1
34911081797,1
34911081871,1
34911081996,1
34911082089,1
34911082604,1
34911083379,1
34911083532,1
34911083536,1
34911083539,1
34911083545,1
34911083553,1
34911084046,1
34911084048,1
34911084179,1
34911084199,1
34911084734,1
34911084752,1
34911084914,1
34911085326,1
34911085334,1
34911085876,1
34911085945,1
34911086273,1
34911086457,1
34911086527,1
34911086939,1
34911087340,1
34911087341,1
34911087342,1
34911087343,1
34911087344,1
34911087345,1
34911087347,1
34911087348,1
34911087350,1
34911087351,1
34911087352,1
34911087353,1
34911087354,1
34911087357,1
34911087358,1
34911087359,1
34911087360,1
34911087386,1
34911088133,1
34911088205,1
34911088243,1
34911088297,1
34911088533,1
34911088627,1
34911088648,1
34911088651,1
34911088935,1
34911089205,1
34911089244,1
34911089271,1
34911089292,1
34911089504,1
34911089509,1
34911089539,1
34911089540,1
34911089549,1
34911089555,1
34911089557,1
34911089558,1
34911089573,1
34911089749,1
34911090317,1
34911090593,1
34911090601,1
34911091475,1
34911091956,1
34911092157,1
34911092301,1
34911092377,1
34911092406,1
34911092737,1
34911092766,1
34911092893,1
34911092999,1
34911093370,1
34911093405,1
34911093497,1
34911093573,1
34911093599,1
34911093648,1
34911093723,1
34911093775,1
34911093793,1
34911093929,1
34911093970,1
34911093987,1
34911094044,1
34911094088,1
34911094162,1
34911094416,1
34911094431,1
34911094432,1
34911094463,1
34911094639,1
34911094661,1
34911094663,1
34911094790,1
34911094858,1
34911094916,1
34911094972,1
34911095004,1
34911095127,1
34911095137,1
34911095175,1
34911095218,1
34911095266,1
34911095279,1
34911095314,1
34911095317,1
34911095570,1
34911095860,1
34911096128,1
34911096137,1
34911096141,1
34911096170,1
34911096183,1
34911096232,1
34911096255,1
34911096288,1
34911096298,1
34911096513,1
34911096713,1
34911096774,1
34911096785,1
34911096805,1
34911096927,1
34911097033,1
34911097103,1
34911097225,1
34911097534,1
34911097556,1
34911097613,1
34911097636,1
34911097734,1
34911097861,1
34911098126,1
34911098209,1
34911098283,1
34911098296,1
34911098309,1
34911098329,1
34911098360,1
34911098644,1
34911098828,1
34911098841,1
34911099520,1
34911099528,1
34911099675,1
34911099741,1
34911100897,1
34911101906,1
34911101958,1
34911102285,1
34911102820,1
34911104105,1
34911104705,1
34911104787,1
34911105229,1
34911106094,1
34911106756,1
34911108994,1
34911110587,1
34911110780,1
34911112201,1
34911112206,1
34911113398,1
34911113682,1
34911113683,1
34911113687,1
34911113730,1
34911113731,1
34911113732,1
34911113733,1
34911113735,1
34911113851,1
34911113853,1
34911113854,1
34911113855,1
34911113856,1
34911113857,1
34911113943,1
34911113944,1
34911113945,1
34911113946,1
34911113947,1
34911114087,1
34911114089,1
34911114090,1
34911114134,1
34911114205,1
34911114822,1
34911115437,1
34911115767,1
34911115844,1
34911115960,1
34911116042,1
34911116049,1
34911116091,1
34911116092,1
34911116199,1
34911116245,1
34911116303,1
34911116317,1
34911116501,1
34911117439,1
34911118303,1
34911118304,1
34911118309,1
34911118606,1
34911120405,1
34911121909,1
34911121913,1
34911122314,1
34911122328,1
34911123205,1
34911136672,1
34911139943,1
34911140026,1
34911140104,1
34911140107,1
34911140116,1
34911140880,1
34911141401,1
34911141423,1
34911150143,1
34911161690,1
34911164830,1
34911164860,1
34911164862,1
34911165041,1
34911165049,1
34911165181,1
34911165183,1
34911165300,1
34911165431,1
34911165573,1
34911165574,1
34911165788,1
34911166200,1
34911168408,1
34911170443,1
34911170447,1
34911170474,1
34911170538,1
34911170541,1
34911170565,1
34911170585,1
34911170586,1
34911170589,1
34911170592,1
34911170593,1
34911170594,1
34911170598,1
34911170628,1
34911170744,1
34911170816,1
34911170824,1
34911170828,1
34911170831,1
34911170833,1
34911170835,1
34911170842,1
34911170856,1
34911170859,1
34911171021,1
34911171099,1
34911171222,1
34911171891,1
34911171972,1
34911172027,1
34911172028,1
34911172032,1
34911172051,1
34911172052,1
34911172064,1
34911172069,1
34911172122,1
34911172163,1
34911172171,1
34911172208,1
34911172214,1
34911172240,1
34911172306,1
34911172348,1
34911172413,1
34911172602,1
34911172685,1
34911172702,1
34911172735,1
34911172754,1
34911172764,1
34911172989,1
34911173027,1
34911173037,1
34911173040,1
34911173055,1
34911173071,1
34911173075,1
34911173082,1
34911173085,1
34911173142,1
34911173143,1
34911173151,1
34911173153,1
34911173197,1
34911173319,1
34911173358,1
34911173368,1
34911173372,1
34911173395,1
34911173398,1
34911173514,1
34911173545,1
34911173593,1
34911173682,1
34911173684,1
34911173690,1
34911173698,1
34911173706,1
34911173715,1
34911173726,1
34911173756,1
34911173813,1
34911173887,1
34911173898,1
34911174024,1
34911174034,1
34911174174,1
34911174179,1
34911174184,1
34911174193,1
34911174196,1
34911174309,1
34911174320,1
34911174332,1
34911174397,1
34911174399,1
34911174441,1
34911174443,1
34911174480,1
34911174492,1
34911174493,1
34911174575,1
34911174612,1
34911174626,1
34911174629,1
34911174630,1
34911174666,1
34911174670,1
34911174679,1
34911174684,1
34911174697,1
34911174743,1
34911174765,1
34911174866,1
34911174889,1
34911174906,1
34911174921,1
34911174927,1
34911174928,1
34911175038,1
34911175052,1
34911175217,1
34911175389,1
34911175936,1
34911175958,1
34911175964,1
34911176321,1
34911176323,1
34911176405,1
34911176426,1
34911176431,1
34911176666,1
34911176724,1
34911176821,1
34911177159,1
34911177224,1
34911177239,1
34911177250,1
34911177338,1
34911177345,1
34911177586,1
34911177758,1
34911177772,1
34911177774,1
34911177779,1
34911177783,1
34911177785,1
34911177788,1
34911177791,1
34911177928,1
34911178191,1
34911178210,1
34911178276,1
34911178324,1
34911178380,1
34911178485,1
34911178492,1
34911178603,1
34911178743,1
34911179344,1
34911179540,1
34911179658,1
34911179698,1
34911179708,1
34911179752,1
34911179769,1
34911179804,1
34911179905,1
34911179959,1
34911188096,1
34911190034,1
34911190139,1
34911190626,1
34911190826,1
34911190943,1
34911190952,1
34911191460,1
34911196706,1
34911196742,1
34911199911,1
34911199920,1
34911202341,1
34911204886,1
34911205190,1
34911205603,1
34911205622,1
34911205627,1
34911205699,1
34911205733,1
34911205933,1
34911207710,1
34911208512,1
34911210003,1
34911210004,1
34911210465,1
34911210603,1
34911210900,1
34911211070,1
34911211324,1
34911211434,1
34911211953,1
34911212100,1
34911213841,1
34911217803,1
34911218058,1
34911219270,1
34911219441,1
34911219442,1
34911219447,1
34911219449,1
34911225948,1
34911226056,1
34911228531,1
34911230593,1
34911236103,1
34911238129,1
34911238709,1
34911239171,1
34911249542,1
34911254746,1
34911256377,1
34911256914,1
34911259841,1
34911260318,1
34911260406,1
34911260682,1
34911263912,1
34911265579,1
34911272500,1
34911275703,1
34911275843,1
34911278024,1
34911278555,1
34911278712,1
34911278942,1
34911278953,1
34911279183,1
34911279542,1
34911279684,1
34911280671,1
34911280693,1
34911280781,1
34911283833,1
34911284764,1
34911285099,1
34911285139,1
34911285364,1
34911285368,1
34911286183,1
34911286185,1
34911286697,1
34911286712,1
34911286899,1
34911286913,1
34911287026,1
34911287040,1
34911287070,1
34911287469,1
34911287500,1
34911287639,1
34911287734,1
34911288925,1
34911290194,1
34911294932,1
34911295380,1
34911297230,1
34911300747,1
34911300765,1
34911300766,1
34911309198,1
34911309243,1
34911309286,1
34911310971,1
34911313455,1
34911314822,1
34911315361,1
34911318414,1
34911319342,1
34911319345,1
34911319346,1
34911319347,1
34911319348,1
34911331492,1
34911331560,1
34911331595,1
34911331752,1
34911331796,1
34911332324,1
34911332691,1
34911332828,1
34911332905,1
34911333030,1
34911333522,1
34911335073,1
34911336927,1
34911336932,1
34911337953,1
34911339843,1
34911352955,1
34911356513,1
34911390003,1
34911390039,1
34911390071,1
34911390628,1
34911391027,1
34911391033,1
34911391381,1
34911399860,1
34911399995,1
34911401469,1
34911401503,1
34911401650,1
34911403332,1
34911403335,1
34911410438,1
34911410859,1
34911411620,1
34911411783,1
34911417300,1
34911417494,1
34911418325,1
34911418396,1
34911419166,1
34911419176,1
34911419195,1
34911419293,1
34911426125,1
34911426725,1
34911433013,1
34911443463,1
34911443465,1
34911444016,1
34911444232,1
34911444286,1
34911444289,1
34911445800,1
34911447971,1
34911447972,1
34911447973,1
34911447974,1
34911448864,1
34911450590,1
34911453510,1
34911453511,1
34911453555,1
34911453627,1
34911453647,1
34911454970,1
34911456789,1
34911460312,1
34911461720,1
34911501503,1
34911501504,1
34911510966,1
34911511188,1
34911512527,1
34911513774,1
34911513944,1
34911513950,1
34911514823,1
34911514828,1
34911515086,1
34911516983,1
34911518048,1
34911519102,1
34911547352,1
34911547359,1
34911547440,1
34911547450,1
34911548015,1
34911548295,1
34911548500,1
34911548561,1
34911549705,1
34911549730,1
34911559237,1
34911562205,1
34911567026,1
34911567200,1
34911567201,1
34911573597,1
34911573967,1
34911574097,1
34911587429,1
34911587432,1
34911587433,1
34911587451,1
34911587600,1
34911587675,1
34911591557,1
34911594754,1
34911594948,1
34911594978,1
34911595133,1
34911595315,1
34911595402,1
34911595773,1
34911595981,1
34911596909,1
34911596973,1
34911597192,1
34911597243,1
34911597255,1
34911597467,1
34911598405,1
34911620300,1
34911670732,1
34911670743,1
34911670748,1
34911672287,1
34911672314,1
34911672520,1
34911672719,1
34911672957,1
34911674110,1
34911674580,1
34911675661,1
34911676689,1
34911677213,1
34911678210,1
34911679629,1
34911679711,1
34911680613,1
34911696141,1
34911696509,1
34911723105,1
34911729820,1
34911750650,1
34911750685,1
34911753264,1
34911759711,1
34911759721,1
34911759781,1
34911759789,1
34911759791,1
34911773010,1
34911773341,1
34911773345,1
34911773442,1
34911774656,1
34911774676,1
34911774789,1
34911774811,1
34911775501,1
34911775734,1
34911778588,1
34911778592,1
34911778745,1
34911778746,1
34911778759,1
34911778765,1
34911778784,1
34911778858,1
34911779050,1
34911779146,1
34911779162,1
34911779460,1
34911780115,1
34911780192,1
34911780209,1
34911780843,1
34911781004,1
34911781196,1
34911787280,1
34911787289,1
34911787301,1
34911813460,1
34911813461,1
34911814078,1
34911814185,1
34911814374,1
34911814384,1
34911814412,1
34911814417,1
34911814716,1
34911817754,1
34911817761,1
34911819065,1
34911820650,1
34911820802,1
34911820805,1
34911820814,1
34911820959,1
34911821087,1
34911821221,1
34911821243,1
34911821264,1
34911821269,1
34911821273,1
34911821277,1
34911821288,1
34911822122,1
34911822133,1
34911822958,1
34911823094,1
34911829140,1
34911831296,1
34911831500,1
34911837000,1
34911837001,1
34911840619,1
34911840620,1
34911840622,1
34911840623,1
34911840624,1
34911840626,1
34911840627,1
34911840628,1
34911841979,1
34911842414,1
34911842415,1
34911842421,1
34911842632,1
34911842697,1
34911844140,1
34911844149,1
34911844156,1
34911846191,1
34911851227,1
34911860858,1
34911860869,1
34911861137,1
34911861344,1
34911861352,1
34911861356,1
34911861370,1
34911862073,1
34911862074,1
34911862076,1
34911864538,1
34911864719,1
34911868996,1
34911870927,1
34911870983,1
34911871513,1
34911871529,1
34911872615,1
34911875004,1
34911875698,1
34911877593,1
34911878487,1
34911879226,1
34911879233,1
34911879390,1
34911879408,1
34911879417,1
34911879476,1
34911879480,1
34911879548,1
34911879550,1
34911879558,1
34911879564,1
34911879571,1
34911879623,1
34911883533,1
34911883808,1
34911883830,1
34911890110,1
34911890117,1
34911890318,1
34911890785,1
34911891834,1
34911895129,1
34911895751,1
34911895841,1
34911899005,1
34911906250,1
34911911038,1
34911914231,1
34911916283,1
34911927688,1
34911930624,1
34911930815,1
34911930914,1
34911931283,1
34911931285,1
34911932586,1
34911933139,1
34911933156,1
34911934870,1
34911934900,1
34911937348,1
34911937862,1
34911937961,1
34911938002,1
34911938076,1
34911938220,1
34911938266,1
34911938804,1
34911939656,1
34911939720,1
34911939767,1
34911939773,1
34911939774,1
34911939786,1
34911940704,1
34911941067,1
34911941476,1
34911941634,1
34911942987,1
34911943519,1
34911943530,1
34911943869,1
34911944615,1
34911944639,1
34911944644,1
34911944648,1
34911944677,1
34911944714,1
34911944743,1
34911944744,1
34911944747,1
34911944754,1
34911944807,1
34911944925,1
34911944927,1
34911944929,1
34911945110,1
34911945150,1
34911945160,1
34911945229,1
34911945285,1
34911945628,1
34911945843,1
34911945917,1
34911946042,1
34911946084,1
34911946101,1
34911946190,1
34911946207,1
34911946209,1
34911946210,1
34911946211,1
34911946322,1
34911946556,1
34911946562,1
34911946582,1
34911946595,1
34911946596,1
34911946598,1
34911946613,1
34911959630,1
34911959633,1
34911959650,1
34911960261,1
34911960866,1
34911961230,1
34911961265,1
34911961693,1
34911961710,1
34911961711,1
34911961712,1
34911961714,1
34911961717,1
34911961719,1
34911961776,1
34911962463,1
34911962916,1
34911963349,1
34911965053,1
34911965956,1
34911967339,1
34911967404,1
34911968925,1
34911969175,1
34911969176,1
34911970438,1
34911971112,1
34911971128,1
34911971289,1
34911971356,1
34911971357,1
34911971359,1
34911972208,1
34911972212,1
34911972805,1
34911972853,1
34911972891,1
34911973003,1
34911973028,1
34911973151,1
34911973168,1
34911973174,1
34911973412,1
34911973464,1
34911973494,1
34911973501,1
34911973565,1
34911973631,1
34911973776,1
34911973836,1
34911973842,1
34911973885,1
34911973893,1
34911974006,1
34911974008,1
34911974023,1
34911974031,1
34911974089,1
34911974114,1
34911974124,1
34911974147,1
34911974171,1
34911974195,1
34911974216,1
34911974223,1
34911974229,1
34911974259,1
34911974265,1
34911974268,1
34911974276,1
34911974279,1
34911974296,1
34911974301,1
34911974394,1
34911974536,1
34911974562,1
34911974575,1
34911974581,1
34911974603,1
34911974609,1
34911974614,1
34911974619,1
34911974626,1
34911974634,1
34911974641,1
34911974643,1
34911974647,1
34911974656,1
34911974667,1
34911974676,1
34911974704,1
34911974723,1
34911974735,1
34911974756,1
34911974784,1
34911974789,1
34911974798,1
34911974823,1
34911974832,1
34911974851,1
34911974863,1
34911974876,1
34911974881,1
34911974882,1
34911974891,1
34911974892,1
34911974895,1
34911975003,1
34911975015,1
34911975025,1
34911975031,1
34911975034,1
34911975035,1
34911975041,1
34911975043,1
34911975049,1
34911975052,1
34911975054,1
34911975068,1
34911975078,1
34911975091,1
34911975095,1
34911975683,1
34911977242,1
34911978017,1
34911978035,1
34911980516,1
34911980542,1
34911980590,1
34911980785,1
34911981175,1
34911981212,1
34911981368,1
34911981543,1
34911981615,1
34911981637,1
34911981677,1
34911981710,1
34911981711,1
34911981712,1
34911981714,1
34911981947,1
34911982009,1
34911982466,1
34911982511,1
34911983109,1
34911983161,1
34911984160,1
34911984798,1
34911984978,1
34911985226,1
34911985272,1
34911986179,1
34911986630,1
34911988572,1
34911988574,1
34911989228,1
34911999111,1
34911999244,1
34912008987,1
34912010620,1
34912010631,1
34912016000,1
34912016240,1
34912016245,1
34912016263,1
34912016279,1
34912022010,1
34912022022,1
34912034349,1
34912034350,1
34912041615,1
34912041900,1
34912048500,1
34912048591,1
34912048901,1
34912049740,1
34912049769,1
34912053420,1
34912053711,1
34912053740,1
34912057622,1
34912057687,1
34912058120,1
34912058529,1
34912058858,1
34912058860,1
34912058926,1
34912059005,1
34912059120,1
34912059268,1
34912059652,1
34912059660,1
34912059988,1
34912059989,1
34912060072,1
34912060274,1
34912060861,1
34912061005,1
34912061013,1
34912061014,1
34912061093,1
34912061446,1
34912061448,1
34912061970,1
34912062207,1
34912062347,1
34912062436,1
34912062459,1
34912062526,1
34912062527,1
34912062545,1
34912062571,1
34912062699,1
34912063786,1
34912066240,1
34912066666,1
34912068277,1
34912068388,1
34912068395,1
34912069256,1
34912070444,1
34912070877,1
34912070907,1
34912070929,1
34912071045,1
34912071116,1
34912071200,1
34912071868,1
34912104830,1
34912106910,1
34912124892,1
34912151924,1
34912155991,1
34912158568,1
34912159280,1
34912161181,1
34912161200,1
34912161226,1
34912161247,1
34912161251,1
34912162121,1
34912171973,1
34912183172,1
34912184243,1
34912185547,1
34912220769,1
34912221379,1
34912222122,1
34912222123,1
34912222124,1
34912222975,1
34912228436,1
34912229802,1
34912233716,1
34912234856,1
34912245390,1
34912254515,1
34912254655,1
34912254666,1
34912254770,1
34912257123,1
34912260646,1
3491226177,1
34912270937,1
34912271072,1
34912279554,1
34912286080,1
34912301878,1
34912303310,1
34912303316,1
34912303563,1
34912306423,1
34912307865,1
34912310310,1
34912316321,1
34912339606,1
34912339944,1
34912339948,1
34912343284,1
34912345678,1
34912352113,1
34912352363,1
34912352383,1
34912352387,1
34912352639,1
34912353261,1
34912371856,1
34912380633,1
34912384267,1
34912394267,1
34912399728,1
34912399771,1
34912411466,1
34912424193,1
34912424196,1
34912424197,1
34912424231,1
34912424235,1
34912425204,1
34912425205,1
34912425227,1
34912443460,1
34912443462,1
34912443463,1
34912443464,1
34912443465,1
34912443466,1
34912464434,1
34912467550,1
34912475301,1
34912479306,1
34912486171,1
34912519350,1
34912520924,1
34912520958,1
34912520966,1
34912520984,1
34912520985,1
34912520987,1
34912521025,1
34912521048,1
34912521063,1
34912521934,1
34912523129,1
34912523311,1
34912523322,1
34912523647,1
34912523654,1
34912523669,1
34912523982,1
34912524226,1
34912524227,1
34912524245,1
34912524497,1
34912524852,1
34912525437,1
34912525451,1
34912543494,1
34912561758,1
34912582605,1
34912582797,1
34912582826,1
34912586039,1
34912586608,1
34912587128,1
34912616801,1
34912653666,1
34912670290,1
34912670916,1
34912682220,1
34912689415,1
34912700406,1
34912703064,1
34912705700,1
34912710129,1
34912712847,1
34912712906,1
34912712968,1
34912712991,1
34912740552,1
34912741102,1
34912741130,1
34912741360,1
34912741364,1
34912747292,1
34912750591,1
34912755450,1
34912755555,1
34912763844,1
34912773523,1
34912774554,1
34912777782,1
34912779487,1
34912790127,1
34912790185,1
34912790591,1
34912790637,1
34912791382,1
34912793378,1
34912793870,1
34912794436,1
34912794649,1
34912797405,1
34912805921,1
34912808118,1
34912808144,1
34912860195,1
34912860970,1
34912860979,1
34912860989,1
34912867203,1
34912868905,1
34912868906,1
34912868914,1
34912868931,1
34912868995,1
34912901313,1
34912903824,1
34912906014,1
34912906635,1
34912909995,1
34912913495,1
34912916061,1
34912916067,1
34912916487,1
34912918337,1
34912918786,1
34912918976,1
34912919315,1
34912919964,1
34912919987,1
34912920350,1
34912921036,1
34912926808,1
34912960652,1
34912960659,1
34912960687,1
34912960848,1
34912960859,1
34912960887,1
34912960904,1
34912961163,1
34912961183,1
34912962155,1
34912965744,1
34912967720,1
34912981393,1
34912984391,1
34912986981,1
34912987414,1
34912987474,1
34912991005,1
34912993894,1
34912996808,1
34913016705,1
34913059030,1
34913089080,1
34913089089,1
34913089136,1
34913096574,1
34913113209,1
34913180498,1
34913180667,1
34913184918,1
34913221599,1
34913223873,1
34913244108,1
34913244719,1
34913245499,1
34913245503,1
34913245506,1
34913245699,1
34913246019,1
34913257784,1
34913274748,1
34913301412,1
34913301956,1
34913303112,1
34913305144,1
34913333731,1
34913335239,1
34913335333,1
34913335494,1
34913335655,1
34913335666,1
34913336342,1
34913352378,1
34913370695,1
34913402945,1
34913404785,1
34913431960,1
34913432550,1
34913432591,1
34913432841,1
34913435682,1
34913439761,1
34913439762,1
34913439841,1
34913439951,1
34913445525,1
34913464075,1
34913481083,1
34913488867,1
34913489013,1
34913534108,1
34913534111,1
34913534213,1
34913537814,1
34913547914,1
34913572734,1
34913617472,1
34913669725,1
34913669742,1
34913673546,1
34913700001,1
34913731998,1
34913733473,1
34913745724,1
34913778239,1
34913783479,1
34913809105,1
34913847751,1
34913847771,1
34913850481,1
34913850858,1
34913895577,1
34913900856,1
34913904591,1
34913917849,1
34913925064,1
34913925201,1
34913925242,1
34913925998,1
34913926201,1
34913927032,1
34913927465,1
34913927721,1
34913927842,1
34913927912,1
34913928043,1
34913933783,1
34913938164,1
34913938841,1
34913938861,1
34913939000,1
34913980315,1
34913981037,1
34913982654,1
34913983110,1
34913983321,1
34913983371,1
34913983424,1
34913983586,1
34913983670,1
34913983715,1
34913983821,1
34913983881,1
34913984039,1
34913984293,1
34913984800,1
34913984805,1
34913985710,1
34913986800,1
34913986942,1
34914019835,1
34914020562,1
34914102639,1
34914102820,1
34914102971,1
34914103550,1
34914103877,1
34914104958,1
34914105598,1
34914118938,1
34914182412,1
34914182414,1
34914187968,1
34914187988,1
34914197800,1
34914214381,1
34914214384,1
34914221029,1
34914229965,1
34914232907,1
34914279835,1
34914286639,1
34914286646,1
34914286721,1
34914286776,1
34914286880,1
34914286982,1
34914288549,1
34914289009,1
34914289010,1
34914289015,1
34914289016,1
34914289018,1
34914289023,1
34914289036,1
34914289037,1
34914289041,1
34914289045,1
34914289046,1
34914289047,1
34914289051,1
34914289052,1
34914289063,1
34914289068,1
34914289069,1
34914289071,1
34914289073,1
34914289077,1
34914289083,1
34914289084,1
34914289087,1
34914289090,1
34914289091,1
34914289092,1
34914289097,1
34914289903,1
34914289906,1
34914321406,1
34914321973,1
34914331507,1
34914335781,1
34914335922,1
34914340710,1
34914347506,1
34914432670,1
34914444400,1
34914444999,1
34914453203,1
34914481853,1
34914492466,1
34914498020,1
34914523430,1
34914527035,1
34914527104,1
34914527208,1
34914527296,1
34914527387,1
34914527388,1
34914527432,1
34914527544,1
34914527740,1
34914527902,1
34914527986,1
34914528193,1
34914529276,1
34914530050,1
34914530052,1
34914530126,1
34914535002,1
34914542304,1
34914544450,1
34914544722,1
34914544770,1
34914544771,1
34914544773,1
34914544778,1
34914544779,1
34914545162,1
34914545163,1
34914546360,1
34914546362,1
34914546363,1
34914546364,1
34914549725,1
34914549740,1
34914564430,1
34914566686,1
34914572357,1
34914794328,1
34914814182,1
34914816826,1
34914832811,1
34914835020,1
34914836122,1
34914844440,1
34914844499,1
34914847918,1
34914847947,1
34914848812,1
34914848958,1
34914849016,1
34914849034,1
34914861369,1
34914936928,1
34914951089,1
34914952776,1
34914962766,1
34914977669,1
34915026053,1
34915026054,1
34915026058,1
34915026060,1
34915026474,1
34915036485,1
34915036490,1
34915062112,1
34915078968,1
34915090980,1
34915122794,1
34915123123,1
34915124515,1
34915125834,1
34915126453,1
34915126955,1
34915126960,1
34915127103,1
34915127141,1
34915127228,1
34915128545,1
34915128631,1
34915142043,1
34915142088,1
34915143320,1
34915143321,1
34915146653,1
34915150507,1
34915150517,1
34915150522,1
34915153259,1
34915153415,1
34915154613,1
34915155529,1
34915155537,1
34915157790,1
34915162760,1
34915162768,1
34915170536,1
34915170644,1
34915199062,1
34915202842,1
34915203359,1
34915206045,1
34915206050,1
34915206054,1
34915209057,1
34915209058,1
34915209100,1
34915209177,1
34915214189,1
34915223415,1
34915223768,1
34915224073,1
34915227731,1
34915229125,1
34915231487,1
34915231695,1
34915232480,1
34915237325,1
34915238962,1
34915238975,1
34915251724,1
34915252308,1
34915254769,1
34915254870,1
34915255493,1
34915256417,1
34915256430,1
34915257583,1
34915259230,1
34915259698,1
34915259730,1
34915259741,1
34915259798,1
34915259868,1
34915259892,1
34915259947,1
34915290385,1
34915344125,1
34915355061,1
34915365421,1
34915365422,1
34915395427,1
34915399061,1
34915399062,1
34915399063,1
34915399065,1
34915406504,1
34915420113,1
34915420183,1
34915420203,1
34915450640,1
34915453069,1
34915460488,1
34915467362,1
34915467373,1
34915467374,1
34915496471,1
34915497765,1
34915497869,1
34915498470,1
34915498471,1
34915498479,1
34915498504,1
34915498841,1
34915499914,1
34915499933,1
34915499934,1
34915504350,1
34915504800,1
34915510259,1
34915510267,1
34915510289,1
34915510463,1
34915510506,1
34915510508,1
34915510509,1
34915510513,1
34915510517,1
34915510527,1
34915510531,1
34915510537,1
34915510538,1
34915510541,1
34915510545,1
34915510549,1
34915510646,1
34915510674,1
34915510691,1
34915510693,1
34915510756,1
34915510800,1
34915569524,1
34915569525,1
34915578306,1
34915578326,1
34915578390,1
34915642532,1
34915648760,1
34915648822,1
34915710014,1
34915730144,1
34915735981,1
34915735986,1
34915735996,1
34915735997,1
34915735998,1
34915738714,1
34915741661,1
34915753955,1
34915755252,1
34915755384,1
34915777978,1
34915777979,1
34915777980,1
34915778487,1
34915781226,1
34915781432,1
34915786010,1
34915786399,1
34915786778,1
34915786890,1
34915786990,1
34915786999,1
34915792314,1
34915792363,1
34915792392,1
34915792451,1
34915792468,1
34915792487,1
34915792493,1
34915792499,1
34915792505,1
34915792507,1
34915792509,1
34915792510,1
34915792511,1
34915792515,1
34915792516,1
34915792518,1
34915792521,1
34915792525,1
34915792526,1
34915792527,1
34915792528,1
34915792529,1
34915792530,1
34915792611,1
34915792651,1
34915792666,1
34915792668,1
34915792834,1
34915812094,1
34915836853,1
34915888279,1
34915888367,1
34915888491,1
34915888493,1
34915888573,1
34915888574,1
34915888621,1
34915888622,1
34915888638,1
34915888639,1
34915888642,1
34915888643,1
34915888645,1
34915888648,1
34915888651,1
34915888654,1
34915888657,1
34915888725,1
34915904973,1
34915907111,1
34915907117,1
34915907120,1
34915907122,1
34915907124,1
34915907126,1
34915907127,1
34915908786,1
34915908810,1
34915909737,1
34915917951,1
34915949329,1
34915949390,1
34915971142,1
34916004075,1
34916009208,1
34916024699,1
34916042055,1
34916042063,1
34916051697,1
34916076506,1
34916076507,1
34916076512,1
34916079324,1
34916079502,1
34916079503,1
34916079703,1
34916079748,1
34916085736,1
34916085738,1
34916090350,1
34916097780,1
34916104033,1
34916107762,1
34916110847,1
34916121771,1
34916213366,1
34916220332,1
34916220753,1
34916220754,1
34916221539,1
34916223586,1
34916228903,1
34916257815,1
34916257823,1
34916258310,1
34916258311,1
34916265863,1
34916344498,1
34916345456,1
34916349553,1
34916350742,1
34916357562,1
34916358427,1
34916377815,1
34916393488,1
34916399240,1
34916403376,1
34916442609,1
34916442631,1
34916453729,1
34916467996,1
34916577828,1
34916578800,1
34916667977,1
34916710389,1
34916802023,1
34916814064,1
34916814094,1
34916875541,1
34916879032,1
34916917797,1
34916952807,1
34917015598,1
34917047829,1
34917065661,1
34917074001,1
34917088770,1
34917115030,1
34917127443,1
34917127536,1
34917127661,1
34917127667,1
34917129490,1
34917142014,1
34917154816,1
34917171227,1
34917207874,1
34917212792,1
34917215232,1
34917220650,1
34917225435,1
34917225587,1
34917229195,1
34917234170,1
34917235747,1
34917236584,1
34917245572,1
34917246504,1
34917256065,1
34917256343,1
34917256443,1
34917258038,1
34917265317,1
34917268862,1
34917273027,1
34917276402,1
34917277100,1
34917279580,1
34917283419,1
34917283883,1
34917285238,1
34917329201,1
34917335447,1
34917342550,1
34917352830,1
34917357065,1
34917358727,1
34917359790,1
34917362702,1
34917367042,1
34917368756,1
34917370107,1
34917370290,1
34917371092,1
34917371594,1
34917371748,1
34917372067,1
34917372919,1
34917373210,1
34917373357,1
34917373361,1
34917373373,1
34917373741,1
34917374244,1
34917374469,1
34917374679,1
34917374837,1
34917375081,1
34917375127,1
34917375931,1
34917376133,1
34917376593,1
34917379484,1
34917379680,1
34917379706,1
34917415089,1
34917416510,1
34917419565,1
34917431185,1
34917431763,1
34917433124,1
34917434674,1
34917437856,1
34917437888,1
34917443731,1
34917463556,1
34917467309,1
34917468981,1
34917474456,1
34917477083,1
34917488041,1
34917493654,1
34917498178,1
34917540516,1
34917558124,1
34917560091,1
34917574383,1
34917578084,1
34917605101,1
34917611477,1
34917611486,1
34917611488,1
34917611490,1
34917611496,1
34917611641,1
34917613624,1
34917613626,1
34917613627,1
34917613640,1
34917613641,1
34917613661,1
34917613850,1
34917613852,1
34917613853,1
34917613854,1
34917613855,1
34917613856,1
34917613858,1
34917613872,1
34917613941,1
34917614110,1
34917614112,1
34917614113,1
34917614114,1
34917614115,1
34917614116,1
34917614117,1
34917614118,1
34917614119,1
34917614336,1
34917617439,1
34917617654,1
34917617675,1
34917618475,1
34917618625,1
34917618664,1
34917618699,1
34917619737,1
34917627820,1
34917632880,1
34917635631,1
34917637257,1
34917653766,1
34917655376,1
34917657003,1
34917657006,1
34917668516,1
34917674164,1
34917676073,1
34917676371,1
34917685017,1
34917688840,1
34917689910,1
34917693356,1
34917694013,1
34917694015,1
34917694023,1
34917694056,1
34917694067,1
34917694072,1
34917694074,1
34917694075,1
34917694077,1
34917697421,1
34917697539,1
34917699826,1
34917699861,1
34917710282,1
34917710997,1
34917713053,1
34917713723,1
34917715259,1
34917715741,1
34917715748,1
34917717559,1
34917717811,1
34917718317,1
34917718320,1
34917719264,1
34917719897,1
34917790246,1
34917790367,1
34917790572,1
34917790617,1
34917790870,1
34917794000,1
34917796694,1
34917840442,1
34917855275,1
34917869140,1
34917870533,1
34917871173,1
34917871301,1
34917871303,1
34917871536,1
34917871625,1
34917871672,1
34917871730,1
34917871776,1
34917871922,1
34917871935,1
34917872014,1
34917872191,1
34917872521,1
34917873871,1
34917874093,1
34917874618,1
34917874644,1
34917874671,1
34917875442,1
34917875510,1
34917875536,1
34917875538,1
34917875539,1
34917876026,1
34917876159,1
34917876210,1
34917876555,1
34917877834,1
34917877886,1
34917877889,1
34917878577,1
34917879730,1
34917882002,1
34917882004,1
34917886146,1
34917886234,1
34917886374,1
34917886414,1
34917886470,1
34917886814,1
34917886817,1
34917886818,1
34917886821,1
34917886823,1
34917886827,1
34917886829,1
34917886832,1
34917887089,1
34917887090,1
34917887428,1
34917887433,1
34917887930,1
34917887974,1
34917889848,1
34917889850,1
34917889851,1
34917889853,1
34917890044,1
34917890111,1
34917890634,1
34917892058,1
34917892077,1
34917892081,1
34917892085,1
34917892108,1
34917892123,1
34917892140,1
34917892182,1
34917892429,1
34917892558,1
34917894972,1
34917894975,1
34917894994,1
34917895062,1
34917895082,1
34917897610,1
34917904517,1
34917904532,1
34917906058,1
34917906059,1
34917906062,1
34917906068,1
34917906076,1
34917914500,1
34917914507,1
34917914514,1
34917927761,1
34917928431,1
34917929044,1
34917929938,1
34917930740,1
34917930765,1
34917930970,1
34917931498,1
34917932006,1
34917932416,1
34917933028,1
34917933030,1
34917935696,1
34917935747,1
34917935883,1
34917935886,1
34917935887,1
34917935905,1
34917935918,1
34917935965,1
34917936174,1
34917936195,1
34917936364,1
34917936490,1
34917936493,1
34917936727,1
34917937961,1
34917937980,1
34917937982,1
34917937984,1
34917938526,1
34917938541,1
34917938564,1
34917938565,1
34917938566,1
34917938568,1
34917938587,1
34917938588,1
34917938589,1
34917938664,1
34917938665,1
34917938666,1
34917938670,1
34917938671,1
34917938674,1
34917938677,1
34917938679,1
34917938763,1
34917941150,1
34917943015,1
34917943131,1
34917943160,1
34917943284,1
34917945522,1
34917945530,1
34917945591,1
34917945639,1
34917947273,1
34917947333,1
34917947348,1
34917949337,1
34917955741,1
34918055650,1
34918055651,1
34918055652,1
34918055819,1
34918056869,1
34918056872,1
34918081035,1
34918109979,1
34918220270,1
34918221370,1
34918221808,1
34918221856,1
34918221913,1
34918222129,1
34918222158,1
34918222166,1
34918222167,1
34918225954,1
34918227845,1
34918227866,1
34918227919,1
34918227943,1
34918227951,1
34918227954,1
34918227957,1
34918227958,1
34918228015,1
34918228067,1
34918228971,1
34918235980,1
34918251501,1
34918257603,1
34918260008,1
34918264015,1
34918267165,1
34918272370,1
34918272400,1
34918279840,1
34918281066,1
34918281517,1
34918281566,1
34918286230,1
34918286238,1
34918286263,1
34918286291,1
34918286298,1
34918286330,1
34918286347,1
34918286561,1
34918286764,1
34918286895,1
34918288500,1
34918288510,1
34918288512,1
34918288526,1
34918293308,1
34918293382,1
34918294811,1
34918297670,1
34918303660,1
34918304578,1
34918304579,1
34918330625,1
34918330637,1
34918336290,1
34918336304,1
34918352616,1
34918355551,1
34918355583,1
34918358337,1
34918358527,1
34918358534,1
34918358535,1
34918358826,1
34918360149,1
34918360152,1
34918361568,1
34918361715,1
34918362990,1
34918364197,1
34918364267,1
34918364369,1
34918364489,1
34918364554,1
34918365365,1
34918365812,1
34918366381,1
34918371507,1
34918371510,1
34918371554,1
34918371612,1
34918371917,1
34918371922,1
34918372338,1
34918372396,1
34918376450,1
34918376483,1
34918376945,1
34918377395,1
34918377398,1
34918377452,1
34918377458,1
34918377462,1
34918377468,1
34918377630,1
34918377734,1
34918377841,1
34918378332,1
34918379617,1
34918380065,1
34918380500,1
34918380505,1
34918380516,1
34918383866,1
34918384110,1
34918387969,1
34918388504,1
34918486918,1
34918538193,1
34918552773,1
34918757378,1
34918780612,1
34918809072,1
34918860839,1
34918878100,1
34918891325,1
34918892558,1
34918894391,1
34918948410,1
34918950416,1
34918959134,1
34918966430,1
34918973336,1
34919010081,1
34919011205,1
34919011905,1
34919012044,1
34919012678,1
34919012681,1
34919014616,1
34919015339,1
34919015383,1
34919016899,1
34919019255,1
34919019963,1
34919025801,1
34919031773,1
34919032272,1
34919033409,1
34919033456,1
34919033473,1
34919034107,1
34919044856,1
34919044857,1
34919046598,1
34919051722,1
34919051743,1
34919051795,1
34919054603,1
34919057481,1
34919057493,1
34919057497,1
34919059620,1
34919059626,1
34919059650,1
34919067312,1
34919072747,1
34919072750,1
34919073282,1
34919074041,1
34919076725,1
34919098884,1
34919101211,1
34919101719,1
34919112849,1
34919116949,1
34919120020,1
34919120120,1
34919145196,1
34919150350,1
34919152191,1
34919152812,1
34919152830,1
34919152833,1
34919152843,1
34919152869,1
34919152882,1
34919152888,1
34919152889,1
34919153928,1
34919153974,1
34919155024,1
34919155328,1
34919157067,1
34919158245,1
34919173050,1
34919176079,1
34919176110,1
34919186429,1
34919186547,1
34919186632,1
34919186655,1
34919186660,1
34919186732,1
34919186838,1
34919186866,1
34919186914,1
34919186979,1
34919187289,1
34919187409,1
34919187642,1
34919187793,1
34919187798,1
34919187915,1
34919187936,1
34919188211,1
34919188214,1
34919188215,1
34919188587,1
34919191000,1
34919191001,1
34919191035,1
34919196872,1
34919199420,1
34919199477,1
34919236482,1
34919236633,1
34919236637,1
34919236784,1
34919236792,1
34919236800,1
34919236816,1
34919245253,1
34919246894,1
34919246910,1
34919259632,1
34919259649,1
34919259656,1
34919259703,1
34919259807,1
34919263108,1
34919266359,1
34919266552,1
34919268571,1
34919313135,1
34919340044,1
34919340054,1
34919340069,1
34919340611,1
34919340613,1
34919340618,1
34919341048,1
34919341148,1
34919341269,1
34919341395,1
34919341574,1
34919341639,1
34919341675,1
34919347456,1
34919371495,1
34919371496,1
34919371497,1
34919371695,1
34919371971,1
34919371978,1
34919371981,1
34919372035,1
34919372036,1
34919372351,1
34919372767,1
34919372769,1
34919389315,1
34919430802,1
34919431333,1
34919431334,1
34919431341,1
34919431365,1
34919432086,1
34919432107,1
34919432119,1
34919432144,1
34919432170,1
34919432384,1
34919432411,1
34919432416,1
34919432421,1
34919432422,1
34919432425,1
34919432519,1
34919432579,1
34919432801,1
34919433501,1
34919434203,1
34919434484,1
34919435887,1
34919436778,1
34919437176,1
34919438673,1
34919439302,1
34919439596,1
34919440216,1
34919440571,1
34919440738,1
34919441610,1
34919442308,1
34919442309,1
34919443180,1
34919443361,1
34919443401,1
34919445661,1
34919445797,1
34919445997,1
34919446004,1
34919448469,1
34919449282,1
34919449283,1
34919459416,1
34919462014,1
34919462025,1
34919462039,1
34919462043,1
34919462054,1
34919462059,1
34919462065,1
34919462068,1
34919462073,1
34919462075,1
34919462078,1
34919462081,1
34919462086,1
34919462087,1
34919462203,1
34919462208,1
34919462209,1
34919462212,1
34919462214,1
34919462216,1
34919462221,1
34919462224,1
34919462225,1
34919462226,1
34919462227,1
34919462252,1
34919462272,1
34919462299,1
34919462311,1
34919462312,1
34919462313,1
34919462316,1
34919462405,1
34919462415,1
34919462437,1
34919462462,1
34919462471,1
34919462478,1
34919462489,1
34919462491,1
34919462515,1
34919462518,1
34919462520,1
34919462521,1
34919462524,1
34919462540,1
34919462546,1
34919462555,1
34919462564,1
34919462570,1
34919462573,1
34919462577,1
34919462579,1
34919462580,1
34919462586,1
34919462587,1
34919462595,1
34919462596,1
34919462597,1
34919462603,1
34919462607,1
34919462612,1
34919462618,1
34919462619,1
34919462639,1
34919462640,1
34919462644,1
34919462645,1
34919462646,1
34919462650,1
34919462651,1
34919462657,1
34919462660,1
34919462676,1
34919462680,1
34919462682,1
34919462686,1
34919462695,1
34919462698,1
34919462699,1
34919462705,1
34919462710,1
34919462752,1
34919462774,1
34919462781,1
34919462789,1
34919462809,1
34919462816,1
34919462819,1
34919462838,1
34919462840,1
34919462847,1
34919462854,1
34919462880,1
34919462883,1
34919462896,1
34919462898,1
34919462912,1
34919462916,1
34919462917,1
34919462919,1
34919462920,1
34919462927,1
34919462935,1
34919462936,1
34919462940,1
34919462946,1
34919462949,1
34919462956,1
34919462958,1
34919462962,1
34919462963,1
34919462971,1
34919462973,1
34919462978,1
34919462983,1
34919462991,1
34919462995,1
34919463761,1
34919463869,1
34919464172,1
34919465300,1
34919465488,1
34919465561,1
34919465567,1
34919465590,1
34919465671,1
34919466037,1
34919466062,1
34919466065,1
34919466068,1
34919466070,1
34919466359,1
34919466419,1
34919466914,1
34919467096,1
34919467352,1
34919467411,1
34919467412,1
34919467502,1
34919467510,1
34919467875,1
34919467879,1
34919467938,1
34919467955,1
34919467985,1
34919469149,1
34919469167,1
34919490311,1
34919490312,1
34919490321,1
34919496856,1
34919497539,1
34919498045,1
34919498182,1
34919521521,1
34919522189,1
34919531554,1
34919532092,1
34919532137,1
34919532424,1
34919532596,1
34919532692,1
34919532774,1
34919532831,1
34919532869,1
34919534055,1
34919534464,1
34919534753,1
34919534781,1
34919535161,1
34919535725,1
34919535746,1
34919536252,1
34919536274,1
34919536321,1
34919536327,1
34919536358,1
34919536361,1
34919536469,1
34919537558,1
34919537624,1
34919537649,1
34919545026,1
34919545696,1
34919546598,1
34919549670,1
34919549991,1
34919550012,1
34919550042,1
34919550046,1
34919550333,1
34919550488,1
34919550898,1
34919550944,1
34919550972,1
34919550993,1
34919581401,1
34919582280,1
34919582648,1
34919582674,1
34919582746,1
34919588676,1
34919590117,1
34919590132,1
34919590144,1
34919590147,1
34919590160,1
34919590175,1
34919590243,1
34919590244,1
34919590251,1
34919590354,1
34919590357,1
34919590410,1
34919590465,1
34919590472,1
34919590497,1
34919590551,1
34919590617,1
34919590671,1
34919590727,1
34919590752,1
34919590790,1
34919590802,1
34919590904,1
34919591039,1
34919591041,1
34919591146,1
34919591177,1
34919591243,1
34919591382,1
34919591455,1
34919591457,1
34919591488,1
34919591491,1
34919591498,1
34919591512,1
34919591517,1
34919591527,1
34919591528,1
34919591529,1
34919591531,1
34919591532,1
34919591537,1
34919591539,1
34919591543,1
34919591546,1
34919591547,1
34919591552,1
34919591554,1
34919591555,1
34919591557,1
34919591559,1
34919591565,1
34919591572,1
34919591628,1
34919591633,1
34919591634,1
34919591636,1
34919591639,1
34919591644,1
34919591699,1
34919591718,1
34919591801,1
34919592019,1
34919592048,1
34919592186,1
34919592261,1
34919592316,1
34919592330,1
34919592343,1
34919592576,1
34919592588,1
34919592590,1
34919592595,1
34919592838,1
34919593088,1
34919593203,1
34919593222,1
34919593292,1
34919593401,1
34919593405,1
34919593425,1
34919593522,1
34919593570,1
34919593692,1
34919593748,1
34919593870,1
34919593936,1
34919593941,1
34919594258,1
34919594298,1
34919594328,1
34919594367,1
34919594430,1
34919594505,1
34919594508,1
34919594538,1
34919594576,1
34919594615,1
34919594660,1
34919594673,1
34919594679,1
34919594737,1
34919594741,1
34919594767,1
34919594784,1
34919594814,1
34919594834,1
34919594862,1
34919594876,1
34919594895,1
34919594904,1
34919594937,1
34919594972,1
34919594973,1
34919595036,1
34919595098,1
34919595125,1
34919595151,1
34919595184,1
34919595219,1
34919595234,1
34919595259,1
34919595262,1
34919595273,1
34919595290,1
34919595320,1
34919595326,1
34919595359,1
34919595373,1
34919595451,1
34919595452,1
34919595489,1
34919595490,1
34919595502,1
34919595505,1
34919595515,1
34919595552,1
34919595640,1
34919595838,1
34919595839,1
34919595911,1
34919596040,1
34919596056,1
34919596247,1
34919596289,1
34919596311,1
34919596325,1
34919596332,1
34919596338,1
34919596386,1
34919596424,1
34919596454,1
34919596456,1
34919596484,1
34919596584,1
34919596617,1
34919596682,1
34919596714,1
34919596717,1
34919596816,1
34919596856,1
34919596891,1
34919596898,1
34919596924,1
34919596958,1
34919596962,1
34919597019,1
34919597022,1
34919597146,1
34919597281,1
34919597301,1
34919597348,1
34919597372,1
34919597423,1
34919597436,1
34919597470,1
34919597548,1
34919597662,1
34919597681,1
34919597686,1
34919597691,1
34919597755,1
34919597765,1
34919597796,1
34919597817,1
34919597826,1
34919597847,1
34919597893,1
34919598045,1
34919598070,1
34919598096,1
34919598225,1
34919598229,1
34919598343,1
34919598400,1
34919598402,1
34919598425,1
34919598563,1
34919598597,1
34919598599,1
34919598676,1
34919599015,1
34919599052,1
34919599152,1
34919599289,1
34919599424,1
34919599557,1
34919600414,1
34919600445,1
34919600471,1
34919600613,1
34919600711,1
34919600852,1
34919601038,1
34919601198,1
34919601282,1
34919601375,1
34919601402,1
34919601488,1
34919601928,1
34919601933,1
34919602267,1
34919602342,1
34919602356,1
34919602448,1
34919602457,1
34919602526,1
34919602533,1
34919602679,1
34919602681,1
34919602688,1
34919602701,1
34919602743,1
34919602883,1
34919602905,1
34919602925,1
34919602928,1
34919602930,1
34919602975,1
34919603163,1
34919603181,1
34919603438,1
34919603830,1
34919604471,1
34919604519,1
34919604520,1
34919610526,1
34919610801,1
34919610825,1
34919610835,1
34919611275,1
34919611648,1
34919612204,1
34919612237,1
34919615809,1
34919616078,1
34919616160,1
34919616171,1
34919616173,1
34919616175,1
34919616177,1
34919616178,1
34919616180,1
34919616784,1
34919616797,1
34919616819,1
34919616915,1
34919616958,1
34919617589,1
34919690237,1
34919690395,1
34919690411,1
34919690489,1
34919690892,1
34919690960,1
34919691813,1
34919692458,1
34919693165,1
34919694215,1
34919694227,1
34919694262,1
34919694279,1
34919694374,1
34919694418,1
34919694456,1
34919694468,1
34919694653,1
34919694950,1
34919695288,1
34919695338,1
34919695688,1
34919695890,1
34919696205,1
34919696665,1
34919696685,1
34919697213,1
34919697268,1
34919697590,1
34919697804,1
34919698341,1
34919698414,1
34919698531,1
34919698539,1
34919698618,1
34919698772,1
34919698776,1
34919698791,1
34919698815,1
34919698825,1
34919698854,1
34919699355,1
34919699500,1
34919701848,1
34919701858,1
34919701994,1
34919702400,1
34919703383,1
34919703475,1
34919703479,1
34919704013,1
34919704045,1
34919704055,1
34919704069,1
34919704112,1
34919704413,1
34919704485,1
34919704692,1
34919770996,1
34919771138,1
34919774700,1
34919790167,1
34919790439,1
34919790580,1
34919790602,1
34919790609,1
34919790648,1
34919790700,1
34919790713,1
34919790731,1
34919790904,1
34919791000,1
34919791009,1
34919791087,1
34919791150,1
34919791674,1
34919791693,1
34919791881,1
34919791937,1
34919791948,1
34919792211,1
34919792214,1
34919792384,1
34919792394,1
34919792398,1
34919792418,1
34919792715,1
34919792825,1
34919792857,1
34919792866,1
34919792883,1
34919792888,1
34919792964,1
34919793061,1
34919793137,1
34919793181,1
34919793201,1
34919793220,1
34919793344,1
34919793408,1
34919793457,1
34919794031,1
34919794068,1
34919794812,1
34919794945,1
34919795290,1
34919795378,1
34919795565,1
34919795682,1
34919795776,1
34919796088,1
34919796193,1
34919796264,1
34919796293,1
34919796346,1
34919796348,1
34919796395,1
34919796497,1
34919796504,1
34919796731,1
34919796749,1
34919796809,1
34919796846,1
34919796868,1
34919797011,1
34919797100,1
34919797115,1
34919797142,1
34919797201,1
34919797223,1
34919797293,1
34919797351,1
34919797358,1
34919797487,1
34919797872,1
34919798323,1
34919798347,1
34919798369,1
34919798423,1
34919798529,1
34919798568,1
34919798597,1
34919798598,1
34919798620,1
34919798724,1
34919798820,1
34919798825,1
34919798830,1
34919798853,1
34919798872,1
34919798878,1
34919798897,1
34919798943,1
34919798944,1
34919798947,1
34919798954,1
34919798965,1
34919798970,1
34919798985,1
34919799157,1
34919799461,1
34919799470,1
34919799474,1
34919799506,1
34919799508,1
34919799563,1
34919889894,1
34919890038,1
34919890285,1
34919890378,1
34919890507,1
34919890516,1
34919890570,1
34919890749,1
34919890788,1
34919890816,1
34919890832,1
34919890863,1
34919891126,1
34919891694,1
34919891865,1
34919892078,1
34919892135,1
34919892248,1
34919892525,1
34919892542,1
34919892549,1
34919892613,1
34919892617,1
34919892677,1
34919892770,1
34919892951,1
34919893048,1
34919893250,1
34919893366,1
34919893374,1
34919893406,1
34919893673,1
34919893744,1
34919893771,1
34919894036,1
34919894108,1
34919894176,1
34919894203,1
34919894284,1
34919894625,1
34919894674,1
34919894754,1
34919894809,1
34919894927,1
34919895089,1
34919895381,1
34919895384,1
34919895398,1
34919895408,1
34919895484,1
34919895763,1
34919895918,1
34919896017,1
34919896084,1
34919896127,1
34919896328,1
34919896340,1
34919896359,1
34919896372,1
34919896401,1
34919896858,1
34919896984,1
34919897315,1
34919897538,1
34919897563,1
34919897905,1
34919898061,1
34919898096,1
34919898115,1
34919898116,1
34919898130,1
34919898133,1
34919898137,1
34919898144,1
34919898147,1
34919898165,1
34919898168,1
34919898339,1
34919898377,1
34919898422,1
34919898462,1
34919898522,1
34919898575,1
34919898634,1
34919898641,1
34919898647,1
34919898654,1
34919898659,1
34919898666,1
34919898671,1
34919898679,1
34919898686,1
34919898725,1
34919898765,1
34919898788,1
34919898820,1
34919898864,1
34919898885,1
34919898894,1
34919898951,1
34919898967,1
34919899038,1
34919899082,1
34919899086,1
34919899140,1
34919899303,1
34919899321,1
34919899333,1
34919899397,1
34919899450,1
34919899466,1
34919899524,1
34919899553,1
34919899616,1
34919899681,1
34919899733,1
34919899795,1
34919899859,1
34919899861,1
34919899881,1
34919899886,1
34919899894,1
34919899933,1
34919899942,1
34919899986,1
34919900413,1
34919900422,1
34919904278,1
34919907906,1
34919908469,1
34919908481,1
34919908495,1
34919908593,1
34919919469,1
34919920148,1
34919920165,1
34919920860,1
34919921352,1
34919921365,1
34919921390,1
34919921443,1
34919921675,1
34919921688,1
34919921728,1
34919921752,1
34919922499,1
34919922955,1
34919923384,1
34919923778,1
34919923837,1
34919923854,1
34919924278,1
34919924313,1
34919931541,1
34919931782,1
34919932018,1
34919932159,1
34919932440,1
34919933108,1
34919943553,1
34919947356,1
34919950000,1
34919950002,1
34919950092,1
34919970105,1
34919970108,1
34919970117,1
34919970122,1
34919970124,1
34919970132,1
34919970135,1
34919970141,1
34919970144,1
34919970145,1
34919970152,1
34919970231,1
34919970247,1
34919970248,1
34919970259,1
34919970330,1
34919970343,1
34919970344,1
34919970362,1
34919970388,1
34919970389,1
34919970394,1
34919970399,1
34919970414,1
34919970421,1
34919970422,1
34919970426,1
34919970455,1
34919970459,1
34919970460,1
34919970475,1
34919970476,1
34919970478,1
34919970483,1
34919970490,1
34919970545,1
34919970570,1
34919970588,1
34919970589,1
34919970623,1
34919970637,1
34919970638,1
34919970639,1
34919970641,1
34919970643,1
34919970648,1
34919970653,1
34919970654,1
34919970655,1
34919970656,1
34919970658,1
34919970659,1
34919970662,1
34919970663,1
34919970664,1
34919970670,1
34919970684,1
34919970695,1
34919970699,1
34919970702,1
34919970703,1
34919970704,1
34919970705,1
34919970716,1
34919970717,1
34919970720,1
34919970727,1
34919970736,1
34919970738,1
34919970763,1
34919970771,1
34919970772,1
34919970791,1
34919970793,1
34919970813,1
34919970823,1
34919970824,1
34919970828,1
34919970840,1
34919970844,1
34919970851,1
34919970857,1
34919970873,1
34919970874,1
34919970877,1
34919970921,1
34919970923,1
34919970926,1
34919970947,1
34919970950,1
34919970951,1
34919970959,1
34919970960,1
34919970968,1
34919970977,1
34919970983,1
34919970985,1
34919970986,1
34919970990,1
34919970995,1
34919971005,1
34919971034,1
34919972331,1
34919972333,1
34919972341,1
34919972343,1
34919972347,1
34919972348,1
34919972362,1
34919972374,1
34919972376,1
34919972383,1
34919972384,1
34919972385,1
34919972396,1
34919973004,1
34919973005,1
34919973008,1
34919973016,1
34919973017,1
34919973025,1
34919973033,1
34919973036,1
34919973056,1
34919973057,1
34919973060,1
34919973061,1
34919973067,1
34919973072,1
34919973074,1
34919973130,1
34919973132,1
34919973134,1
34919973143,1
34919973463,1
34919973482,1
34919973515,1
34919973534,1
34919973540,1
34919973624,1
34919973780,1
34919974018,1
34919974840,1
34919974841,1
34919974993,1
34919975005,1
34919975034,1
34919975058,1
34919975140,1
34919975155,1
34919975174,1
34919975183,1
34919975238,1
34919975263,1
34919975300,1
34919975303,1
34919975318,1
34919975357,1
34919975407,1
34919975419,1
34919975558,1
34919975594,1
34919975654,1
34919975657,1
34919975667,1
34919975977,1
34919976087,1
34919976298,1
34919976543,1
34919976561,1
34919976604,1
34919976609,1
34919976639,1
34919976640,1
34919976641,1
34919976702,1
34919976703,1
34919976734,1
34919976739,1
34919976758,1
34919976770,1
34919976794,1
34919976802,1
34919976842,1
34919976843,1
34919976886,1
34919976895,1
34919976906,1
34919976926,1
34919976957,1
34919976988,1
34919977032,1
34919977033,1
34919977048,1
34919977051,1
34919977094,1
34919977116,1
34919977165,1
34919977219,1
34919977222,1
34919977256,1
34919977261,1
34919977317,1
34919977348,1
34919977375,1
34919977383,1
34919977389,1
34919977421,1
34919977422,1
34919977425,1
34919977471,1
34919977542,1
34919977573,1
34919977576,1
34919977621,1
34919977624,1
34919977625,1
34919977629,1
34919977651,1
34919977654,1
34919977682,1
34919977807,1
34919977821,1
34919977838,1
34919977876,1
34919977883,1
34919977909,1
34919977932,1
34919977945,1
34919977947,1
34919977962,1
34919978037,1
34919978069,1
34919978111,1
34919978438,1
34919978535,1
34919978603,1
34919978605,1
34919978606,1
34919978624,1
34919978628,1
34919978630,1
34919978640,1
34919978646,1
34919978649,1
34919978652,1
34919978662,1
34919978664,1
34919978665,1
34919978672,1
34919978674,1
34919978693,1
34919978694,1
34919978697,1
34919978698,1
34919978715,1
34919978720,1
34919978723,1
34919978724,1
34919978732,1
34919978736,1
34919978737,1
34919978744,1
34919978746,1
34919978769,1
34919978774,1
34919978786,1
34919978787,1
34919978793,1
34919978796,1
34919978797,1
34919978799,1
34919978809,1
34919978815,1
34919978817,1
34919978823,1
34919978824,1
34919978836,1
34919978838,1
34919978840,1
34919978844,1
34919978865,1
34919978874,1
34919978885,1
34919978887,1
34919978894,1
34919978901,1
34919978903,1
34919978914,1
34919978924,1
34919978925,1
34919978933,1
34919978940,1
34919978942,1
34919978947,1
34919978948,1
34919978949,1
34919978958,1
34919978961,1
34919978981,1
34919978982,1
34919978991,1
34919978994,1
34919978998,1
34919979065,1
34919979070,1
34919979091,1
34919979094,1
34919979126,1
34919979193,1
34919979210,1
34919979235,1
34919979273,1
34919979274,1
34919979275,1
34919979276,1
34919979277,1
34919979278,1
34919979279,1
34919979281,1
34919979287,1
34919979306,1
34919979344,1
34919979362,1
34919979398,1
34919979424,1
34919979487,1
34919979566,1
34919979592,1
34919979797,1
34919979994,1
34919987523,1
34919991570,1
34919991588,1
34919991699,1
34919991905,1
34919991949,1
34919992724,1
34919992736,1
34919993753,1
34919995140,1
34919995162,1
34919999386,1
34919999797,1
34920030190,1
34920031186,1
34920032002,1
34920038308,1
34920039911,1
34920060407,1
34920060732,1
34920107900,1
34920148006,1
34920153699,1
34920176970,1
34920186999,1
34920189091,1
34920190209,1
34920192234,1
34920204027,1
34920204540,1
34920207553,1
34920208420,1
34920211037,1
34920211059,1
34920211105,1
34920211122,1
34920211208,1
34920211345,1
34920211354,1
34920211362,1
34920211399,1
34920211400,1
34920211543,1
34920211766,1
34920212097,1
34920212232,1
34920212478,1
34920222875,1
34920227214,1
34920256475,1
34920298830,1
34920330079,1
34920330790,1
34920330883,1
34920334695,1
34920335245,1
34920339910,1
34920353559,1
34920373909,1
34920432011,1
34920468051,1
34920500544,1
34920500548,1
34920500608,1
34920500714,1
34920500824,1
34920501080,1
34920501096,1
34920501485,1
34920501607,1
34920501643,1
34920501701,1
34920501936,1
34920501958,1
34920502090,1
34920502171,1
34920502985,1
34920503252,1
34920619265,1
34920770723,1
34920772005,1
34920772020,1
34920808587,1
34920808997,1
34920823848,1
34920830671,1
34920838889,1
34920845465,1
34920880004,1
34920881215,1
34920888024,1
34920888025,1
34920888026,1
34920991193,1
34920994729,1
34921027392,1
34921033462,1
34921042198,1
34921066011,1
34921100840,1
34921111205,1
34921119066,1
34921119611,1
34921121334,1
34921126301,1
34921126960,1
34921127406,1
34921129880,1
34921129889,1
34921130194,1
34921133091,1
34921133093,1
34921133992,1
34921138788,1
34921140173,1
34921141311,1
34921141772,1
34921141861,1
34921142186,1
34921142277,1
34921142352,1
34921142430,1
34921143285,1
34921156156,1
34921174075,1
34921194624,1
34921195586,1
34921195588,1
34921195589,1
34921198709,1
34921210410,1
34921210414,1
34921210415,1
34921210576,1
34921219532,1
34921229963,1
34921275823,1
34921275836,1
34921275858,1
34921277124,1
34921288974,1
34921310002,1
34921310011,1
34921310013,1
34921310014,1
34921310034,1
34921310087,1
34921310245,1
34921310377,1
34921310395,1
34921310462,1
34921310572,1
34921310723,1
34921310777,1
34921311012,1
34921311020,1
34921311023,1
34921311027,1
34921311201,1
34921311435,1
34921311533,1
34921311726,1
34921311829,1
34921311899,1
34921312061,1
34921313047,1
34921313249,1
34921315989,1
34921430225,1
34921467367,1
34921514472,1
34921519299,1
34921519644,1
34921580936,1
34921594612,1
34921598217,1
34921616829,1
34921616848,1
34921619039,1
34921619060,1
34921666341,1
34921666840,1
34921666842,1
34921666846,1
34921669890,1
34921669894,1
34921920215,1
34921920515,1
34921920644,1
34921920661,1
34921920711,1
34921920721,1
34921920722,1
34921920724,1
34921920757,1
34921922516,1
34921925111,1
34921925134,1
34921925802,1
34922004567,1
34922011907,1
34922033454,1
34922046920,1
34922048610,1
34922060530,1
34922060562,1
34922062135,1
34922062156,1
34922062199,1
34922069469,1
34922072659,1
34922093912,1
34922094781,1
34922120290,1
34922147258,1
34922149031,1
34922149034,1
34922149233,1
34922149243,1
34922150004,1
34922150451,1
34922150481,1
34922150513,1
34922150744,1
34922151200,1
34922151414,1
34922151693,1
34922151694,1
34922151699,1
34922157279,1
34922158609,1
34922166066,1
34922166148,1
34922166314,1
34922167111,1
34922167201,1
34922167400,1
34922167404,1
34922167407,1
34922167412,1
34922167413,1
34922167414,1
34922167421,1
34922167685,1
34922174894,1
34922177155,1
34922182826,1
34922198656,1
34922198880,1
34922203323,1
34922210744,1
34922238097,1
34922274400,1
34922327014,1
34922327019,1
34922408248,1
34922413203,1
34922425476,1
34922461666,1
34922478203,1
34922541004,1
34922541010,1
34922553595,1
34922564014,1
34922663311,1
34922677398,1
34922735919,1
34922797860,1
34922876399,1
34922884234,1
34922896202,1
34922911944,1
34922914054,1
34922922673,1
34922923225,1
34922936536,1
34922956969,1
34922978016,1
34922980632,1
34922980635,1
34922980731,1
34922986682,1
34922987261,1
34922988027,1
34923044550,1
34923048644,1
34923061800,1
34923079114,1
34923082905,1
34923120070,1
34923120733,1
34923121506,1
34923121864,1
34923121996,1
34923122650,1
34923122664,1
34923123030,1
34923123111,1
34923123408,1
34923123468,1
34923123640,1
34923123729,1
34923123766,1
34923125585,1
34923125699,1
34923129294,1
34923130153,1
34923130363,1
34923130505,1
34923131033,1
34923172578,1
34923198718,1
34923289585,1
34923331984,1
34923387038,1
34923454399,1
34923583276,1
34923624012,1
34923659635,1
34923659860,1
34923659894,1
34923659918,1
34923690293,1
34923696660,1
34923704073,1
34923727634,1
34923746416,1
34923800833,1
34923808654,1
34923808873,1
34923880024,1
34923880147,1
34923880167,1
34923880216,1
34923880240,1
34923880296,1
34923880315,1
34923880318,1
34923880392,1
34923880393,1
34923880431,1
34923880579,1
34923880585,1
34923880727,1
34923880742,1
34923880761,1
34923880790,1
34923880794,1
34923880857,1
34923880962,1
34923880985,1
34923881087,1
34923881192,1
34923881258,1
34923881291,1
34923881311,1
34923881387,1
34923881404,1
34923881434,1
34923881438,1
34923881445,1
34923881459,1
34923881484,1
34923881609,1
34923881729,1
34923881953,1
34923882008,1
34923882155,1
34923882295,1
34923883140,1
34923883708,1
34923883727,1
34923945050,1
34923946878,1
34923980282,1
34923988042,1
34923988050,1
34923988055,1
34923988057,1
34923990920,1
34923992006,1
34923992496,1
34924005282,1
34924028778,1
34924029381,1
34924035967,1
34924035971,1
34924096403,1
34924096406,1
34924100152,1
34924102477,1
34924102544,1
34924194559,1
34924198090,1
34924213056,1
34924213886,1
34924215069,1
34924216122,1
34924241234,1
34924280044,1
34924280145,1
34924280163,1
34924281179,1
34924281182,1
34924281194,1
34924281416,1
34924281418,1
34924290054,1
34924290105,1
34924290126,1
34924290128,1
34924290162,1
34924290203,1
34924290271,1
34924290392,1
34924290554,1
34924290753,1
34924290771,1
34924290904,1
34924290907,1
34924291004,1
34924291016,1
34924291061,1
34924291081,1
34924291285,1
34924291330,1
34924291359,1
34924291366,1
34924291373,1
34924291749,1
34924291809,1
34924291810,1
34924291826,1
34924291836,1
34924291894,1
34924292007,1
34924292231,1
34924292247,1
34924292250,1
34924292251,1
34924292255,1
34924292258,1
34924292268,1
34924292274,1
34924292322,1
34924292407,1
34924293011,1
34924293278,1
34924293293,1
34924293304,1
34924293351,1
34924293469,1
34924293477,1
34924293591,1
34924293594,1
34924293718,1
34924293762,1
34924293882,1
34924293922,1
34924294282,1
34924294765,1
34924294941,1
34924295641,1
34924450622,1
34924450785,1
34924460297,1
34924591802,1
34924599580,1
34924736083,1
34924750352,1
34924812356,1
34924944721,1
34924944902,1
34924952210,1
34924952222,1
34924952955,1
34924955802,1
34924980693,1
34924980704,1
34924980784,1
34924980830,1
34924983055,1
34924987543,1
34924990747,1
34925018479,1
34925025658,1
34925049042,1
34925052582,1
34925057350,1
34925057399,1
34925103664,1
34925122084,1
34925123154,1
34925130069,1
34925130302,1
34925130946,1
34925141461,1
34925178030,1
34925197509,1
34925201240,1
34925205439,1
34925227650,1
34925288450,1
34925396669,1
34925396740,1
34925396754,1
34925504962,1
34925525969,1
34925529962,1
34925573032,1
34925670428,1
34925671135,1
34925673810,1
34925675062,1
34925677785,1
34925679950,1
34925699503,1
34925699516,1
34925699541,1
34925699554,1
34925699556,1
34925699565,1
34925699747,1
34925866987,1
34925928053,1
34925958752,1
34925990889,1
34926028999,1
34926036000,1
34926109020,1
34926114901,1
34926172006,1
34926189215,1
34926210306,1
34926210498,1
34926210667,1
34926211835,1
34926212520,1
34926213005,1
34926213343,1
34926214200,1
34926214593,1
34926265785,1
34926290088,1
34926304271,1
34926306560,1
34926371232,1
34926371418,1
34926373891,1
34926375956,1
34926376876,1
34926400208,1
34926400295,1
34926400544,1
34926400767,1
34926401262,1
34926401541,1
34926401543,1
34926401548,1
34926401662,1
34926401929,1
34926402086,1
34926402413,1
34926402648,1
34926402728,1
34926403906,1
34926403924,1
34926404007,1
34926404016,1
34926404035,1
34926404149,1
34926404178,1
34926404280,1
34926404558,1
34926404727,1
34926530212,1
34926589038,1
34926599659,1
34926670879,1
34926670983,1
34926678904,1
34926678905,1
34926923990,1
34926964088,1
34926964095,1
34926964197,1
34926964257,1
34927034771,1
34927035681,1
34927049245,1
34927063523,1
34927069055,1
34927069827,1
34927620165,1
34927684086,1
34927684118,1
34927684274,1
34927684357,1
34927684369,1
34927684370,1
34927684392,1
34927684424,1
34927684452,1
34927684453,1
34927684454,1
34927684469,1
34927684470,1
34927684472,1
34927684473,1
34927684474,1
34927684518,1
34927684551,1
34927684558,1
34927684559,1
34927684560,1
34927684561,1
34927684570,1
34927684582,1
34927684585,1
34927699408,1
34927699515,1
34927699937,1
34927750464,1
34927760165,1
34927764155,1
34927765845,1
34927766492,1
34927770834,1
34927770839,1
34927770875,1
34927770876,1
34927770915,1
34927770926,1
34927779628,1
34927779631,1
34927779634,1
34927779635,1
34927779683,1
34927779697,1
34927801115,1
34927801125,1
34927801163,1
34927801171,1
34927801187,1
34927801191,1
34927801196,1
34927801204,1
34927801208,1
34927801213,1
34927801225,1
34927801271,1
34927802137,1
34927830458,1
34927830537,1
34927830539,1
34927830554,1
34927830626,1
34927830697,1
34927830798,1
34927830804,1
34927830821,1
34927830917,1
34927831353,1
34927831394,1
34927831446,1
34927831447,1
34927831453,1
34927831533,1
34927831867,1
34927832091,1
34927832118,1
34927832124,1
34927832277,1
34927832555,1
34927832611,1
34927833016,1
34927833017,1
34927833045,1
34927833224,1
34927833554,1
34927833717,1
34927833937,1
34927834248,1
34927935729,1
34927935738,1
34927935767,1
34927935789,1
34927939038,1
34927939103,1
34927951041,1
34927952000,1
34927952062,1
34927952201,1
34927952355,1
34928041304,1
34928218206,1
34928221894,1
34928227849,1
34928235650,1
34928253491,1
34928291536,1
34928302637,1
34928322725,1
34928338700,1
34928342132,1
34928416561,1
34928420876,1
34928437219,1
34928438198,1
34928438230,1
34928438532,1
34928438559,1
34928438710,1
34928438735,1
34928438950,1
34928439340,1
34928439428,1
34928441224,1
34928441230,1
34928441344,1
34928441360,1
34928441364,1
34928441370,1
34928441379,1
34928450952,1
34928455609,1
34928503532,1
34928599072,1
34928730466,1
34928800104,1
34928880869,1
34928899557,1
34928901213,1
34928912958,1
34928919488,1
34928926403,1
34928926405,1
34928974240,1
34928976087,1
34928976091,1
34928976438,1
34928976460,1
34928987540,1
34928987573,1
34928987575,1
34928990063,1
34928990733,1
34929522065,1
34929790507,1
34929852121,1
34930007386,1
34930039974,1
34930050279,1
34930099920,1
34930120440,1
34930121886,1
34930128631,1
34930128667,1
34930138130,1
34930141587,1
34930158259,1
34930159002,1
34930160274,1
34930160395,1
34930172314,1
34930172411,1
34930174133,1
34930174135,1
34930174136,1
34930180456,1
34930185035,1
34930185094,1
34930191165,1
34930202003,1
34930202004,1
34930209216,1
34930212010,1
34930214980,1
34930221928,1
34930229554,1
34930231941,1
34930233793,1
34930237982,1
34930238005,1
34930255456,1
34930255598,1
34930264769,1
34930290211,1
34930301806,1
34930301895,1
34930301968,1
34930303330,1
34930305614,1
34930311998,1
34930318789,1
34930330115,1
34930330172,1
34930330214,1
34930330237,1
34930330295,1
34930330574,1
34930330741,1
34930330745,1
34930330747,1
34930330748,1
34930330749,1
34930330750,1
34930330753,1
34930330755,1
34930330756,1
34930330757,1
34930330758,1
34930330759,1
34930330887,1
34930330977,1
34930330994,1
34930331069,1
34930331125,1
34930331218,1
34930331257,1
34930331267,1
34930331275,1
34930331412,1
34930331438,1
34930331546,1
34930331727,1
34930331757,1
34930331763,1
34930331775,1
34930331930,1
34930332303,1
34930332507,1
34930332662,1
34930340717,1
34930344829,1
34930345487,1
34930347517,1
34930348171,1
34930348180,1
34930349902,1
34930368002,1
34930368375,1
34930368378,1
34930368717,1
34930368731,1
34930368948,1
34930368950,1
34930368953,1
34930368954,1
34930369011,1
34930369057,1
34930369247,1
34930369249,1
34930369273,1
34930369276,1
34930369316,1
34930369336,1
34930369360,1
34930369389,1
34930369393,1
34930369423,1
34930369518,1
34930369762,1
34930369768,1
34930369987,1
34930400016,1
34930400088,1
34930405181,1
34930407394,1
34930407397,1
34930442808,1
34930443175,1
34930450209,1
34930450270,1
34930450568,1
34930451026,1
34930451125,1
34930451482,1
34930451630,1
34930451929,1
34930452068,1
34930452078,1
34930453170,1
34930454596,1
34930460034,1
34930460190,1
34930460203,1
34930460408,1
34930460873,1
34930460943,1
34930460966,1
34930462684,1
34930466900,1
34930466999,1
34930468048,1
34930468101,1
34930468135,1
34930468172,1
34930468230,1
34930468250,1
34930468332,1
34930468337,1
34930468345,1
34930468446,1
34930468448,1
34930468497,1
34930468505,1
34930468516,1
34930468731,1
34930468837,1
34930471605,1
34930471840,1
34930473433,1
34930473443,1
34930473464,1
34930473483,1
34930473484,1
34930473505,1
34930473506,1
34930473586,1
34930473757,1
34930473772,1
34930473815,1
34930473868,1
34930473869,1
34930473915,1
34930473917,1
34930473928,1
34930473935,1
34930473936,1
34930473938,1
34930473941,1
34930474006,1
34930474774,1
34930475058,1
34930475151,1
34930475230,1
34930475315,1
34930475328,1
34930475398,1
34930475472,1
34930475579,1
34930475665,1
34930475709,1
34930475774,1
34930477358,1
34930477368,1
34930478137,1
34930478437,1
34930478582,1
34930479097,1
34930479101,1
34930479311,1
34930479319,1
34930479322,1
34930479353,1
34930479463,1
34930479502,1
34930479507,1
34930479624,1
34930479642,1
34930479670,1
34930479672,1
34930479680,1
34930479687,1
34930479693,1
34930481274,1
34930482297,1
34930482769,1
34930482836,1
34930483863,1
34930483982,1
34930485179,1
34930485329,1
34930485339,1
34930485341,1
34930487008,1
34930487011,1
34930487025,1
34930487029,1
34930487031,1
34930487033,1
34930487051,1
34930487052,1
34930487057,1
34930487073,1
34930487076,1
34930487077,1
34930487082,1
34930487083,1
34930487086,1
34930487108,1
34930487116,1
34930487122,1
34930487132,1
34930487141,1
34930487150,1
34930487155,1
34930487160,1
34930487161,1
34930487178,1
34930487187,1
34930487191,1
34930487195,1
34930487197,1
34930487200,1
34930487206,1
34930487210,1
34930487214,1
34930487215,1
34930487222,1
34930487223,1
34930487224,1
34930487228,1
34930487232,1
34930487235,1
34930487239,1
34930487242,1
34930487243,1
34930487251,1
34930487264,1
34930487265,1
34930487275,1
34930487284,1
34930487285,1
34930487289,1
34930487291,1
34930487303,1
34930487305,1
34930487306,1
34930487314,1
34930487315,1
34930487317,1
34930487334,1
34930487337,1
34930487340,1
34930487342,1
34930487346,1
34930487347,1
34930487353,1
34930487354,1
34930487355,1
34930487360,1
34930487386,1
34930487392,1
34930487416,1
34930487433,1
34930487465,1
34930487500,1
34930487501,1
34930487505,1
34930487506,1
34930487515,1
34930487516,1
34930487517,1
34930487519,1
34930487524,1
34930487550,1
34930487556,1
34930487563,1
34930487565,1
34930487566,1
34930487700,1
34930487701,1
34930487705,1
34930487707,1
34930487709,1
34930487716,1
34930487718,1
34930487720,1
34930487721,1
34930487722,1
34930487723,1
34930487726,1
34930487727,1
34930487730,1
34930487732,1
34930487733,1
34930487734,1
34930487736,1
34930487737,1
34930487738,1
34930487739,1
34930487743,1
34930487744,1
34930487745,1
34930487778,1
34930487783,1
34930487787,1
34930487790,1
34930487791,1
34930487795,1
34930487797,1
34930487821,1
34930487829,1
34930487834,1
34930487839,1
34930487842,1
34930487854,1
34930487856,1
34930487865,1
34930487883,1
34930487911,1
34930487912,1
34930487928,1
34930487937,1
34930487939,1
34930487940,1
34930487941,1
34930487942,1
34930487946,1
34930487947,1
34930487980,1
34930487987,1
34930491228,1
34930492222,1
34930492836,1
34930493221,1
34930493230,1
34930493707,1
34930493813,1
34930493846,1
34930494189,1
34930494479,1
34930495334,1
34930495350,1
34930495473,1
34930495713,1
34930495716,1
34930495718,1
34930495731,1
34930495743,1
34930495813,1
34930495818,1
34930495819,1
34930495820,1
34930495828,1
34930495832,1
34930495844,1
34930495931,1
34930495932,1
34930495936,1
34930495946,1
34930495992,1
34930496770,1
34930496783,1
34930496784,1
34930496789,1
34930496791,1
34930496799,1
34930497044,1
34930497063,1
34930497076,1
34930497268,1
34930497298,1
34930497315,1
34930497332,1
34930497372,1
34930498083,1
34930498205,1
34930498273,1
34930498354,1
34930499019,1
34930499038,1
34930499189,1
34930499281,1
34930502413,1
34930502574,1
34930502961,1
34930510156,1
34930510159,1
34930510168,1
34930510170,1
34930510328,1
34930510437,1
34930510468,1
34930510469,1
34930510528,1
34930510599,1
34930515067,1
34930515068,1
34930517295,1
34930523273,1
34930523807,1
34930544480,1
34930700122,1
34930756687,1
34930756774,1
34930756785,1
34930797338,1
34930837972,1
34930837984,1
34930837999,1
34930864953,1
34930882027,1
34930882216,1
34930885984,1
34930886067,1
34930886085,1
34930886928,1
34930886931,1
34930900152,1
34930900207,1
34930900567,1
34930900671,1
34930900693,1
34930900737,1
34930900748,1
34930900752,1
34930900897,1
34930901121,1
34930901267,1
34930901532,1
34930901592,1
34930901622,1
34930901675,1
34930901685,1
34930901724,1
34930901736,1
34930901780,1
34930901827,1
34930901833,1
34930902212,1
34930902292,1
34930902299,1
34930902355,1
34930902421,1
34930902457,1
34930902469,1
34930902533,1
34930902537,1
34930902550,1
34930902562,1
34930902577,1
34930902585,1
34930902596,1
34930902616,1
34930902649,1
34930902721,1
34930902781,1
34930902800,1
34930902824,1
34930902851,1
34930902903,1
34930902906,1
34930902919,1
34930902958,1
34930902974,1
34930902999,1
34930903049,1
34930903096,1
34930903112,1
34930903113,1
34930903136,1
34930903148,1
34930903163,1
34930903169,1
34930903202,1
34930903212,1
34930903218,1
34930903238,1
34930903245,1
34930903276,1
34930903284,1
34930903317,1
34930903341,1
34930903348,1
34930903361,1
34930903391,1
34930903482,1
34930903560,1
34930903585,1
34930903608,1
34930903614,1
34930903871,1
34930903966,1
34930904023,1
34930904193,1
34930904279,1
34930904282,1
34930904408,1
34930904513,1
34930904536,1
34930904601,1
34930904664,1
34930904668,1
34930904709,1
34930904721,1
34930904723,1
34930904726,1
34930904768,1
34930904810,1
34930904854,1
34930904883,1
34930904888,1
34930904937,1
34930904964,1
34930904983,1
34930904993,1
34930905036,1
34930905097,1
34930905130,1
34930905151,1
34930905188,1
34930905253,1
34930905266,1
34930905274,1
34930905280,1
34930905305,1
34930905469,1
34930905876,1
34930906008,1
34930906330,1
34930906425,1
34930906500,1
34930906514,1
34930906520,1
34930906551,1
34930906579,1
34930906591,1
34930906665,1
34930906685,1
34930906772,1
34930906797,1
34930906922,1
34930906929,1
34930906989,1
34930907030,1
34930907034,1
34930907183,1
34930907186,1
34930907190,1
34930907191,1
34930907198,1
34930907203,1
34930907207,1
34930907208,1
34930907213,1
34930907305,1
34930907346,1
34930907391,1
34930907430,1
34930907592,1
34930907635,1
34930907642,1
34930907857,1
34930907874,1
34930908033,1
34930908137,1
34930908148,1
34930908150,1
34930908164,1
34930908174,1
34930908184,1
34930908202,1
34930908207,1
34930908210,1
34930908220,1
34930908221,1
34930908222,1
34930908226,1
34930908227,1
34930908235,1
34930908243,1
34930908254,1
34930908256,1
34930908263,1
34930908266,1
34930908281,1
34930908284,1
34930908326,1
34930908328,1
34930908329,1
34930908342,1
34930908350,1
34930908388,1
34930908469,1
34930908671,1
34930909462,1
34930909463,1
34930909499,1
34930909538,1
34930909539,1
34930909540,1
34930909559,1
34930909568,1
34930909569,1
34930909584,1
34930909585,1
34930909716,1
34930909747,1
34930909790,1
34930909833,1
34930909836,1
34930909857,1
34930909925,1
34930909994,1
34930909997,1
34930930778,1
34930933693,1
34930936638,1
34930950403,1
34930950625,1
34930950689,1
34930952147,1
34930953119,1
34930954544,1
34930958007,1
34930958044,1
34930958067,1
34930958140,1
34930958269,1
34930958453,1
34930958535,1
34930958610,1
34930960585,1
34930960950,1
34930961258,1
34930963784,1
34930963912,1
34930964343,1
34930964637,1
34930965022,1
34930965635,1
34930965951,1
34930966140,1
34930967190,1
34930967600,1
34930968091,1
34930968518,1
34930968682,1
34930968814,1
34931070033,1
34931072024,1
34931072240,1
34931096851,1
34931150088,1
34931187089,1
34931187090,1
34931187510,1
34931189409,1
34931194451,1
34931194455,1
34931194478,1
34931200169,1
34931200525,1
34931200568,1
34931200791,1
34931201009,1
34931201167,1
34931202669,1
34931202735,1
34931202783,1
34931202841,1
34931202847,1
34931202901,1
34931202996,1
34931203136,1
34931203137,1
34931203156,1
34931203162,1
34931203172,1
34931203176,1
34931203198,1
34931203318,1
34931203326,1
34931203336,1
34931203338,1
34931203352,1
34931203381,1
34931203382,1
34931203386,1
34931203396,1
34931203401,1
34931203414,1
34931203416,1
34931203449,1
34931203514,1
34931203516,1
34931203521,1
34931204153,1
34931204591,1
34931205423,1
34931205516,1
34931205567,1
34931205649,1
34931205759,1
34931205804,1
34931205829,1
34931205846,1
34931205883,1
34931205928,1
34931205969,1
34931205994,1
34931206023,1
34931206045,1
34931206064,1
34931206093,1
34931206114,1
34931206134,1
34931206165,1
34931206191,1
34931206312,1
34931206329,1
34931206349,1
34931206356,1
34931206375,1
34931206398,1
34931206421,1
34931206626,1
34931206654,1
34931206725,1
34931206808,1
34931206819,1
34931206917,1
34931206973,1
34931206996,1
34931207026,1
34931207084,1
34931207093,1
34931207276,1
34931207305,1
34931207381,1
34931207478,1
34931207492,1
34931207506,1
34931207514,1
34931207532,1
34931207551,1
34931207589,1
34931207619,1
34931207635,1
34931207638,1
34931207672,1
34931207714,1
34931207719,1
34931207723,1
34931207727,1
34931207791,1
34931207812,1
34931207815,1
34931207829,1
34931207842,1
34931207854,1
34931207861,1
34931207867,1
34931207873,1
34931207876,1
34931207881,1
34931207885,1
34931207891,1
34931207896,1
34931207908,1
34931208629,1
34931208639,1
34931208709,1
34931208721,1
34931208723,1
34931208748,1
34931208751,1
34931208759,1
34931208772,1
34931208783,1
34931208793,1
34931208795,1
34931208803,1
34931208836,1
34931208848,1
34931208853,1
34931208875,1
34931208895,1
34931208902,1
34931208924,1
34931208934,1
34931209038,1
34931209051,1
34931209074,1
34931209598,1
34931217472,1
34931217476,1
34931220280,1
34931221035,1
34931222674,1
34931223651,1
34931224272,1
34931224654,1
34931225081,1
34931225991,1
34931226423,1
34931227207,1
34931227263,1
34931227736,1
34931227920,1
34931228020,1
34931258008,1
34931258067,1
34931283697,1
34931292436,1
34931292756,1
34931310781,1
34931311457,1
34931311458,1
34931311464,1
34931311469,1
34931311866,1
34931312917,1
34931313708,1
34931313711,1
34931313713,1
34931313716,1
34931313718,1
34931313882,1
34931314064,1
34931314733,1
34931314790,1
34931314799,1
34931315111,1
34931315123,1
34931315135,1
34931315150,1
34931315162,1
34931315167,1
34931315218,1
34931315432,1
34931316124,1
34931316135,1
34931316716,1
34931316821,1
34931316904,1
34931316907,1
34931317381,1
34931317785,1
34931317847,1
34931318652,1
34931318666,1
34931318923,1
34931318937,1
34931318998,1
34931319022,1
34931319081,1
34931319148,1
34931319599,1
34931319664,1
34931319992,1
34931350539,1
34931350590,1
34931350998,1
34931351136,1
34931351141,1
34931351149,1
34931351185,1
34931351377,1
34931351386,1
34931351387,1
34931351398,1
34931351629,1
34931351686,1
34931351697,1
34931351699,1
34931351722,1
34931351761,1
34931351767,1
34931351850,1
34931352310,1
34931352385,1
34931352555,1
34931352617,1
34931352680,1
34931352741,1
34931352902,1
34931352981,1
34931352985,1
34931352997,1
34931353015,1
34931353018,1
34931353020,1
34931353021,1
34931353539,1
34931353589,1
34931353935,1
34931354086,1
34931354099,1
34931354103,1
34931354409,1
34931354411,1
34931354412,1
34931354413,1
34931354416,1
34931354452,1
34931354483,1
34931354492,1
34931354904,1
34931354910,1
34931354912,1
34931354917,1
34931354932,1
34931354935,1
34931354938,1
34931354939,1
34931354942,1
34931355080,1
34931355087,1
34931355956,1
34931355974,1
34931355992,1
34931356114,1
34931356129,1
34931356136,1
34931356210,1
34931356338,1
34931356759,1
34931356855,1
34931357242,1
34931357373,1
34931357534,1
34931357919,1
34931357928,1
34931358177,1
34931359143,1
34931359203,1
34931359380,1
34931440312,1
34931440554,1
34931440572,1
34931444285,1
34931444287,1
34931444675,1
34931445050,1
34931504024,1
34931504036,1
34931517606,1
34931569928,1
34931590947,1
34931591027,1
34931591175,1
34931591179,1
34931591200,1
34931591206,1
34931591569,1
34931592139,1
34931594700,1
34931594879,1
34931596467,1
34931596596,1
34931596730,1
34931597196,1
34931598434,1
34931598947,1
34931640420,1
34931640425,1
34931640426,1
34931640427,1
34931640428,1
34931640429,1
34931640968,1
34931659664,1
34931659795,1
34931660211,1
34931660245,1
34931660739,1
34931676768,1
34931676792,1
34931676794,1
34931676798,1
34931684292,1
34931688000,1
34931688088,1
34931689242,1
34931689412,1
34931691744,1
34931696757,1
34931699411,1
34931699471,1
34931700102,1
34931706143,1
34931710111,1
34931710112,1
34931710119,1
34931710134,1
34931710530,1
34931710537,1
34931710546,1
34931710566,1
34931710961,1
34931719485,1
34931730003,1
34931730013,1
34931745425,1
34931760455,1
34931763066,1
34931769835,1
34931770578,1
34931772355,1
34931772396,1
34931775974,1
34931775975,1
34931775979,1
34931775991,1
34931776208,1
34931776261,1
34931776262,1
34931776388,1
34931776419,1
34931776439,1
34931776458,1
34931780577,1
34931800850,1
34931811321,1
34931811323,1
34931811329,1
34931816935,1
34931828001,1
34931828785,1
34931831033,1
34931831035,1
34931845133,1
34931845425,1
34931845639,1
34931845647,1
34931845682,1
34931847130,1
34931848260,1
34931848433,1
34931848500,1
34931848658,1
34931848735,1
34931850261,1
34931852245,1
34931859988,1
34931859989,1
34931860001,1
34931871727,1
34931871728,1
34931871747,1
34931888208,1
34931888323,1
34931888342,1
34931888350,1
34931890883,1
34931898302,1
34931975577,1
34931982634,1
34931991509,1
34931997009,1
34931999027,1
34931999062,1
34931999217,1
34932107927,1
34932107932,1
34932109710,1
34932142208,1
34932147503,1
34932192302,1
34932200080,1
34932200138,1
34932200146,1
34932200508,1
34932200691,1
34932200788,1
34932200860,1
34932200900,1
34932201024,1
34932201096,1
34932201849,1
34932202503,1
34932202688,1
34932203705,1
34932203731,1
34932205857,1
34932206573,1
34932206611,1
34932206988,1
34932209895,1
34932211074,1
34932212237,1
34932213336,1
34932277888,1
34932319447,1
34932382220,1
34932382355,1
34932423030,1
34932423107,1
34932423200,1
34932424459,1
34932425087,1
34932425854,1
34932425935,1
34932425940,1
34932483474,1
34932535638,1
34932535639,1
34932537302,1
34932542969,1
34932543379,1
34932545257,1
34932552823,1
34932553391,1
34932559686,1
34932565846,1
34932575661,1
34932575964,1
34932593512,1
34932593565,1
34932593571,1
34932593594,1
34932593782,1
34932594504,1
34932594580,1
34932594662,1
34932697273,1
34932697274,1
34932697276,1
34932697278,1
34932697279,1
34932697280,1
34932715848,1
34932718878,1
34932719572,1
34932745063,1
34932746029,1
34932746401,1
34932746416,1
34932747000,1
34932747007,1
34932747955,1
34932748878,1
34932748895,1
34932748920,1
34932748962,1
34932775194,1
34932775290,1
34932775374,1
34932775402,1
34932803660,1
34932810752,1
34932850010,1
34932923159,1
34932940304,1
34932940306,1
34932940312,1
34932940317,1
34932940318,1
34932951353,1
34932954662,1
34932954663,1
34932954664,1
34932954671,1
34932954673,1
34932954674,1
34932954675,1
34932954676,1
34932954677,1
34932954680,1
34932954689,1
34932954691,1
34932954692,1
34932954693,1
34932954694,1
34932961351,1
34932981038,1
34933079943,1
34933095152,1
34933095158,1
34933101334,1
34933238297,1
34933270122,1
34933270945,1
34933417729,1
34933426262,1
34933461343,1
34933499601,1
34933560013,1
34933622501,1
34933666522,1
34933755232,1
34933755774,1
34933759598,1
34933784873,1
34933802930,1
34933802976,1
34933803033,1
34933803069,1
34933803073,1
34933803074,1
34933803077,1
34933803078,1
34933803079,1
34933805034,1
34933805040,1
34933805044,1
34933805063,1
34933806029,1
34933806134,1
34933872966,1
34933882667,1
34933898957,1
34933899002,1
34933899264,1
34933901135,1
34933901380,1
34933901381,1
34933902357,1
34933902375,1
34933902420,1
34933902449,1
34933903602,1
34933903644,1
34933903647,1
34933903661,1
34933903662,1
34933905205,1
34933905769,1
34933905828,1
34933906110,1
34933930309,1
34933930473,1
34933930555,1
34933930802,1
34933931244,1
34933931247,1
34933931352,1
34933931357,1
34933931360,1
34933931478,1
34933933347,1
34933935342,1
34933938076,1
34933940491,1
34933949078,1
34933961192,1
34933966830,1
34933975409,1
34934112211,1
34934120971,1
34934124471,1
34934125040,1
34934161213,1
34934175252,1
34934175367,1
34934175569,1
34934302608,1
34934346358,1
34934386000,1
34934434169,1
34934434732,1
34934448804,1
34934459649,1
34934487708,1
34934487973,1
34934528747,1
34934538512,1
34934544838,1
34934544924,1
34934544947,1
34934545023,1
34934545035,1
34934545073,1
34934545076,1
34934545162,1
34934545163,1
34934545303,1
34934545322,1
34934546362,1
34934593846,1
34934745863,1
34934746666,1
34934746706,1
34934746746,1
34934748189,1
34934776176,1
34934848021,1
34934883382,1
34934921290,1
34934921300,1
34934921379,1
34934921712,1
34934921751,1
34934921792,1
34934922550,1
34934924600,1
34934925063,1
34934925205,1
34934925207,1
34934925392,1
34934929183,1
34934929761,1
34934929769,1
34934950904,1
34934958675,1
34934966338,1
34935031815,1
34935032196,1
34935032208,1
34935032218,1
34935032270,1
34935040107,1
34935056109,1
34935059842,1
34935070764,1
34935072302,1
34935081579,1
34935082602,1
34935082648,1
34935087156,1
34935088769,1
34935095949,1
34935096586,1
34935096646,1
34935108105,1
34935112004,1
34935117485,1
34935118162,1
34935118850,1
34935118851,1
34935118852,1
34935118853,1
34935118874,1
34935118879,1
34935119050,1
34935119051,1
34935119066,1
34935120726,1
34935120934,1
34935122178,1
34935127197,1
34935138033,1
34935147838,1
34935156900,1
34935178662,1
34935185360,1
34935191509,1
34935198949,1
34935202300,1
34935203039,1
34935203070,1
34935209244,1
34935209245,1
34935209258,1
34935209622,1
34935210297,1
34935210502,1
34935210604,1
34935210619,1
34935210626,1
34935210637,1
34935211578,1
34935211597,1
34935211654,1
34935211659,1
34935211873,1
34935211928,1
34935212206,1
34935212485,1
34935212831,1
34935212872,1
34935215071,1
34935215810,1
34935217851,1
34935217867,1
34935222193,1
34935224846,1
34935225156,1
34935242551,1
34935270048,1
34935270178,1
34935270198,1
34935274683,1
34935279902,1
34935311887,1
34935314369,1
34935315452,1
34935327842,1
34935332392,1
34935334772,1
34935335022,1
34935335852,1
34935340114,1
34935340115,1
34935340116,1
34935347056,1
34935350460,1
34935351260,1
34935351734,1
34935351795,1
34935450529,1
34935454105,1
34935457578,1
34935457601,1
34935474700,1
34935474862,1
34935474940,1
34935474945,1
34935475101,1
34935475105,1
34935475698,1
34935475733,1
34935478887,1
34935479692,1
34935479693,1
34935491424,1
34935493071,1
34935493099,1
34935499652,1
34935499748,1
34935499960,1
34935500060,1
34935500064,1
34935500069,1
34935500181,1
34935500931,1
34935514222,1
34935514226,1
34935514230,1
34935514236,1
34935514237,1
34935514244,1
34935532217,1
34935540683,1
34935549458,1
34935571515,1
34935572458,1
34935578280,1
34935578365,1
34935578417,1
34935578505,1
34935578592,1
34935578601,1
34935578605,1
34935594579,1
34935595341,1
34935595721,1
34935595723,1
34935595735,1
34935595755,1
34935595792,1
34935595800,1
34935595807,1
34935596513,1
34935596557,1
34935596561,1
34935596562,1
34935644657,1
34935656034,1
34935751120,1
34935771433,1
34935771673,1
34935771730,1
34935771763,1
34935771811,1
34935772180,1
34935772313,1
34935773349,1
34935773679,1
34935776098,1
34935777341,1
34935777354,1
34935777413,1
34935778962,1
34935779054,1
34935779186,1
34935779187,1
34935779193,1
34935779333,1
34935779679,1
34935779697,1
34935779815,1
34935779934,1
34935821599,1
34935853027,1
34935853057,1
34935853067,1
34935853296,1
34935853298,1
34935853454,1
34935854311,1
34935854529,1
34935872290,1
34935917077,1
34935917094,1
34935917097,1
34935918277,1
34935918415,1
34935918501,1
34935918525,1
34935918555,1
34935918699,1
34935918877,1
34935918879,1
34935918912,1
34935919716,1
34935921527,1
34935951406,1
34935953075,1
34935954133,1
34935954926,1
34935955255,1
34935956238,1
34935957121,1
34935957665,1
34935957807,1
34935957850,1
34935958357,1
34935958603,1
34935959141,1
34935959148,1
34935959170,1
34935959179,1
34935959264,1
34935959403,1
34935959468,1
34935991310,1
34935995824,1
34936028159,1
34936034957,1
34936061093,1
34936065095,1
34936070582,1
34936071650,1
34936071654,1
34936075442,1
34936100057,1
34936100058,1
34936119482,1
34936175545,1
34936179166,1
34936190110,1
34936190221,1
34936190222,1
34936190226,1
34936190233,1
34936191160,1
34936191490,1
34936191964,1
34936191967,1
34936191977,1
34936191980,1
34936192481,1
34936192528,1
34936193600,1
34936213141,1
34936219712,1
34936267000,1
34936268418,1
34936269085,1
34936297290,1
34936311827,1
34936386470,1
34936415412,1
34936415413,1
34936415424,1
34936415518,1
34936415593,1
34936442006,1
34936461115,1
34936461149,1
34936461307,1
34936461326,1
34936461331,1
34936461332,1
34936461363,1
34936461375,1
34936461386,1
34936461395,1
34936461725,1
34936462076,1
34936462116,1
34936539786,1
34936558560,1
34936558562,1
34936559446,1
34936656452,1
34936711097,1
34936731068,1
34936833441,1
34936890110,1
34936919893,1
34936924849,1
34936940163,1
34936940259,1
34936941782,1
34936941871,1
34936954500,1
34937004476,1
34937018420,1
34937022898,1
34937061510,1
34937099743,1
34937099747,1
34937230848,1
34937231010,1
34937288505,1
34937288633,1
34937290589,1
34937370000,1
34937370374,1
34937370517,1
34937371047,1
34937371290,1
34937374028,1
34937378635,1
34937408382,1
34937417786,1
34937481413,1
34937493017,1
34937494003,1
34937495124,1
34937496660,1
34937496768,1
34937496976,1
34937497030,1
34937499557,1
34937516540,1
34937516557,1
34937539886,1
34937573012,1
34937573014,1
34937573066,1
34937590554,1
34937590587,1
34937590589,1
34937590842,1
34937591666,1
34937591949,1
34937592363,1
34937592408,1
34937592447,1
34937592558,1
34937592583,1
34937592595,1
34937593058,1
34937593356,1
34937593361,1
34937593417,1
34937593532,1
34937620987,1
34937734898,1
34937772420,1
34937803470,1
34937817617,1
34937834066,1
34937902687,1
34937947775,1
34938023373,1
34938023654,1
34938029863,1
34938109212,1
34938133793,1
34938157656,1
34938184314,1
34938236564,1
34938305295,1
34938343919,1
34938426663,1
34938490280,1
34938491301,1
34938614713,1
34938817483,1
34938843315,1
34938844218,1
34938877207,1
34938877234,1
34938877926,1
34938879318,1
34938935886,1
34938999909,1
34939014447,1
34939089991,1
34939138753,1
34939510640,1
34939588745,1
34939786751,1
34939831429,1
34939847602,1
34939870310,1
34939872058,1
34939880214,1
34939921355,1
34939956031,1
34939995867,1
34940234624,1
34940238383,1
34940253070,1
34940285579,1
34940285590,1
34940299960,1
34940299961,1
34940299964,1
34940299966,1
34940299967,1
34940299980,1
34940299981,1
34940299984,1
34940299999,1
34940333549,1
34940414787,1
34940460843,1
34940460860,1
34940460870,1
34940460873,1
34940468230,1
34940520183,1
34940537995,1
34940607762,1
34940655800,1
34940655801,1
34940655808,1
34940655890,1
34940696351,1
34940756747,1
34940756748,1
34940808119,1
34940855977,1
34940855978,1
34940855979,1
34940855980,1
34940855981,1
34940855982,1
34940855983,1
34940855984,1
34940855985,1
34940855986,1
34940855987,1
34940855988,1
34940855989,1
34940855990,1
34940855991,1
34940855992,1
34940855993,1
34940855994,1
34940855995,1
34940855997,1
34940855998,1
34940855999,1
34941032413,1
34941033209,1
34941033957,1
34941049205,1
34941059066,1
34941059795,1
34941067082,1
34941090906,1
34941100980,1
34941108202,1
34941120100,1
34941125296,1
34941131497,1
34941132147,1
34941132784,1
34941133166,1
34941133611,1
34941134114,1
34941134124,1
34941143924,1
34941148331,1
34941204736,1
34941214477,1
34941218964,1
34941240171,1
34941251611,1
34941286659,1
34941289181,1
34941560035,1
34941560038,1
34941560833,1
34941560860,1
34941561030,1
34941561066,1
34941561104,1
34941561140,1
34941561232,1
34941561250,1
34941561978,1
34941561995,1
34941562666,1
34941562887,1
34941563322,1
34941563457,1
34941598831,1
34941622631,1
34941699942,1
34941713041,1
34941713042,1
34941713044,1
34941728034,1
34941728123,1
34941728168,1
34941728219,1
34941733700,1
34941733701,1
34941733702,1
34941733703,1
34941733705,1
34941733794,1
34941733795,1
34941750438,1
34941755973,1
34941870536,1
34941890544,1
34941890611,1
34941890645,1
34941890662,1
34941890663,1
34941890664,1
34942030002,1
34942031661,1
34942035707,1
34942037041,1
34942038397,1
34942052682,1
34942053302,1
34942055557,1
34942055805,1
34942067224,1
34942070900,1
34942071714,1
34942071777,1
34942074450,1
34942075524,1
34942078870,1
34942089462,1
34942090107,1
34942090554,1
34942090582,1
34942090589,1
34942090771,1
34942091135,1
34942091607,1
34942091611,1
34942092014,1
34942092047,1
34942092048,1
34942092062,1
34942092070,1
34942092071,1
34942105185,1
34942105494,1
34942109315,1
34942109656,1
34942130351,1
34942179997,1
34942191913,1
34942192611,1
34942328515,1
34942328524,1
34942362847,1
34942423067,1
34942428522,1
34942429688,1
34942465143,1
34942499359,1
34942499395,1
34942499421,1
34942512604,1
34942536370,1
34942560290,1
34942622205,1
34942670268,1
34942690907,1
34942763835,1
34942835190,1
34942840140,1
34942844466,1
34942870898,1
34942917496,1
34942930444,1
34942930528,1
34942930564,1
34942932180,1
34942934724,1
34942939050,1
34942940722,1
34942940763,1
34942946860,1
34942948327,1
34942948333,1
34942948349,1
34942948960,1
34942948965,1
34943009291,1
34943012006,1
34943012025,1
34943018000,1
34943023400,1
34943032889,1
34943032999,1
34943061533,1
34943068071,1
34943068152,1
34943068808,1
34943079591,1
34943079695,1
34943091871,1
34943104464,1
34943151161,1
34943151166,1
34943221857,1
34943404850,1
34943404886,1
34943560289,1
34943564230,1
34943565133,1
34943565138,1
34943565155,1
34943566331,1
34943568618,1
34943633292,1
34943652639,1
34943902500,1
34943930334,1
34943930409,1
34943930511,1
34943930562,1
34943931300,1
34943931377,1
34943931419,1
34943932360,1
34943932574,1
34943932722,1
34943932859,1
34943932895,1
34943932948,1
34943933248,1
34943933347,1
34943933510,1
34943934189,1
34943934254,1
34943953588,1
34943985591,1
34943985595,1
34944006037,1
34944007276,1
34944020138,1
34944025350,1
34944028477,1
34944028531,1
34944028820,1
34944028872,1
34944029110,1
34944029851,1
34944030924,1
34944031056,1
34944031149,1
34944037795,1
34944051412,1
34944053988,1
34944055928,1
34944056436,1
34944057000,1
34944058417,1
34944068010,1
34944068014,1
34944073454,1
34944077240,1
34944077366,1
34944078091,1
34944130052,1
34944135014,1
34944140165,1
34944143804,1
34944148962,1
34944180785,1
34944184465,1
34944221776,1
34944274630,1
34944326492,1
34944340321,1
34944340854,1
34944340866,1
34944340903,1
34944340920,1
34944340925,1
34944340927,1
34944340959,1
34944341064,1
34944341093,1
34944341096,1
34944341097,1
34944341187,1
34944341212,1
34944341214,1
34944341543,1
34944341801,1
34944341921,1
34944341927,1
34944341979,1
34944342002,1
34944342107,1
34944342194,1
34944342321,1
34944342339,1
34944342410,1
34944342851,1
34944342861,1
34944342912,1
34944342918,1
34944342929,1
34944342953,1
34944342989,1
34944343002,1
34944343044,1
34944343918,1
34944347005,1
34944347078,1
34944347090,1
34944347760,1
34944349923,1
34944349925,1
34944349938,1
34944361812,1
34944379215,1
34944393696,1
34944416445,1
34944436785,1
34944503503,1
34944514086,1
34944582722,1
34944582723,1
34944582726,1
34944582727,1
34944582731,1
34944582757,1
34944582786,1
34944582787,1
34944652209,1
34944770057,1
34944770143,1
34944770144,1
34944770312,1
34944770317,1
34944770318,1
34944770501,1
34944770526,1
34944770634,1
34944770677,1
34944771344,1
34944771633,1
34944771786,1
34944772184,1
34944772378,1
34944772424,1
34944772453,1
34944772480,1
34944772517,1
34944772660,1
34944773233,1
34944773542,1
34944774036,1
34944774082,1
34944774122,1
34944774152,1
34944774422,1
34944774513,1
34944775034,1
34944775094,1
34944775154,1
34944775207,1
34944775211,1
34944775232,1
34944775357,1
34944775512,1
34944775526,1
34944775537,1
34944776060,1
34944776153,1
34944776390,1
34944776441,1
34944778019,1
34944850232,1
34944851102,1
34944863141,1
34944863142,1
34944863144,1
34945001533,1
34945003108,1
34945003118,1
34945003399,1
34945004695,1
34945006607,1
34945006867,1
34945006900,1
34945007000,1
34945007610,1
34945007922,1
34945016063,1
34945036579,1
34945036949,1
34945042943,1
34945090544,1
34945090546,1
34945137795,1
34945194391,1
34945198280,1
34945315000,1
34945362541,1
34945483165,1
34945497793,1
34945499011,1
34945499036,1
34945499045,1
34945499163,1
34945504251,1
34945504271,1
34945521273,1
34945521284,1
34945527200,1
34945550169,1
34945551051,1
34945552021,1
34945552077,1
34945552857,1
34945552960,1
34945560153,1
34945560572,1
34945560632,1
34945560714,1
34945560956,1
34945562229,1
34945562273,1
34945562278,1
34945562282,1
34945562294,1
34945564155,1
34945569263,1
34945569501,1
34945611102,1
34945611132,1
34945611323,1
34945659717,1
34945659970,1
34945660054,1
34945660221,1
34945660236,1
34945660384,1
34945660641,1
34945660841,1
34945660879,1
34945660920,1
34945660968,1
34945661018,1
34945661321,1
34945661350,1
34945661549,1
34945661558,1
34945661565,1
34945661611,1
34945661618,1
34945661620,1
34945661624,1
34945661629,1
34945661632,1
34945661641,1
34945661643,1
34945661646,1
34945661647,1
34945661649,1
34945661650,1
34945661651,1
34945661652,1
34945661672,1
34945661678,1
34945661682,1
34945661714,1
34945662059,1
34945662234,1
34945662236,1
34945662313,1
34945662428,1
34945662476,1
34945662682,1
34945662691,1
34945662710,1
34945662711,1
34945662713,1
34945663024,1
34945663235,1
34945663251,1
34945663253,1
34945663464,1
34945663516,1
34945663588,1
34945663707,1
34945664111,1
34945670882,1
34945720033,1
34945762107,1
34945943629,1
34945952222,1
34945952271,1
34945952826,1
34945952879,1
34945953384,1
34945959830,1
34945995112,1
34946006679,1
34946010024,1
34946020334,1
34946035896,1
34946061203,1
34946061531,1
34946067101,1
34946079000,1
34946084888,1
34946087875,1
34946090346,1
34946092053,1
34946092398,1
34946092712,1
34946098822,1
34946099044,1
34946182884,1
34946190279,1
34946232764,1
34946232814,1
34946287532,1
34946341009,1
34946341017,1
34946341027,1
34946341031,1
34946341063,1
34946341074,1
34946341102,1
34946341154,1
34946341158,1
34946341161,1
34946341185,1
34946341187,1
34946341194,1
34946341205,1
34946341208,1
34946341216,1
34946341223,1
34946341226,1
34946341231,1
34946341238,1
34946341242,1
34946341248,1
34946341252,1
34946341258,1
34946341264,1
34946341292,1
34946341295,1
34946341417,1
34946341425,1
34946341431,1
34946341437,1
34946341439,1
34946341447,1
34946341451,1
34946341457,1
34946341496,1
34946341498,1
34946341506,1
34946341521,1
34946342227,1
34946342251,1
34946342256,1
34946342409,1
34946342415,1
34946342498,1
34946342589,1
34946342603,1
34946342616,1
34946342619,1
34946342635,1
34946342657,1
34946342684,1
34946342738,1
34946376384,1
34946402927,1
34946423897,1
34946427163,1
34946438921,1
34946438954,1
34946453207,1
34946519426,1
34946519590,1
34946519595,1
34946519687,1
34946530053,1
34946530065,1
34946530152,1
34946530167,1
34946530312,1
34946532423,1
34946535158,1
34946535299,1
34946535300,1
34946535301,1
34946535302,1
34946541585,1
34946611940,1
34946650185,1
34946660122,1
34946660164,1
34946660431,1
34946660504,1
34946660506,1
34946663259,1
34946663367,1
34946663523,1
34946663553,1
34946663582,1
34946664183,1
34946664246,1
34946664274,1
34946664309,1
34946669056,1
34946669073,1
34946856279,1
34946910134,1
34946910149,1
34946930155,1
34946932088,1
34946932186,1
34946932221,1
34946932285,1
34946932454,1
34946933343,1
34946933361,1
34946941310,1
34946947674,1
34946948150,1
34946959880,1
34946988633,1
34946988639,1
34946988643,1
34946988655,1
34946988656,1
34946988661,1
34946988675,1
34946988679,1
34946988680,1
34946988681,1
34946988684,1
34946988688,1
34946988689,1
34946988707,1
34947000000,1
34947003944,1
34947058120,1
34947059397,1
34947059711,1
34947059789,1
34947059950,1
34947064063,1
34947088200,1
34947098909,1
34947099038,1
34947099068,1
34947104765,1
34947118193,1
34947158182,1
34947245074,1
34947252581,1
34947278793,1
34947347335,1
34947392789,1
34947426420,1
34947466885,1
34947510690,1
34947559675,1
34947577388,1
34947589796,1
34947592268,1
34947651011,1
34947651068,1
34947651097,1
34947651098,1
34947651120,1
34947651192,1
34947651313,1
34947651761,1
34947653827,1
34947653972,1
34947659509,1
34947659545,1
34947679149,1
34947679705,1
34947679715,1
34947679716,1
34947679717,1
34947691275,1
34947780219,1
34947780336,1
34947780365,1
34947780417,1
34947780592,1
34947780760,1
34947780844,1
34947780897,1
34947780977,1
34947781481,1
34947781502,1
34947781507,1
34947781532,1
34947781550,1
34947781778,1
34947781958,1
34947782603,1
34947782722,1
34947782725,1
34947782750,1
34947782752,1
34947783369,1
34947783550,1
34947783811,1
34947797859,1
34947812125,1
34947851477,1
34947851535,1
34947855028,1
34947855124,1
34947858060,1
34947880340,1
34947889035,1
34947907631,1
34947921083,1
34947971621,1
34947971631,1
34947971637,1
34947978717,1
34947980736,1
34947981005,1
34947981011,1
34947981013,1
34947981066,1
34947981070,1
34947981081,1
34947981083,1
34947981227,1
34947981228,1
34947981292,1
34948005132,1
34948030115,1
34948069844,1
34948085022,1
34948103266,1
34948240882,1
34948346288,1
34948786862,1
34948961844,1
34948980691,1
34948980751,1
34948980774,1
34948980778,1
34948982246,1
34948982295,1
34948985578,1
34948986046,1
34948986270,1
34949010000,1
34949032232,1
34949101061,1
34949103254,1
34949108730,1
34949171028,1
34949172915,1
34949172926,1
34949172932,1
34949199760,1
34949200367,1
34949200590,1
34949200662,1
34949200888,1
34949201016,1
34949209200,1
34949253878,1
34949287959,1
34949333250,1
34949365485,1
34949404711,1
34949447898,1
34949493223,1
34949498961,1
34949599752,1
34949599929,1
34949599930,1
34949700059,1
34949700089,1
34949700144,1
34949700146,1
34949700170,1
34949700326,1
34949700329,1
34949700386,1
34949700391,1
34949700515,1
34949700735,1
34949700819,1
34949700980,1
34949701385,1
34949701638,1
34949701688,1
34949701699,1
34949702822,1
34949702839,1
34949750577,1
34949792341,1
34949870104,1
34949870105,1
34949870133,1
34949870151,1
34949870569,1
34949870575,1
34949870989,1
34949872416,1
34949874053,1
34949874551,1
34949891318,1
34950033687,1
34950050584,1
34950087754,1
34950087764,1
34950110111,1
34950151877,1
34950210191,1
34950267602,1
34950267622,1
34950267625,1
34950267632,1
34950269000,1
34950269001,1
34950269266,1
34950269795,1
34950500279,1
34950500291,1
34950500765,1
34950500795,1
34950500985,1
34950501019,1
34950501126,1
34950501304,1
34950501320,1
34950501344,1
34950501397,1
34950501868,1
34950501869,1
34950501882,1
34950502161,1
34950502175,1
34950502347,1
34950502378,1
34950502399,1
34950502453,1
34950502489,1
34950502495,1
34950502551,1
34950502565,1
34950502574,1
34950502598,1
34950502636,1
34950502644,1
34950502650,1
34950502652,1
34950502653,1
34950502826,1
34950502838,1
34950502862,1
34950502867,1
34950502945,1
34950502948,1
34950502981,1
34950503004,1
34950503137,1
34950503157,1
34950503185,1
34950503238,1
34950503356,1
34950503380,1
34950503396,1
34950503502,1
34950503604,1
34950503621,1
34950503622,1
34950503651,1
34950503657,1
34950503662,1
34950503669,1
34950503693,1
34950503766,1
34950503771,1
34950503782,1
34950503792,1
34950503794,1
34950503855,1
34950503873,1
34950504058,1
34950504062,1
34950504075,1
34950504103,1
34950504187,1
34950504197,1
34950504203,1
34950504216,1
34950504257,1
34950504265,1
34950504301,1
34950504313,1
34950504339,1
34950504349,1
34950504378,1
34950504426,1
34950504443,1
34950504549,1
34950504644,1
34950504715,1
34950504743,1
34950504809,1
34950504835,1
34950504838,1
34950504854,1
34950505099,1
34950505166,1
34950505168,1
34950505181,1
34950506460,1
34950506777,1
34950507376,1
34950562358,1
34950575204,1
34950621063,1
34950635027,1
34950657722,1
34950680201,1
34950680302,1
34950681316,1
34950699453,1
34950699478,1
34950699545,1
34950699585,1
34950699678,1
34950699728,1
34950699960,1
34950720745,1
34950721133,1
34950721135,1
34950721403,1
34950724001,1
34950724012,1
34950724013,1
34950724016,1
34950724053,1
34950724054,1
34950724106,1
34950724199,1
34950724201,1
34950724205,1
34950724212,1
34950724215,1
34950724261,1
34950724270,1
34950724272,1
34950724373,1
34950724375,1
34950724388,1
34950724398,1
34950724407,1
34950724410,1
34950724412,1
34950724419,1
34950724420,1
34950724422,1
34950724446,1
34950724464,1
34950724465,1
34950724468,1
34950724469,1
34950724473,1
34950724474,1
34950724484,1
34950724493,1
34950724516,1
34950724577,1
34950724578,1
34950724584,1
34950724593,1
34950724621,1
34950724622,1
34950724623,1
34950730281,1
34950730366,1
34950730393,1
34950751000,1
34950772226,1
34950798135,1
34950798152,1
34950820127,1
34950824989,1
34950829787,1
34950831047,1
34950831070,1
34950831106,1
34950831131,1
34950831237,1
34950831254,1
34950831345,1
34950834001,1
34950834002,1
34950836164,1
34950836166,1
34950836183,1
34950836274,1
34950853070,1
34950923954,1
34950928087,1
34950930101,1
34950930110,1
34950936172,1
34950937980,1
34950938956,1
34950950156,1
34950950261,1
34950950262,1
34950950263,1
34950950264,1
34950950266,1
34950950267,1
34950950866,1
34950950871,1
34950950875,1
34950950904,1
34950950924,1
34950951132,1
34950951134,1
34950951189,1
34950951192,1
34950951205,1
34950951207,1
34950951216,1
34950951242,1
34950951254,1
34950952915,1
34950952916,1
34950955387,1
34950957223,1
34950957224,1
34950957225,1
34950957226,1
34950969340,1
34950969447,1
34950969707,1
34950969720,1
34950994081,1
34951012290,1
34951014830,1
34951015824,1
34951017917,1
34951018564,1
34951029317,1
34951029318,1
34951029763,1
34951061650,1
34951085745,1
34951085746,1
34951085748,1
34951085755,1
34951086114,1
34951104028,1
34951108198,1
34951108663,1
34951123326,1
34951133874,1
34951158119,1
34951158796,1
34951158813,1
34951158876,1
34951173849,1
34951176650,1
34951193676,1
34951195737,1
34951195739,1
34951203073,1
34951204003,1
34951204775,1
34951204999,1
34951207232,1
34951230435,1
34951230545,1
34951230548,1
34951230587,1
34951230874,1
34951231743,1
34951231813,1
34951232289,1
34951232543,1
34951233283,1
34951233286,1
34951233304,1
34951233347,1
34951233374,1
34951233408,1
34951233409,1
34951233439,1
34951233551,1
34951244453,1
34951244456,1
34951244463,1
34951244508,1
34951244513,1
34951244521,1
34951244526,1
34951244541,1
34951244543,1
34951244573,1
34951244595,1
34951244611,1
34951244618,1
34951244621,1
34951244650,1
34951244832,1
34951254147,1
34951269783,1
34951269813,1
34951270689,1
34951270948,1
34951290635,1
34951292402,1
34951304892,1
34951350979,1
34951370611,1
34951386237,1
34951386374,1
34951386591,1
34951386621,1
34951386739,1
34951387248,1
34951390705,1
34951390913,1
34951390935,1
34951403232,1
34951403233,1
34951403236,1
34951403237,1
34951403239,1
34951411887,1
34951411927,1
34951419470,1
34951441328,1
34951446109,1
34951462093,1
34951462094,1
34951462972,1
34951496860,1
34951497257,1
34951497369,1
34951497876,1
34951497898,1
34951504175,1
34951513005,1
34951550102,1
34951550712,1
34951550737,1
34951550874,1
34951551321,1
34951551417,1
34951552215,1
34951552924,1
34951553026,1
34951553070,1
34951553300,1
34951553483,1
34951553515,1
34951553654,1
34951553677,1
34951553980,1
34951554043,1
34951554059,1
34951554153,1
34951554157,1
34951554852,1
34951554853,1
34951554909,1
34951555173,1
34951555175,1
34951555278,1
34951555480,1
34951555503,1
34951555506,1
34951555519,1
34951555533,1
34951555541,1
34951555548,1
34951555560,1
34951555561,1
34951555574,1
34951555579,1
34951555596,1
34951555605,1
34951555610,1
34951555614,1
34951555616,1
34951555617,1
34951555619,1
34951555620,1
34951555623,1
34951555625,1
34951555626,1
34951555627,1
34951555630,1
34951555631,1
34951555632,1
34951555633,1
34951555634,1
34951555635,1
34951555637,1
34951555638,1
34951555641,1
34951555642,1
34951555643,1
34951555644,1
34951555645,1
34951555646,1
34951555647,1
34951555649,1
34951555650,1
34951555653,1
34951555655,1
34951555656,1
34951555658,1
34951555661,1
34951555663,1
34951555664,1
34951555665,1
34951555667,1
34951555669,1
34951555672,1
34951555674,1
34951555678,1
34951555723,1
34951555739,1
34951555740,1
34951555746,1
34951555750,1
34951555751,1
34951555754,1
34951555755,1
34951555756,1
34951555760,1
34951555762,1
34951555763,1
34951555765,1
34951555768,1
34951555769,1
34951555770,1
34951555774,1
34951555778,1
34951555876,1
34951555978,1
34951556034,1
34951556041,1
34951556044,1
34951556046,1
34951556088,1
34951556089,1
34951556092,1
34951556094,1
34951556095,1
34951556096,1
34951556097,1
34951556098,1
34951556099,1
34951556100,1
34951556110,1
34951556124,1
34951556127,1
34951556133,1
34951556148,1
34951556157,1
34951556161,1
34951556165,1
34951556167,1
34951556170,1
34951556171,1
34951556175,1
34951556176,1
34951556180,1
34951556182,1
34951556192,1
34951556193,1
34951556245,1
34951556255,1
34951556256,1
34951556258,1
34951556300,1
34951556538,1
34951556540,1
34951556542,1
34951556569,1
34951556613,1
34951556890,1
34951557166,1
34951557345,1
34951557601,1
34951557605,1
34951557658,1
34951557716,1
34951557722,1
34951557819,1
34951558011,1
34951558808,1
34951558809,1
34951558815,1
34951558839,1
34951558861,1
34951558870,1
34951558871,1
34951558874,1
34951558876,1
34951559001,1
34951559177,1
34951559249,1
34951559429,1
34951559629,1
34951559842,1
34951559854,1
34951559881,1
34951559891,1
34951559954,1
34951560560,1
34951561062,1
34951564306,1
34951611176,1
34951611195,1
34951611247,1
34951612332,1
34951612423,1
34951612446,1
34951612475,1
34951612497,1
34951612502,1
34951612506,1
34951612529,1
34951612537,1
34951612758,1
34951612804,1
34951612856,1
34951612905,1
34951660644,1
34951664293,1
34951669559,1
34951670716,1
34951676032,1
34951676286,1
34951740301,1
34951740634,1
34951740941,1
34951740969,1
34951741206,1
34951741439,1
34951741583,1
34951741933,1
34951744928,1
34951745097,1
34951745673,1
34951745728,1
34951749050,1
34951759872,1
34951820053,1
34951820326,1
34951820329,1
34951822915,1
34951823189,1
34951829869,1
34951830155,1
34951830364,1
34951830516,1
34951830872,1
34951831117,1
34951831518,1
34951831788,1
34951831919,1
34951831932,1
34951831945,1
34951831965,1
34951831966,1
34951831972,1
34951831989,1
34951832009,1
34951832081,1
34951832092,1
34951832215,1
34951832249,1
34951832294,1
34951832741,1
34951832749,1
34951832785,1
34951832792,1
34951832802,1
34951832807,1
34951832817,1
34951832872,1
34951832890,1
34951832933,1
34951832997,1
34951833016,1
34951833110,1
34951833135,1
34951833138,1
34951833196,1
34951833205,1
34951833228,1
34951833264,1
34951833278,1
34951833340,1
34951833343,1
34951833501,1
34951833622,1
34951833660,1
34951833682,1
34951833833,1
34951833839,1
34951833941,1
34951834144,1
34951834394,1
34951834411,1
34951834414,1
34951834430,1
34951834483,1
34951834526,1
34951834554,1
34951834610,1
34951834672,1
34951834677,1
34951834702,1
34951834709,1
34951834744,1
34951834765,1
34951834831,1
34951834859,1
34951834860,1
34951834885,1
34951834919,1
34951834925,1
34951835063,1
34951835188,1
34951835196,1
34951835359,1
34951835374,1
34951835391,1
34951835393,1
34951835396,1
34951835397,1
34951835524,1
34951835588,1
34951835607,1
34951835613,1
34951835629,1
34951835732,1
34951835779,1
34951835792,1
34951835827,1
34951835872,1
34951835942,1
34951835997,1
34951836122,1
34951836129,1
34951836173,1
34951836263,1
34951836318,1
34951836472,1
34951836496,1
34951836538,1
34951836590,1
34951836623,1
34951836669,1
34951836680,1
34951836754,1
34951836822,1
34951836846,1
34951836849,1
34951836865,1
34951836889,1
34951836896,1
34951836905,1
34951836936,1
34951836942,1
34951836980,1
34951836996,1
34951837006,1
34951837059,1
34951837060,1
34951837076,1
34951837096,1
34951837182,1
34951837204,1
34951837205,1
34951837221,1
34951837233,1
34951837244,1
34951837307,1
34951837315,1
34951837318,1
34951837329,1
34951837372,1
34951837382,1
34951837388,1
34951837391,1
34951837452,1
34951837454,1
34951837458,1
34951837467,1
34951837471,1
34951837494,1
34951837505,1
34951837512,1
34951837580,1
34951837591,1
34951837649,1
34951837659,1
34951837667,1
34951837670,1
34951837696,1
34951837697,1
34951837707,1
34951837720,1
34951837723,1
34951837733,1
34951837734,1
34951837756,1
34951837780,1
34951837785,1
34951837787,1
34951837820,1
34951837830,1
34951837842,1
34951837844,1
34951837849,1
34951837854,1
34951837904,1
34951837906,1
34951837909,1
34951837951,1
34951837960,1
34951837966,1
34951837968,1
34951837991,1
34951838000,1
34951838003,1
34951838007,1
34951838027,1
34951838033,1
34951838052,1
34951838067,1
34951838075,1
34951838077,1
34951838089,1
34951838102,1
34951838147,1
34951838156,1
34951838169,1
34951838178,1
34951838182,1
34951838183,1
34951838184,1
34951838185,1
34951838233,1
34951838270,1
34951838271,1
34951838289,1
34951838309,1
34951838357,1
34951838359,1
34951838380,1
34951838405,1
34951838421,1
34951838427,1
34951838452,1
34951838505,1
34951838552,1
34951838578,1
34951838751,1
34951838766,1
34951839057,1
34951839754,1
34951840896,1
34951870302,1
34951906510,1
34951973324,1
34951976269,1
34951980058,1
34951997057,1
34952000444,1
34952040180,1
34952082506,1
34952082565,1
34952082580,1
34952105100,1
34952131569,1
34952217494,1
34952249857,1
34952256150,1
34952324827,1
34952329963,1
34952367026,1
34952367880,1
34952417012,1
34952446945,1
34952515070,1
34952606767,1
34952764230,1
34952773370,1
34952785240,1
34952853457,1
34952910412,1
34952910432,1
34952912124,1
34952915637,1
34952915800,1
34952993212,1
34952997114,1
34952997115,1
34953024800,1
34953049301,1
34953080104,1
34953081159,1
34953083005,1
34953083341,1
34953089523,1
34953090103,1
34953097068,1
34953098802,1
34953100699,1
34953108989,1
34953120589,1
34953124121,1
34953125084,1
34953125102,1
34953125131,1
34953125156,1
34953125159,1
34953125169,1
34953125227,1
34953125242,1
34953125245,1
34953125252,1
34953128025,1
34953139630,1
34953139645,1
34953139657,1
34953139735,1
34953139745,1
34953139912,1
34953139984,1
34953139988,1
34953162365,1
34953170272,1
34953170303,1
34953170442,1
34953170521,1
34953170524,1
34953170590,1
34953170646,1
34953170658,1
34953170724,1
34953170783,1
34953170801,1
34953170839,1
34953170852,1
34953170920,1
34953170970,1
34953171034,1
34953171054,1
34953171083,1
34953171138,1
34953171168,1
34953171184,1
34953171186,1
34953171202,1
34953171214,1
34953171216,1
34953171261,1
34953171274,1
34953171309,1
34953171335,1
34953171353,1
34953171383,1
34953171485,1
34953171496,1
34953171601,1
34953171630,1
34953171658,1
34953171701,1
34953171709,1
34953171866,1
34953172036,1
34953172045,1
34953172181,1
34953172210,1
34953172232,1
34953172238,1
34953172254,1
34953172278,1
34953172294,1
34953172311,1
34953172322,1
34953172328,1
34953172356,1
34953172366,1
34953172381,1
34953172427,1
34953172448,1
34953172449,1
34953172471,1
34953172554,1
34953172558,1
34953172563,1
34953172587,1
34953172671,1
34953172695,1
34953172701,1
34953172710,1
34953172789,1
34953172899,1
34953172922,1
34953172945,1
34953173104,1
34953173128,1
34953173133,1
34953173299,1
34953174284,1
34953174438,1
34953174613,1
34953174697,1
34953174815,1
34953175288,1
34953184314,1
34953184379,1
34953188659,1
34953190415,1
34953190601,1
34953201556,1
34953201982,1
34953234555,1
34953236069,1
34953331294,1
34953331536,1
34953332123,1
34953334216,1
34953334390,1
34953334518,1
34953409970,1
34953450887,1
34953502712,1
34953613892,1
34953617078,1
34953643696,1
34953661854,1
34953690149,1
34953742577,1
34953744140,1
34953800208,1
34953820079,1
34953826962,1
34953826972,1
34953882106,1
34953887081,1
34953890897,1
34953891032,1
34953891068,1
34953891075,1
34953891079,1
34953891087,1
34953898033,1
34953898049,1
34953899947,1
34953919791,1
34953940889,1
34953941842,1
34953941924,1
34953942035,1
34953942141,1
34953942340,1
34953942354,1
34953965088,1
34953979025,1
34953979093,1
34953979105,1
34953979124,1
34953979159,1
34953979172,1
34953979197,1
34953981811,1
34953981813,1
34953981816,1
34953995512,1
34954032022,1
34954040100,1
34954047485,1
34954050456,1
34954050918,1
34954054003,1
34954055268,1
34954055271,1
34954055951,1
34954055952,1
34954056103,1
34954057337,1
34954057373,1
34954057474,1
34954057476,1
34954057561,1
34954057598,1
34954059714,1
34954097162,1
34954120089,1
34954120193,1
34954211887,1
34954319985,1
34954319986,1
34954319987,1
34954319989,1
34954320000,1
34954320055,1
34954320093,1
34954320105,1
34954320138,1
34954320150,1
34954320151,1
34954320201,1
34954320702,1
34954320759,1
34954320834,1
34954320855,1
34954320858,1
34954320924,1
34954320937,1
34954321244,1
34954321640,1
34954321680,1
34954321950,1
34954321970,1
34954322010,1
34954322054,1
34954322057,1
34954322064,1
34954322069,1
34954322853,1
34954322855,1
34954322858,1
34954322918,1
34954322970,1
34954322981,1
34954323233,1
34954323879,1
34954325492,1
34954325578,1
34954325756,1
34954326704,1
34954328214,1
34954328520,1
34954328525,1
34954328571,1
34954328574,1
34954329470,1
34954329475,1
34954329529,1
34954329530,1
34954329539,1
34954329820,1
34954329854,1
34954329863,1
34954329883,1
34954332242,1
34954468279,1
34954487155,1
34954487669,1
34954493527,1
34954493530,1
34954497874,1
34954529851,1
34954542759,1
34954746272,1
34954781254,1
34954782003,1
34954782036,1
34954787708,1
34954945846,1
34954995414,1
34954996009,1
34954999058,1
34955003203,1
34955029120,1
34955031440,1
34955040265,1
34955044993,1
34955054663,1
34955095240,1
34955101920,1
34955104574,1
34955106487,1
34955106524,1
34955123667,1
34955147698,1
34955174369,1
34955214251,1
34955214355,1
34955250578,1
34955252322,1
34955252399,1
34955254491,1
34955261047,1
34955262716,1
34955275772,1
34955280001,1
34955283779,1
34955292268,1
34955300535,1
34955309465,1
34955309509,1
34955309596,1
34955310098,1
34955310256,1
34955310954,1
34955310955,1
34955310956,1
34955310957,1
34955310958,1
34955310959,1
34955311020,1
34955311047,1
34955311114,1
34955311486,1
34955312171,1
34955312251,1
34955314035,1
34955316972,1
34955319706,1
34955319745,1
34955320664,1
34955320964,1
34955320977,1
34955328202,1
34955328216,1
34955328734,1
34955328792,1
34955369024,1
34955369269,1
34955369693,1
34955369941,1
34955387176,1
34955388681,1
34955388696,1
34955426057,1
34955440075,1
34955440233,1
34955440371,1
34955440554,1
34955440783,1
34955440912,1
34955440963,1
34955441087,1
34955441159,1
34955441323,1
34955441471,1
34955441481,1
34955441502,1
34955441532,1
34955441616,1
34955441761,1
34955441765,1
34955441835,1
34955441839,1
34955441863,1
34955442049,1
34955442059,1
34955442329,1
34955442401,1
34955442419,1
34955442674,1
34955442688,1
34955443308,1
34955443318,1
34955443951,1
34955444020,1
34955444069,1
34955444106,1
34955444308,1
34955444604,1
34955444640,1
34955444679,1
34955444719,1
34955444750,1
34955444835,1
34955444988,1
34955445228,1
34955445283,1
34955445293,1
34955445317,1
34955445325,1
34955445332,1
34955445418,1
34955445570,1
34955445589,1
34955445615,1
34955445623,1
34955445624,1
34955445639,1
34955445708,1
34955445709,1
34955445710,1
34955445716,1
34955445846,1
34955445871,1
34955445891,1
34955445970,1
34955445973,1
34955445976,1
34955445981,1
34955445983,1
34955445986,1
34955445989,1
34955446195,1
34955446241,1
34955446280,1
34955446295,1
34955446314,1
34955446544,1
34955446689,1
34955446700,1
34955446764,1
34955446787,1
34955446983,1
34955446988,1
34955447079,1
34955447187,1
34955447188,1
34955447195,1
34955447214,1
34955447363,1
34955447388,1
34955447397,1
34955447416,1
34955447536,1
34955447602,1
34955447708,1
34955447762,1
34955447801,1
34955447807,1
34955447909,1
34955447911,1
34955447923,1
34955447940,1
34955447942,1
34955447943,1
34955447944,1
34955447970,1
34955447972,1
34955447977,1
34955448053,1
34955448154,1
34955448251,1
34955448459,1
34955448489,1
34955448492,1
34955448495,1
34955448504,1
34955448511,1
34955448708,1
34955448709,1
34955448711,1
34955448728,1
34955448731,1
34955448766,1
34955448771,1
34955448780,1
34955448783,1
34955448824,1
34955448877,1
34955449183,1
34955449185,1
34955449189,1
34955449192,1
34955449193,1
34955449194,1
34955449195,1
34955449196,1
34955449199,1
34955449225,1
34955449238,1
34955449239,1
34955449265,1
34955449272,1
34955449277,1
34955449278,1
34955449281,1
34955449282,1
34955449285,1
34955449359,1
34955449362,1
34955449376,1
34955449385,1
34955449670,1
34955449721,1
34955449819,1
34955449971,1
34955465570,1
34955465609,1
34955465844,1
34955465944,1
34955469003,1
34955469417,1
34955483084,1
34955581011,1
34955697285,1
34955800008,1
34955831859,1
34955833489,1
34955847999,1
34955852655,1
34955923600,1
34955944444,1
34955945140,1
34955991004,1
34955999646,1
34956002245,1
34956003070,1
34956003076,1
34956005091,1
34956005396,1
34956005602,1
34956018844,1
34956026176,1
34956030087,1
34956030592,1
34956030593,1
34956030623,1
34956030687,1
34956030891,1
34956031152,1
34956031663,1
34956031860,1
34956031915,1
34956032387,1
34956032419,1
34956032493,1
34956032618,1
34956032623,1
34956032649,1
34956033455,1
34956033473,1
34956033480,1
34956033947,1
34956034246,1
34956039779,1
34956061525,1
34956107997,1
34956187532,1
34956293408,1
34956298570,1
34956408203,1
34956420612,1
34956423153,1
34956475125,1
34956528846,1
34956546746,1
34956546768,1
34956546810,1
34956551258,1
34956606818,1
34956751280,1
34956855036,1
34956866944,1
34956888148,1
34956888362,1
34956888925,1
34956888936,1
34956900272,1
34956900278,1
34956906905,1
34956920507,1
34956920513,1
34956920541,1
34956920548,1
34956921097,1
34956921903,1
34956923542,1
34956926552,1
34956926665,1
34956926666,1
34956926673,1
34956926679,1
34956928572,1
34956964922,1
34956990432,1
34957001349,1
34957012817,1
34957051430,1
34957057703,1
34957071618,1
34957082713,1
34957083619,1
34957085351,1
34957086032,1
34957086138,1
34957114702,1
34957138950,1
34957139031,1
34957192551,1
34957192872,1
34957194875,1
34957393796,1
34957394067,1
34957473780,1
34957530694,1
34957618219,1
34957690577,1
34957730527,1
34957736028,1
34957781574,1
34957782701,1
34957782702,1
34957782703,1
34957782704,1
34957782705,1
34957787815,1
34957787826,1
34957787830,1
34957787848,1
34957787849,1
34957787851,1
34957789129,1
34957789953,1
34957789960,1
34957853112,1
34957855226,1
34957855230,1
34957855246,1
34957855306,1
34957855391,1
34957855785,1
34957855911,1
34957855913,1
34957859044,1
34957859325,1
34957863287,1
34957869673,1
34957869901,1
34957869950,1
34957870401,1
34957870412,1
34957948843,1
34957949274,1
34957977202,1
34957981961,1
34958010172,1
34958050200,1
34958052228,1
34958064023,1
34958071132,1
34958081798,1
34958084103,1
34958091008,1
34958120888,1
34958121213,1
34958121215,1
34958122273,1
34958226864,1
34958350469,1
34958410574,1
34958460892,1
34958489502,1
34958490500,1
34958491536,1
34958542450,1
34958542523,1
34958578015,1
34958584502,1
34958661642,1
34958751543,1
34958757562,1
34958759079,1
34958870140,1
34958870148,1
34958870151,1
34958870309,1
34958870604,1
34958870615,1
34958870815,1
34958870905,1
34958870986,1
34958871503,1
34958871604,1
34958871627,1
34958871746,1
34958871884,1
34958871896,1
34958871980,1
34958872282,1
34958872293,1
34958872320,1
34958872612,1
34958872615,1
34958872619,1
34958872806,1
34958872817,1
34958872837,1
34958873072,1
34958873140,1
34958873145,1
34958873148,1
34958873420,1
34958873440,1
34958873737,1
34958873763,1
34958873836,1
34958874021,1
34958874028,1
34958874029,1
34958874032,1
34958874033,1
34958874034,1
34958874269,1
34958874384,1
34958874387,1
34958874467,1
34958874586,1
34958874600,1
34958874611,1
34958875168,1
34958875226,1
34958875407,1
34958875534,1
34958875664,1
34958875665,1
34958875698,1
34958875854,1
34958876520,1
34958876687,1
34958876751,1
34958876786,1
34958876792,1
34958876796,1
34958876801,1
34958876814,1
34958876817,1
34958876841,1
34958876958,1
34958877076,1
34958877237,1
34958877283,1
34958877376,1
34958877525,1
34958877560,1
34958877811,1
34958877913,1
34958877914,1
34958877920,1
34958878058,1
34958878068,1
34958878103,1
34958878255,1
34958878442,1
34958878621,1
34958974167,1
34958974249,1
34958990768,1
34958990975,1
34958991098,1
34958991139,1
34958991404,1
34958991570,1
34958993061,1
34958993090,1
34958993311,1
34958998916,1
34958998989,1
34958999142,1
34958999907,1
34958999920,1
34958999933,1
34958999942,1
34958999957,1
34959010509,1
34959015033,1
34959031029,1
34959033618,1
34959047698,1
34959078382,1
34959100204,1
34959101037,1
34959121687,1
34959125019,1
34959126596,1
34959126885,1
34959127023,1
34959127164,1
34959127165,1
34959127312,1
34959127976,1
34959128005,1
34959128187,1
34959131522,1
34959150447,1
34959541381,1
34959541400,1
34959541805,1
34959606149,1
34959615525,1
34959615531,1
34959688033,1
34959688077,1
34959688086,1
34959688164,1
34959688253,1
34959699431,1
34959699539,1
34959699743,1
34959770041,1
34959770070,1
34959770313,1
34959770350,1
34959770446,1
34959770474,1
34959770564,1
34959770629,1
34959770692,1
34959770771,1
34959770936,1
34959770943,1
34959771191,1
34959771273,1
34959771280,1
34959771289,1
34959771349,1
34959771354,1
34959771404,1
34959771435,1
34959771474,1
34959771487,1
34959771547,1
34959771583,1
34959771625,1
34959771714,1
34959771734,1
34959771758,1
34959771794,1
34959771835,1
34959771843,1
34959771857,1
34959771950,1
34959772184,1
34959772231,1
34959772249,1
34959772250,1
34959772261,1
34959772267,1
34959772350,1
34959772438,1
34959772450,1
34959772467,1
34959772510,1
34959772526,1
34959772575,1
34959772623,1
34959772632,1
34959772709,1
34959772840,1
34959772885,1
34959772961,1
34959773133,1
34959773231,1
34959773311,1
34959773354,1
34959773387,1
34959773430,1
34959773451,1
34959773473,1
34959773734,1
34959774432,1
34959774492,1
34959774726,1
34959775571,1
34959775615,1
34959864149,1
34959864190,1
34959864219,1
34959870909,1
34959870967,1
34959870973,1
34959870980,1
34959870983,1
34959870984,1
34959871046,1
34959878950,1
34959878983,1
34959879909,1
34959879941,1
34959894397,1
34959894568,1
34959894615,1
34959894665,1
34959894698,1
34959894783,1
34959898543,1
34959898597,1
34959898631,1
34959898678,1
34959899879,1
34959899927,1
34959940289,1
34959940335,1
34959962228,1
34959962321,1
34959999235,1
34960010824,1
34960101243,1
34960101253,1
34960101257,1
34960101263,1
34960101269,1
34960101275,1
34960101282,1
34960101289,1
34960101303,1
34960101423,1
34960101437,1
34960101459,1
34960101523,1
34960101572,1
34960101573,1
34960101575,1
34960101581,1
34960101586,1
34960101595,1
34960101605,1
34960101629,1
34960101635,1
34960101637,1
34960101643,1
34960101646,1
34960101651,1
34960101654,1
34960101658,1
34960101664,1
34960101668,1
34960101671,1
34960101676,1
34960101681,1
34960101683,1
34960101685,1
34960101687,1
34960101696,1
34960101698,1
34960101703,1
34960101721,1
34960101725,1
34960101731,1
34960101752,1
34960101753,1
34960101795,1
34960101851,1
34960101876,1
34960101963,1
34960102023,1
34960102026,1
34960102059,1
34960102084,1
34960102416,1
34960102432,1
34960102437,1
34960102475,1
34960102521,1
34960102528,1
34960102545,1
34960102551,1
34960102567,1
34960102571,1
34960102573,1
34960102594,1
34960102597,1
34960102604,1
34960102609,1
34960102618,1
34960102621,1
34960102632,1
34960102651,1
34960102653,1
34960102675,1
34960102676,1
34960102678,1
34960102682,1
34960102698,1
34960102705,1
34960102713,1
34960102714,1
34960102719,1
34960102721,1
34960102726,1
34960102728,1
34960102737,1
34960102738,1
34960102746,1
34960102757,1
34960102758,1
34960102759,1
34960102764,1
34960102765,1
34960102774,1
34960102778,1
34960102779,1
34960102781,1
34960102783,1
34960102785,1
34960102791,1
34960102792,1
34960102794,1
34960102796,1
34960102803,1
34960102804,1
34960102814,1
34960102821,1
34960102824,1
34960102831,1
34960102837,1
34960102838,1
34960102846,1
34960102853,1
34960102854,1
34960102858,1
34960102862,1
34960102865,1
34960102869,1
34960102872,1
34960102873,1
34960102874,1
34960102875,1
34960102878,1
34960102879,1
34960102893,1
34960102901,1
34960102904,1
34960102905,1
34960102906,1
34960102913,1
34960102915,1
34960102916,1
34960102919,1
34960102925,1
34960102927,1
34960102931,1
34960102935,1
34960102936,1
34960102945,1
34960102949,1
34960102957,1
34960102959,1
34960102961,1
34960102969,1
34960102971,1
34960102972,1
34960102974,1
34960102981,1
34960102992,1
34960102994,1
34960102995,1
34960102997,1
34960103001,1
34960103002,1
34960103004,1
34960103006,1
34960103007,1
34960103008,1
34960103009,1
34960103014,1
34960103016,1
34960103017,1
34960103021,1
34960103024,1
34960103026,1
34960103028,1
34960103031,1
34960103034,1
34960103036,1
34960103037,1
34960103038,1
34960103041,1
34960103043,1
34960103047,1
34960103053,1
34960103057,1
34960103059,1
34960103065,1
34960103076,1
34960103095,1
34960103213,1
34960103245,1
34960103251,1
34960103252,1
34960103267,1
34960103272,1
34960103273,1
34960103278,1
34960103283,1
34960103285,1
34960103287,1
34960103292,1
34960103294,1
34960103295,1
34960103301,1
34960103396,1
34960103429,1
34960103437,1
34960103458,1
34960103462,1
34960117586,1
34960119857,1
34960119987,1
34960130098,1
34960130265,1
34960130460,1
34960130793,1
34960130799,1
34960130924,1
34960131075,1
34960133581,1
34960134697,1
34960135014,1
34960135035,1
34960200142,1
34960201033,1
34960201662,1
34960201881,1
34960202688,1
34960203171,1
34960203766,1
34960204148,1
34960204558,1
34960204823,1
34960204954,1
34960205181,1
34960205589,1
34960205620,1
34960205647,1
34960205796,1
34960206055,1
34960206313,1
34960206317,1
34960206326,1
34960206330,1
34960206331,1
34960206334,1
34960206368,1
34960206376,1
34960206379,1
34960206471,1
34960206512,1
34960206631,1
34960206642,1
34960206686,1
34960206714,1
34960206716,1
34960206815,1
34960207033,1
34960207118,1
34960207135,1
34960207139,1
34960207144,1
34960207477,1
34960207489,1
34960207503,1
34960207579,1
34960207587,1
34960207588,1
34960207599,1
34960207624,1
34960207745,1
34960207815,1
34960207844,1
34960207915,1
34960208050,1
34960208058,1
34960208308,1
34960208356,1
34960208531,1
34960209220,1
34960209238,1
34960209268,1
34960209280,1
34960209291,1
34960209361,1
34960209390,1
34960209395,1
34960209421,1
34960209487,1
34960209496,1
34960209806,1
34960209825,1
34960209907,1
34960236368,1
34960240357,1
34960241010,1
34960241317,1
34960245176,1
34960245502,1
34960245713,1
34960254524,1
34960254531,1
34960254643,1
34960255667,1
34960255914,1
34960255923,1
34960256727,1
34960256847,1
34960257102,1
34960257146,1
34960257489,1
34960257828,1
34960259627,1
34960259658,1
34960259803,1
34960260652,1
34960260722,1
34960260773,1
34960260780,1
34960260825,1
34960261407,1
34960261904,1
34960262347,1
34960262462,1
34960262493,1
34960263066,1
34960263109,1
34960263500,1
34960263504,1
34960263516,1
34960263537,1
34960263746,1
34960263818,1
34960263819,1
34960263834,1
34960263835,1
34960264242,1
34960264329,1
34960264340,1
34960264395,1
34960264433,1
34960264476,1
34960264484,1
34960264566,1
34960265636,1
34960266164,1
34960266187,1
34960266202,1
34960267407,1
34960267770,1
34960267772,1
34960267780,1
34960267787,1
34960268058,1
34960268901,1
34960269091,1
34960269923,1
34960270093,1
34960270896,1
34960285992,1
34960286194,1
34960287918,1
34960289230,1
34960290343,1
34960290562,1
34960291649,1
34960300539,1
34960300595,1
34960300641,1
34960301668,1
34960306577,1
34960327678,1
34960350024,1
34960351567,1
34960352161,1
34960352907,1
34960352971,1
34960352998,1
34960353050,1
34960353232,1
34960353820,1
34960354365,1
34960383006,1
34960383021,1
34960383045,1
34960383061,1
34960383062,1
34960383064,1
34960383072,1
34960383086,1
34960383091,1
34960383094,1
34960383095,1
34960383108,1
34960383110,1
34960383142,1
34960383146,1
34960383147,1
34960383150,1
34960383154,1
34960383166,1
34960383175,1
34960383180,1
34960383194,1
34960383199,1
34960383200,1
34960383212,1
34960383217,1
34960383224,1
34960383225,1
34960383229,1
34960383232,1
34960383242,1
34960383255,1
34960383403,1
34960383404,1
34960383406,1
34960383407,1
34960383419,1
34960383421,1
34960383422,1
34960383430,1
34960383431,1
34960383449,1
34960383501,1
34960383503,1
34960383506,1
34960383700,1
34960383803,1
34960383813,1
34960383856,1
34960383861,1
34960383862,1
34960383871,1
34960383921,1
34960383922,1
34960383923,1
34960383924,1
34960383925,1
34960383929,1
34960383936,1
34960383969,1
34960383996,1
34960394655,1
34960396415,1
34960396417,1
34960396505,1
34960396507,1
34960396514,1
34960396516,1
34960396525,1
34960396527,1
34960396539,1
34960396582,1
34960396716,1
34960396723,1
34960396724,1
34960396815,1
34960396912,1
34960397212,1
34960397275,1
34960399109,1
34960399116,1
34960399147,1
34960399187,1
34960399428,1
34960399633,1
34960399669,1
34960399692,1
34960399995,1
34960408324,1
34960408748,1
34960430027,1
34960432536,1
34960438520,1
34960449416,1
34960450954,1
34960453880,1
34960461123,1
34960461124,1
34960462396,1
34960470680,1
34960470874,1
34960470982,1
34960479244,1
34960479245,1
34960479246,1
34960479899,1
34960479933,1
34960540026,1
34960550191,1
34960550193,1
34960550197,1
34960559829,1
34960595107,1
34960598560,1
34960598797,1
34960599378,1
34960599978,1
34960600072,1
34960623972,1
34960624326,1
34960628483,1
34960628810,1
34960628812,1
34960628813,1
34960628814,1
34960628833,1
34960637125,1
34960643384,1
34960643392,1
34960652704,1
34960653226,1
34960653238,1
34960654793,1
34960654796,1
34960654825,1
34960654898,1
34960658960,1
34960660016,1
34960660075,1
34960660565,1
34960660567,1
34960660795,1
34960660797,1
34960662015,1
34960662017,1
34960662126,1
34960662386,1
34960662703,1
34960663247,1
34960663528,1
34960663565,1
34960663621,1
34960663784,1
34960664180,1
34960664188,1
34960664394,1
34960664458,1
34960664914,1
34960664957,1
34960664994,1
34960665020,1
34960665072,1
34960665079,1
34960665082,1
34960665479,1
34960665995,1
34960665996,1
34960666124,1
34960666154,1
34960666178,1
34960666281,1
34960666282,1
34960666297,1
34960666298,1
34960666299,1
34960666458,1
34960666541,1
34960666617,1
34960666694,1
34960666802,1
34960666803,1
34960666868,1
34960666940,1
34960667235,1
34960667689,1
34960668126,1
34960668686,1
34960668730,1
34960668763,1
34960669013,1
34960669069,1
34960669886,1
34960702953,1
34960708566,1
34960708960,1
34960808037,1
34960959945,1
34960971060,1
34960991538,1
34961000242,1
34961032103,1
34961045717,1
34961120049,1
34961120669,1
34961121000,1
34961121009,1
34961121010,1
34961121244,1
34961121950,1
34961122191,1
34961122193,1
34961122194,1
34961122600,1
34961122932,1
34961124094,1
34961124317,1
34961124732,1
34961125276,1
34961125278,1
34961125308,1
34961125326,1
34961127225,1
34961127228,1
34961127389,1
34961128453,1
34961129803,1
34961154372,1
34961154382,1
34961162747,1
34961162879,1
34961162885,1
34961162945,1
34961191903,1
34961191987,1
34961195656,1
34961195788,1
34961195850,1
34961195852,1
34961195853,1
34961195855,1
34961197632,1
34961197633,1
34961197913,1
34961198253,1
34961198275,1
34961198451,1
34961198471,1
34961198472,1
34961198493,1
34961198504,1
34961198802,1
34961222756,1
34961259170,1
34961263357,1
34961263360,1
34961271346,1
34961274357,1
34961285283,1
34961285289,1
34961286210,1
34961289854,1
34961314932,1
34961349636,1
34961355521,1
34961360874,1
34961379238,1
34961412437,1
34961427893,1
34961429674,1
34961483121,1
34961488054,1
34961488058,1
34961502447,1
34961824068,1
34961824085,1
34961824678,1
34961824704,1
34961824711,1
34961824716,1
34962060575,1
34962060620,1
34962060644,1
34962060659,1
34962061236,1
34962061319,1
34962061419,1
34962062055,1
34962062085,1
34962065662,1
34962096055,1
34962151145,1
34962300991,1
34962577593,1
34962586037,1
34962624236,1
34962641522,1
34962887085,1
34963021449,1
34963021451,1
34963041600,1
34963041618,1
34963041619,1
34963041622,1
34963054126,1
34963055381,1
34963055400,1
34963059953,1
34963061306,1
34963103929,1
34963112114,1
34963118443,1
34963118460,1
34963118548,1
34963145875,1
34963147811,1
34963148506,1
34963148763,1
34963176510,1
34963176511,1
34963176512,1
34963176513,1
34963330580,1
34963350524,1
34963362416,1
34963384974,1
34963423954,1
34963487223,1
34963520818,1
34963530430,1
34963556666,1
34963604370,1
34963613059,1
34963621862,1
34963638247,1
34963703333,1
34963895983,1
34963923413,1
34963926698,1
34963940452,1
34963942430,1
34963959076,1
34963979458,1
34963980516,1
34963980900,1
34963980960,1
34963981508,1
34963981626,1
34963981809,1
34964010552,1
34964035057,1
34964035251,1
34964037777,1
34964051060,1
34964053379,1
34964055210,1
34964056566,1
34964140106,1
34964188465,1
34964212678,1
34964216463,1
34964254824,1
34964428189,1
34964428197,1
34964428221,1
34964468500,1
34964617477,1
34964633880,1
34964780399,1
34964780603,1
34964780609,1
34964780734,1
34964780909,1
34964782238,1
34964800099,1
34964820041,1
34964820046,1
34964832756,1
34964865535,1
34964868708,1
34964880588,1
34964880687,1
34964881010,1
34964881099,1
34964881362,1
34964881474,1
34964881497,1
34964881541,1
34964881624,1
34964881677,1
34964881683,1
34964881844,1
34964881959,1
34964882367,1
34964882376,1
34964882422,1
34964882624,1
34964882632,1
34964883053,1
34964883163,1
34964883908,1
34964883922,1
34964884264,1
34964884297,1
34964884302,1
34964884307,1
34964890110,1
34964950504,1
34964959115,1
34964959303,1
34964972132,1
34965000391,1
34965000392,1
34965000394,1
34965000395,1
34965000562,1
34965013311,1
34965021041,1
34965022057,1
34965022063,1
34965023624,1
34965024977,1
34965027298,1
34965040682,1
34965055979,1
34965060423,1
34965060464,1
34965060470,1
34965060479,1
34965060480,1
34965060482,1
34965063066,1
34965063653,1
34965063931,1
34965064830,1
34965089541,1
34965095772,1
34965185789,1
34965263373,1
34965270178,1
34965270360,1
34965270744,1
34965271359,1
34965271548,1
34965271859,1
34965272011,1
34965272056,1
34965272287,1
34965272324,1
34965272516,1
34965272567,1
34965272570,1
34965272581,1
34965272817,1
34965272849,1
34965272877,1
34965272886,1
34965272893,1
34965272904,1
34965273029,1
34965273504,1
34965273513,1
34965273606,1
34965273809,1
34965273863,1
34965274001,1
34965274148,1
34965274361,1
34965274416,1
34965274465,1
34965274548,1
34965274551,1
34965274642,1
34965274659,1
34965274663,1
34965274669,1
34965274674,1
34965274677,1
34965274680,1
34965274681,1
34965274686,1
34965274687,1
34965274691,1
34965274695,1
34965274697,1
34965274698,1
34965274729,1
34965274730,1
34965274731,1
34965274735,1
34965274738,1
34965274744,1
34965274755,1
34965274850,1
34965274852,1
34965274900,1
34965274908,1
34965274916,1
34965274964,1
34965275028,1
34965275037,1
34965275077,1
34965275082,1
34965275089,1
34965275091,1
34965275110,1
34965275163,1
34965275243,1
34965275291,1
34965275322,1
34965275325,1
34965275328,1
34965275355,1
34965275360,1
34965275467,1
34965275532,1
34965275539,1
34965275543,1
34965275546,1
34965275547,1
34965275549,1
34965275550,1
34965275551,1
34965275552,1
34965275553,1
34965275554,1
34965275557,1
34965275558,1
34965275559,1
34965275560,1
34965275561,1
34965275562,1
34965275565,1
34965275568,1
34965275570,1
34965275571,1
34965275574,1
34965275576,1
34965275579,1
34965275581,1
34965275584,1
34965275587,1
34965275588,1
34965275590,1
34965275592,1
34965275594,1
34965275595,1
34965275597,1
34965275605,1
34965275622,1
34965275928,1
34965275982,1
34965276002,1
34965276006,1
34965276012,1
34965276051,1
34965276088,1
34965276090,1
34965276163,1
34965276182,1
34965276298,1
34965276314,1
34965276373,1
34965276377,1
34965276378,1
34965276853,1
34965277340,1
34965277355,1
34965277357,1
34965277374,1
34965277375,1
34965277403,1
34965277405,1
34965277429,1
34965277434,1
34965277435,1
34965278133,1
34965278137,1
34965278150,1
34965278649,1
34965278652,1
34965278691,1
34965278694,1
34965278725,1
34965278748,1
34965278852,1
34965352765,1
34965364929,1
34965430523,1
34965550678,1
34965595448,1
34965614211,1
34965629984,1
34965641410,1
34965641434,1
34965641557,1
34965641900,1
34965853033,1
34965927764,1
34965941596,1
34965991605,1
34965992403,1
34965995809,1
34965995874,1
34965998195,1
34966001544,1
34966001562,1
34966001578,1
34966102664,1
34966103899,1
34966196677,1
34966239921,1
34966239922,1
34966239923,1
34966239949,1
34966266058,1
34966384765,1
34966398504,1
34966447203,1
34966456942,1
34966571000,1
34966810010,1
34966921313,1
34966940839,1
34966942287,1
34966945262,1
34966982482,1
34967115501,1
34967194095,1
34967214269,1
34967224070,1
34967297542,1
34967335547,1
34967430817,1
34967522102,1
34967522158,1
34967645159,1
34967768074,1
34967768081,1
34967768082,1
34967768083,1
34967768117,1
34967770473,1
34967770492,1
34967770525,1
34967770552,1
34967770648,1
34967770766,1
34967770847,1
34967770922,1
34967770953,1
34967770956,1
34967770963,1
34967770966,1
34967770978,1
34967770983,1
34967770997,1
34967771045,1
34967771138,1
34967771267,1
34967771377,1
34967771536,1
34967771537,1
34967771542,1
34967771600,1
34967771601,1
34967771607,1
34967771672,1
34967771708,1
34967771752,1
34967771756,1
34967771780,1
34967771796,1
34967771892,1
34967771906,1
34967771991,1
34967772045,1
34967772095,1
34967772361,1
34967772536,1
34967772639,1
34967772667,1
34967772727,1
34967772845,1
34967773371,1
34967773374,1
34967773409,1
34967773890,1
34967773991,1
34967774052,1
34967774094,1
34967774168,1
34967774182,1
34967774186,1
34967774192,1
34967774197,1
34967774220,1
34967774279,1
34967774333,1
34967774598,1
34967774631,1
34967775101,1
34967775182,1
34967775194,1
34967799035,1
34967800045,1
34967800183,1
34967800416,1
34967800419,1
34967811286,1
34967812370,1
34967812376,1
34967820126,1
34967831603,1
34967831615,1
34967831619,1
34967831621,1
34967831627,1
34967831635,1
34967831637,1
34967831639,1
34967831643,1
34967831647,1
34967831649,1
34967831657,1
34967831664,1
34967831667,1
34967831669,1
34967831671,1
34967831679,1
34967831691,1
34967831700,1
34967831701,1
34967831702,1
34967831703,1
34967831704,1
34967831707,1
34967831721,1
34967831729,1
34967831731,1
34967831732,1
34967831782,1
34967831783,1
34967831784,1
34967831790,1
34967831793,1
34967831794,1
34967834066,1
34967834279,1
34967834609,1
34967834893,1
34967886008,1
34967886588,1
34967887211,1
34967887792,1
34967910286,1
34967920201,1
34967921012,1
34967921015,1
34967921034,1
34967921035,1
34967921039,1
34967921045,1
34967921058,1
34967921126,1
34967921127,1
34967921134,1
34967921150,1
34967921155,1
34967921167,1
34967921264,1
34967921266,1
34967921322,1
34967921344,1
34967921349,1
34967921358,1
34967921371,1
34967921376,1
34967921389,1
34967921418,1
34967921436,1
34967961081,1
34967961096,1
34967961174,1
34967961179,1
34967961528,1
34967961630,1
34967961639,1
34967961661,1
34967961672,1
34967961690,1
34967968464,1
34967969568,1
34967977867,1
34967979531,1
34967979532,1
34968119502,1
34968133732,1
34968167092,1
34968187013,1
34968193764,1
34968234505,1
34968242419,1
34968242430,1
34968261704,1
34968283889,1
34968330361,1
34968350123,1
34968365201,1
34968432153,1
34968518649,1
34968539109,1
34968557523,1
34968563885,1
34968623857,1
34968623868,1
34968626252,1
34968626262,1
34968626311,1
34968634692,1
34968634693,1
34968634695,1
34968647706,1
34968706713,1
34968759259,1
34968766007,1
34968796524,1
34968800739,1
34968816245,1
34968823829,1
34968831727,1
34968862232,1
34968961147,1
34968961162,1
34968961925,1
34968971347,1
34968975085,1
34968975087,1
34968978088,1
34968978120,1
34968978464,1
34968978564,1
34968978906,1
34968978971,1
34968979027,1
34968979203,1
34968979230,1
34968979243,1
34969032215,1
34969120064,1
34969200915,1
34969200940,1
34969204460,1
34969333985,1
34969348771,1
34969390525,1
34969440058,1
34969445800,1
34969445801,1
34969445803,1
34969445805,1
34969445897,1
34969445899,1
34969445903,1
34969445906,1
34969445907,1
34969445908,1
34969509543,1
34969535340,1
34969754089,1
34969754110,1
34969754163,1
34969754220,1
34969754313,1
34969754368,1
34969754425,1
34969754450,1
34969754519,1
34969754554,1
34969754595,1
34969754619,1
34969754639,1
34969754735,1
34969754761,1
34969754807,1
34969754815,1
34969754907,1
34969754983,1
34969755054,1
34969755091,1
34969755203,1
34969755314,1
34969755338,1
34969755442,1
34969755475,1
34969755564,1
34969755635,1
34969755686,1
34969755949,1
34969756024,1
34969756040,1
34969756062,1
34969756164,1
34969756208,1
34969756247,1
34969756268,1
34969756384,1
34969756398,1
34969756467,1
34969756581,1
34969756660,1
34969756707,1
34969756781,1
34969756808,1
34969756827,1
34969756862,1
34969756923,1
34969794949,1
34969794973,1
34969795010,1
34969801115,1
34969801125,1
34969870074,1
34969870709,1
34969870747,1
34969872697,1
34969879613,1
34969879670,1
34969947597,1
34969990027,1
34969991497,1
34969991724,1
34969993017,1
34969993052,1
34969993101,1
34970105756,1
34970211856,1
34970360647,1
34971016061,1
34971064801,1
34971070698,1
34971099298,1
34971102265,1
34971103602,1
34971109139,1
34971120062,1
34971120649,1
34971122550,1
34971149021,1
34971189560,1
34971195969,1
34971196880,1
34971196881,1
34971196882,1
34971198809,1
34971316319,1
34971352609,1
34971352637,1
34971435250,1
34971462181,1
34971462794,1
34971474506,1
34971474510,1
34971474512,1
34971474526,1
34971497815,1
34971570582,1
34971570730,1
34971571507,1
34971571521,1
34971571524,1
34971571525,1
34971572025,1
34971579455,1
34971617613,1
34971634837,1
34971668011,1
34971704411,1
34971736601,1
34971779111,1
34971847123,1
34971863144,1
34971878219,1
34971892729,1
34971902942,1
34971920061,1
34971924533,1
34971932492,1
34971977555,1
34971978390,1
34971978394,1
34971978612,1
34971978879,1
34971978889,1
34971978971,1
34971979025,1
34971979060,1
34971979480,1
34971979550,1
34971979797,1
34971980573,1
34971981536,1
34971982356,1
34971982385,1
34971982469,1
34971982530,1
34971982531,1
34971982933,1
34971983007,1
34971983066,1
34972030225,1
34972057024,1
34972100957,1
34972113984,1
34972118121,1
34972118122,1
34972129463,1
34972140542,1
34972141412,1
34972152168,1
34972158874,1
34972162577,1
34972162691,1
34972172509,1
34972182522,1
34972192280,1
34972266644,1
34972268839,1
34972299649,1
34972312058,1
34972480959,1
34972648071,1
34972655480,1
34972699572,1
34972700864,1
34972714491,1
34972757611,1
34972757620,1
34972757675,1
34972963728,1
34972980824,1
34972982564,1
34972996504,1
34973011620,1
34973043011,1
34973052894,1
34973071107,1
34973082010,1
34973100949,1
34973111413,1
34973130496,1
34973142102,1
34973142645,1
34973142762,1
34973150316,1
34973150653,1
34973167260,1
34973183129,1
34973183330,1
34973184169,1
34973187011,1
34973193050,1
34973196015,1
34973196469,1
34973200602,1
34973307093,1
34973307277,1
34973677916,1
34973700000,1
34973900232,1
34973900282,1
34973930204,1
34973930206,1
34973930581,1
34973930583,1
34973930596,1
34973930636,1
34973930669,1
34973930696,1
34973930749,1
34973930932,1
34973930952,1
34973931025,1
34973931040,1
34973931229,1
34973931500,1
34973931532,1
34973931969,1
34973932061,1
34973932276,1
34973932389,1
34973932528,1
34973932637,1
34973932806,1
34973933295,1
34973933555,1
34973949311,1
34973949385,1
34973949454,1
34973980577,1
34973980581,1
34973980584,1
34973980585,1
34973982029,1
34973982032,1
34973982059,1
34973982114,1
34973982137,1
34973984030,1
34973989934,1
34973989976,1
34973989979,1
34974031697,1
34974066610,1
34974066647,1
34974066648,1
34974130183,1
34974130197,1
34974130715,1
34974130806,1
34974131254,1
34974131781,1
34974132482,1
34974132726,1
34974133308,1
34974141056,1
34974141082,1
34974141145,1
34974147801,1
34974147826,1
34974147833,1
34974147836,1
34974147877,1
34974198005,1
34974220600,1
34974253266,1
34974353786,1
34974403771,1
34974457840,1
34974520047,1
34974520090,1
34974526000,1
34974526140,1
34974526268,1
34974526656,1
34974557884,1
34974560781,1
34974560809,1
34974560882,1
34974563221,1
34974568850,1
34974569900,1
34974569932,1
34974590985,1
34974591076,1
34974593846,1
34974748045,1
34974748320,1
34974750700,1
34974772173,1
34974907569,1
34975054944,1
34975083002,1
34975083026,1
34975083030,1
34975100650,1
34975120094,1
34975121058,1
34975123012,1
34975123987,1
34975180263,1
34975183609,1
34975183625,1
34975193905,1
34975193956,1
34975201694,1
34975210096,1
34975211061,1
34975211230,1
34975211447,1
34975211456,1
34975211540,1
34975221299,1
34975239380,1
34975247254,1
34975459586,1
34975459611,1
34975459900,1
34975570038,1
34975570102,1
34975570113,1
34975570140,1
34975570181,1
34975570245,1
34975570523,1
34975570555,1
34975570626,1
34975570667,1
34975570724,1
34975570726,1
34975570889,1
34975571002,1
34975571157,1
34975571848,1
34975572516,1
34975572591,1
34975573049,1
34975579083,1
34975670077,1
34975670127,1
34975670605,1
34975670607,1
34975670636,1
34975670645,1
34975670646,1
34975670676,1
34975670679,1
34975670731,1
34975671407,1
34975711097,1
34975715638,1
34975719817,1
34975719968,1
34975765390,1
34975911722,1
34976013390,1
34976060100,1
34976089589,1
34976106100,1
34976106116,1
34976106330,1
34976108370,1
34976109800,1
34976111085,1
34976111320,1
34976112912,1
34976164753,1
34976216365,1
34976235007,1
34976248406,1
34976248407,1
34976285316,1
34976300033,1
34976325131,1
34976360694,1
34976360701,1
34976360709,1
34976361056,1
34976361085,1
34976361119,1
34976361247,1
34976361252,1
34976361317,1
34976361328,1
34976361338,1
34976361342,1
34976361350,1
34976361351,1
34976361759,1
34976366024,1
34976369845,1
34976402195,1
34976480803,1
34976657706,1
34976689028,1
34976695198,1
34976740635,1
34976748000,1
34976751130,1
34976755689,1
34976767775,1
34976814323,1
34976817423,1
34976844487,1
34976891374,1
34976918460,1
34976926201,1
34976926211,1
34976926217,1
34976926231,1
34976926238,1
34976962856,1
34976976804,1
34976990003,1
34976993932,1
34977018085,1
34977050204,1
34977052486,1
34977123069,1
34977129078,1
34977270923,1
34977271607,1
34977271633,1
34977274522,1
34977274548,1
34977278742,1
34977278744,1
34977279146,1
34977304060,1
34977319331,1
34977320435,1
34977322071,1
34977322210,1
34977322219,1
34977322282,1
34977335425,1
34977413533,1
34977414178,1
34977448550,1
34977509293,1
34977606021,1
34977736567,1
34977778500,1
34977900072,1
34977900209,1
34977900288,1
34977900315,1
34977900507,1
34977900764,1
34977900849,1
34977901025,1
34977901034,1
34977901053,1
34977901116,1
34977901286,1
34977901310,1
34977901393,1
34977901445,1
34977901463,1
34977901510,1
34977901569,1
34977901587,1
34977901661,1
34977901764,1
34977901776,1
34977901809,1
34977901812,1
34977901817,1
34977901822,1
34977901849,1
34977901853,1
34977901934,1
34977902440,1
34977902449,1
34977902539,1
34977902544,1
34977902578,1
34977902710,1
34977902714,1
34977902743,1
34977902765,1
34977902768,1
34977902778,1
34977902853,1
34977903148,1
34977903183,1
34977903191,1
34977903241,1
34977903642,1
34977903804,1
34977903837,1
34977904012,1
34977904585,1
34977904679,1
34977904713,1
34977904727,1
34977904991,1
34977905650,1
34977905747,1
34977905825,1
34977941411,1
34977945503,1
34977945730,1
34978049518,1
34978080516,1
34978080642,1
34978080880,1
34978080886,1
34978109906,1
34978170159,1
34978177805,1
34978180480,1
34978180538,1
34978221198,1
34978221220,1
34978221223,1
34978221484,1
34978221542,1
34978223010,1
34978224551,1
34978484529,1
34978489440,1
34978489511,1
34978489528,1
34978489573,1
34978587160,1
34978589001,1
34978589005,1
34978600380,1
34978601130,1
34978601211,1
34978601219,1
34978601314,1
34978601315,1
34978601859,1
34978601875,1
34978620378,1
34978621378,1
34978621472,1
34978622425,1
34978622580,1
34978623850,1
34978623895,1
34978623993,1
34978624061,1
34978624109,1
34978624840,1
34978624899,1
34978624986,1
34978677405,1
34978915810,1
34978988806,1
34979052924,1
34979100451,1
34979101206,1
34979101933,1
34979109077,1
34979109994,1
34979111309,1
34979122023,1
34979122100,1
34979122135,1
34979122229,1
34979122241,1
34979166170,1
34979178215,1
34979202994,1
34979204735,1
34979210061,1
34979210426,1
34979210442,1
34979210448,1
34979210569,1
34979210770,1
34979210843,1
34979210861,1
34979210878,1
34979211155,1
34979211158,1
34979211417,1
34979211708,1
34979211813,1
34979211858,1
34979221103,1
34979277712,1
34979301429,1
34979376903,1
34979424003,1
34979424004,1
34979599664,1
34979599680,1
34979599959,1
34979610842,1
34979689029,1
34979689030,1
34979689037,1
34979690795,1
34979691591,1
34979692807,1
34979695464,1
34979695481,1
34979695483,1
34979695487,1
34979695546,1
34979695627,1
34979695640,1
34979695656,1
34979695687,1
34979695733,1
34979695772,1
34979695774,1
34979696315,1
34979696615,1
34979696909,1
34979697013,1
34979697314,1
34979697634,1
34979697865,1
34979697926,1
34979697989,1
34979698639,1
34979699505,1
34979892535,1
34979921425,1
34979995508,1
34980000007,1
34980000091,1
34980011116,1
34980013015,1
34980020075,1
34980032511,1
34980033003,1
34980033014,1
34980033015,1
34980033084,1
34980033112,1
34980037465,1
34980058358,1
34980066489,1
34980070016,1
34980070127,1
34980070282,1
34980070658,1
34980070731,1
34980070879,1
34980071092,1
34980071145,1
34980071269,1
34980071609,1
34980071629,1
34980071675,1
34980071690,1
34980071956,1
34980072443,1
34980072577,1
34980072585,1
34980072854,1
34980073195,1
34980077331,1
34980077993,1
34980080034,1
34980100900,1
34980103078,1
34980114090,1
34980160000,1
34980160617,1
34980162020,1
34980166092,1
34980166137,1
34980166583,1
34980167637,1
34980167651,1
34980167677,1
34980168264,1
34980169842,1
34980169980,1
34980169999,1
34980190739,1
34980218023,1
34980218025,1
34980219151,1
34980232460,1
34980342445,1
34980409682,1
34980409845,1
34980409878,1
34980409991,1
34980455626,1
34980500029,1
34980500204,1
34980509241,1
34980509362,1
34980509399,1
34980603362,1
34980671408,1
34980675399,1
34980810726,1
34980882023,1
34980882042,1
34980882130,1
34980890906,1
34980890930,1
34980980052,1
34980981615,1
34980983265,1
34980983282,1
34980983317,1
34980983321,1
34980983323,1
34980983344,1
34980983345,1
34980983450,1
34980987821,1
34981100430,1
34981102207,1
34981102724,1
34981102758,1
34981110073,1
34981110906,1
34981112278,1
34981112428,1
34981112735,1
34981112837,1
34981113492,1
34981113597,1
34981113842,1
34981113944,1
34981114544,1
34981114548,1
34981179631,1
34981185265,1
34981254941,1
34981255418,1
34981260726,1
34981264183,1
34981289233,1
34981292408,1
34981303207,1
34981317799,1
34981337281,1
34981465809,1
34981530687,1
34981541542,1
34981544287,1
34981569296,1
34981619391,1
34981671471,1
34981716022,1
34981885661,1
34981887429,1
34981887553,1
34981888200,1
34981888410,1
34981888412,1
34981888413,1
34981888415,1
34981888417,1
34981955353,1
34981978396,1
34981978415,1
34981979353,1
34981986532,1
34981986595,1
34981987915,1
34981991117,1
34981993793,1
34982040965,1
34982099609,1
34982099610,1
34982107762,1
34982128841,1
34982129088,1
34982129657,1
34982130210,1
34982130238,1
34982130503,1
34982130725,1
34982132467,1
34982132715,1
34982140034,1
34982140159,1
34982140200,1
34982141503,1
34982150610,1
34982155623,1
34982239300,1
34982293050,1
34982480620,1
34982499749,1
34982500004,1
34982530533,1
34982561394,1
34982604069,1
34982613018,1
34982613093,1
34982613094,1
34982650028,1
34982650031,1
34982650052,1
34982650074,1
34982650265,1
34982650900,1
34982650903,1
34982650954,1
34982650965,1
34982650973,1
34982650983,1
34982659436,1
34982659486,1
34982659494,1
34982662105,1
34982679529,1
34982688091,1
34982688183,1
34982688187,1
34982690012,1
34982691168,1
34982712236,1
34982721181,1
34982721200,1
34982884145,1
34982920008,1
34982920138,1
34982920502,1
34982920704,1
34982920721,1
34982921167,1
34982921326,1
34982921385,1
34982921504,1
34982921529,1
34982921530,1
34982921595,1
34982921782,1
34982922256,1
34982922319,1
34982922342,1
34982922603,1
34982922798,1
34982922827,1
34982923173,1
34982923615,1
34982924162,1
34982980717,1
34982980719,1
34982980726,1
34982980816,1
34982980854,1
34982980859,1
34982987534,1
34982989291,1
34982990546,1
34982992023,1
34982992077,1
34982992194,1
34982992472,1
34982997015,1
34982998124,1
34982998125,1
34982998129,1
34982998149,1
34982998155,1
34982998157,1
34983003993,1
34983003994,1
34983004950,1
34983007009,1
34983007029,1
34983058529,1
34983058531,1
34983060792,1
34983061576,1
34983070317,1
34983070375,1
34983070476,1
34983070614,1
34983070690,1
34983070691,1
34983070730,1
34983092343,1
34983100300,1
34983119875,1
34983141511,1
34983152606,1
34983167575,1
34983207755,1
34983213149,1
34983216810,1
34983216922,1
34983216979,1
34983217084,1
34983229800,1
34983240427,1
34983317102,1
34983324284,1
34983356346,1
34983359934,1
34983367967,1
34983379915,1
34983440161,1
34983441540,1
34983441717,1
34983443613,1
34983443615,1
34983443621,1
34983443622,1
34983443624,1
34983446211,1
34983449006,1
34983449123,1
34983449233,1
34983449239,1
34983449279,1
34983449348,1
34983449925,1
34983449927,1
34983449929,1
34983456789,1
34983512574,1
34983531037,1
34983531039,1
34983551729,1
34983570092,1
34983570168,1
34983570335,1
34983570377,1
34983570556,1
34983570577,1
34983570580,1
34983570581,1
34983570635,1
34983570736,1
34983570780,1
34983570836,1
34983571023,1
34983571086,1
34983571336,1
34983571387,1
34983571393,1
34983571425,1
34983571593,1
34983571784,1
34983571799,1
34983571801,1
34983571806,1
34983571816,1
34983571835,1
34983571845,1
34983571846,1
34983571849,1
34983571850,1
34983571865,1
34983571869,1
34983571873,1
34983571874,1
34983571881,1
34983571886,1
34983571887,1
34983571888,1
34983571890,1
34983571892,1
34983571893,1
34983571894,1
34983571895,1
34983571896,1
34983571897,1
34983571898,1
34983571903,1
34983571908,1
34983571912,1
34983571913,1
34983571918,1
34983571923,1
34983571925,1
34983571926,1
34983571928,1
34983571929,1
34983571930,1
34983571931,1
34983571932,1
34983571938,1
34983571940,1
34983571942,1
34983571943,1
34983571945,1
34983571946,1
34983571947,1
34983571948,1
34983571950,1
34983571951,1
34983571952,1
34983571953,1
34983571959,1
34983571961,1
34983572121,1
34983572138,1
34983572142,1
34983572148,1
34983572152,1
34983572156,1
34983572157,1
34983572158,1
34983572159,1
34983572160,1
34983572161,1
34983572162,1
34983572165,1
34983572166,1
34983572168,1
34983572169,1
34983572171,1
34983572172,1
34983572174,1
34983572176,1
34983572177,1
34983572178,1
34983572180,1
34983572181,1
34983572182,1
34983572183,1
34983572184,1
34983572185,1
34983572188,1
34983572190,1
34983572193,1
34983572197,1
34983572200,1
34983572209,1
34983572213,1
34983572231,1
34983572234,1
34983572290,1
34983572296,1
34983572297,1
34983572375,1
34983572403,1
34983572438,1
34983572440,1
34983572441,1
34983572446,1
34983572447,1
34983572448,1
34983572450,1
34983572453,1
34983572454,1
34983572456,1
34983572457,1
34983572458,1
34983572462,1
34983572467,1
34983572469,1
34983572470,1
34983572480,1
34983572489,1
34983572491,1
34983572496,1
34983572497,1
34983572538,1
34983572561,1
34983572601,1
34983572643,1
34983572645,1
34983572690,1
34983572691,1
34983572692,1
34983572712,1
34983572715,1
34983572722,1
34983572726,1
34983572736,1
34983572737,1
34983572739,1
34983572742,1
34983572744,1
34983572747,1
34983572749,1
34983572761,1
34983572899,1
34983572905,1
34983572917,1
34983572939,1
34983572967,1
34983573487,1
34983573584,1
34983574205,1
34983574221,1
34983574300,1
34983574301,1
34983574303,1
34983574304,1
34983574306,1
34983574419,1
34983574622,1
34983575303,1
34983575310,1
34983575457,1
34983575503,1
34983575594,1
34983629048,1
34983629490,1
34983664284,1
34983689493,1
34983689494,1
34983689692,1
34983689700,1
34983690146,1
34983690287,1
34983691160,1
34983691466,1
34983691481,1
34983693010,1
34983693058,1
34983693356,1
34983693361,1
34983700089,1
34983772871,1
34983773127,1
34983798095,1
34983839741,1
34983865846,1
34983910299,1
34983910969,1
34983920001,1
34983920210,1
34983951368,1
34983951577,1
34983951810,1
34983951849,1
34983951955,1
34983953103,1
34983953314,1
34984018514,1
34984020077,1
34984033066,1
34984042314,1
34984050045,1
34984051281,1
34984051605,1
34984052950,1
34984054688,1
34984057250,1
34984058100,1
34984058640,1
34984061862,1
34984082519,1
34984088419,1
34984099816,1
34984099903,1
34984103124,1
34984127848,1
34984131104,1
34984131117,1
34984187122,1
34984198357,1
34984240653,1
34984242447,1
34984242500,1
34984242529,1
34984242548,1
34984242579,1
34984244489,1
34984246036,1
34984246350,1
34984248548,1
34984249155,1
34984249931,1
34984249952,1
34984249954,1
34984249957,1
34984249964,1
34984249969,1
34984268930,1
34984268933,1
34984268955,1
34984272050,1
34984272097,1
34984272114,1
34984272242,1
34984275082,1
34984275129,1
34984279010,1
34984279011,1
34984279012,1
34984279015,1
34984279049,1
34984279050,1
34984279066,1
34984279071,1
34984279072,1
34984279113,1
34984279117,1
34984279122,1
34984279134,1
34984279212,1
34984279226,1
34984279231,1
34984279246,1
34984279251,1
34984279257,1
34984279258,1
34984279987,1
34984279991,1
34984280284,1
34984290020,1
34984290293,1
34984290511,1
34984307631,1
34984320460,1
34984340231,1
34984340259,1
34984340498,1
34984340517,1
34984340686,1
34984340707,1
34984340784,1
34984340940,1
34984341182,1
34984341209,1
34984341343,1
34984341496,1
34984341638,1
34984341797,1
34984342173,1
34984342185,1
34984342234,1
34984342260,1
34984342319,1
34984342396,1
34984342463,1
34984342654,1
34984342756,1
34984342782,1
34984342833,1
34984343019,1
34984343025,1
34984343516,1
34984343616,1
34984343622,1
34984343638,1
34984343862,1
34984344166,1
34984345539,1
34984345768,1
34984345901,1
34984345998,1
34984346358,1
34984481125,1
34984481149,1
34984481166,1
34984551552,1
34984580172,1
34984681065,1
34984681204,1
34984702093,1
34984751435,1
34984800190,1
34984800217,1
34984800416,1
34984801921,1
34984802278,1
34984845090,1
34984852517,1
34984853203,1
34984858719,1
34984858773,1
34984859433,1
34984859634,1
34984940291,1
34985100264,1
34985100274,1
34985100282,1
34985106100,1
34985120680,1
34985139283,1
34985180289,1
34985195704,1
34985202020,1
34985208974,1
34985222234,1
34985230198,1
34985241395,1
34985490344,1
34985524764,1
34985559398,1
34985652300,1
34985678800,1
34985716192,1
34985841834,1
34985910611,1
34985991985,1
34986061170,1
34986061181,1
34986064154,1
34986064989,1
34986110215,1
34986113335,1
34986113459,1
34986113888,1
34986120145,1
34986122035,1
34986122272,1
34986126701,1
34986128920,1
34986136008,1
34986137891,1
34986138246,1
34986160500,1
34986160503,1
34986169685,1
34986246569,1
34986247046,1
34986247244,1
34986247256,1
34986247430,1
34986247431,1
34986247432,1
34986247433,1
34986247437,1
34986247440,1
34986247456,1
34986247494,1
34986247680,1
34986247771,1
34986247914,1
34986247951,1
34986248411,1
34986248571,1
34986248812,1
34986248826,1
34986248839,1
34986249243,1
34986249873,1
34986251595,1
34986251606,1
34986312206,1
34986312207,1
34986312208,1
34986336850,1
34986415179,1
34986544079,1
34986599659,1
34986811767,1
34986900085,1
34986986524,1
34987014461,1
34987074274,1
34987084235,1
34987086888,1
34987093314,1
34987104913,1
34987123504,1
34987141028,1
34987141053,1
34987141072,1
34987141096,1
34987141201,1
34987155542,1
34987176025,1
34987178375,1
34987181960,1
34987189060,1
34987189144,1
34987195386,1
34987201780,1
34987202404,1
34987202790,1
34987233775,1
34987252336,1
34987260372,1
34987296831,1
34987380951,1
34987389147,1
34987458632,1
34987525245,1
34987620005,1
34987649329,1
34987790501,1
34987790530,1
34987790722,1
34987791903,1
34987791905,1
34987791906,1
34987791908,1
34987792103,1
34987792160,1
34987792870,1
34987795156,1
34987795166,1
34987798124,1
34987799002,1
34987799051,1
34987799065,1
34987799122,1
34987799675,1
34987804554,1
34987845000,1
34987845003,1
34987845006,1
34987877398,1
34987877400,1
34987877916,1
34987877967,1
34987880725,1
34987880752,1
34987880754,1
34987880862,1
34987888593,1
34987888916,1
34987910108,1
34987915075,1
34987949931,1
34987949936,1
34988102070,1
34988103232,1
34988140666,1
34988140686,1
34988140859,1
34988140943,1
34988141155,1
34988141454,1
34988141517,1
34988141615,1
34988141950,1
34988142087,1
34988142402,1
34988142476,1
34988142771,1
34988142865,1
34988143201,1
34988143387,1
34988143516,1
34988238350,1
34988292384,1
34988347050,1
34988386617,1
34988388466,1
34988507822,1
34988517305,1
34988565566,1
34988609480,1
34988652186,1
34988655182,1
34988662143,1
34988662226,1
34988662257,1
34988662269,1
34988689015,1
34988738145,1
34988800655,1
34988800656,1
34988800658,1
34988807413,1
34988807517,1
34988807557,1
34988807567,1
34988880039,1
34988880086,1
34988880095,1
34988880367,1
34988880378,1
34988880384,1
34988880401,1
34988880518,1
34988880577,1
34988880702,1
34988880708,1
34988880745,1
34988880768,1
34988880880,1
34988881027,1
34988980112,1
34988980526,1
34988980686,1
34988980687,1
34988980688,1
34988980689,1
34988980694,1
34988980951,1
34988981155,1
34989121896,1
34989124711,1
34989125016,1
34989201767,1
34989218384,1
34989242411,1
34989286739,1
34989373411,1
34989437808,1
34989444422,1
34989509003,1
34989551131,1
34989620847,1
34989708091,1
34989716760,1
34989896794,1
34989896795,1
34989896796,1
34989896797,1
34989896798,1
34989928004,1
34990122516,1
34990122560,1
34990122628,1
34990122678,1
34990122707,1
34990122733,1
34990122768,1
34990122826,1
34990122877,1
34990122907,1
34990123047,1
34990123120,1
34990123176,1
34990123206,1
34990123258,1
34990123284,1
34990123342,1
34990123425,1
34990123447,1
34990123487,1
34990123514,1
34990123578,1
34990123588,1
34990123641,1
34990123670,1
34990123844,1
34990123888,1
34990123960,1
34990123967,1
34990124075,1
34990124088,1
34990124144,1
34990124197,1
34990124265,1
34990124328,1
34990124380,1
34990124574,1
34990404101,1
34990632090,1
34991079431,1
34991118077,1
34991181509,1
34991188185,1
34991188186,1
34991265363,1
34991319235,1
34991358949,1
34991863222,1
34991991999,1
34992101747,1
34992220048,1
34992220651,1
34992220721,1
34992220910,1
34992221272,1
34992221542,1
34992221749,1
34992221871,1
34992221979,1
34992222003,1
34992222062,1
34992222413,1
34992222493,1
34992222697,1
34992404114,1
34992775992,1
34993050241,1
34993128637,1
34993223016,1
34993255349,1
34993256198,1
34993269067,1
34993294247,1
34993294248,1
34993294275,1
34993294404,1
34993294462,1
34993294491,1
34993294517,1
34993294538,1
34993294666,1
34993294778,1
34993294811,1
34993294897,1
34993294919,1
34993294939,1
34993294999,1
34993295003,1
34993295042,1
34993295095,1
34993295125,1
34993295334,1
34993295393,1
34993295511,1
34993295542,1
34993295594,1
34993295625,1
34993295645,1
34993295690,1
34993295710,1
34993295722,1
34993295807,1
34993295827,1
34993295879,1
34993295908,1
34993295945,1
34993296009,1
34993296078,1
34993296112,1
34993296155,1
34993296290,1
34993296295,1
34993296361,1
34993296548,1
34993296592,1
34993296684,1
34993296700,1
34993296769,1
34993296777,1
34993296990,1
34993407102,1
34994175119,1
34994263587,1
34994323994,1
34994379870,1
34995229088,1
34995351699,1
34995390089,1
34995390318,1
34995390334,1
34995390764,1
34995390994,1
34995391136,1
34995391145,1
34995391272,1
34995392024,1
34995392806,1
34995393071,1
34995393599,1
34995393951,1
34995394013,1
34995394174,1
34995394330,1
34995394560,1
34995394644,1
34995395428,1
34995396042,1
34995396264,1
34995448059,1
34995564827,1
34995800000,1
34995800002,1
34996010000,1
34996352785,1
34996408083,1
34996408233,1
34996408436,1
34996408653,1
34996408749,1
34996408870,1
34996408959,1
34996409028,1
34996409179,1
34996409424,1
34996409454,1
34996409603,1
34996409677,1
34996409818,1
34996409819,1
34996409869,1
34996409984,1
34996529319,1
34996980760,1
34997356825,1
34997480006,1
34997480061,1
34997480141,1
34997480142,1
34997480170,1
34997480237,1
34997480268,1
34997480356,1
34997480406,1
34997480429,1
34997480594,1
34997480688,1
34997480771,1
34997480793,1
34997480856,1
34997480876,1
34997480921,1
34997480958,1
34997481058,1
34997481067,1
34997481085,1
34997481105,1
34997481156,1
34997481221,1
34997481480,1
34997481531,1
34997481626,1
34997481741,1
34997481851,1
34997481966,1
34997869464,1
34998148947,1
34998192795,1
34998291418,1
34998336008,1
34998369537,1
34998395861,1
34998564399,1
34998777112,1
34998992388,1
34999065797,1
34999198388,1
34999310370,1
34999430960,1
34999451370,1
34999565577,1
34999590685,1
34999833077,1
34999833326,1
34999834349,1
34999850452,1
34999990447,1
34999999999,1
35165927972,1
351920768013,1
351927178894,1
35791014035,1
35791045854,1
36201256564,1
390102385408,1
390107775375,1
3901096601344,1
390110121500,1
390110435332,1
390110660333,1
390110701552,1
390110722780,1
390110728054,1
390110840572,1
390110844201,2
390110844331,1
390110844350,1
390110844522,1
390110877571,1
3901118410100,1
3901119117646,1
3901119836809,1
3901119838647,1
3901119881883,1
390114410374,1
390131081238,1
3901411930738,1
3901411930740,1
3901611760686,1
390171051026,1
390171051056,1
390171053947,1
390184537342,1
390192180861,1
390192182219,1
390209951075,1
3902147924212,1
390220011357,1
390221104641,1
3902280781044,1
39022926570,1
390230619845,1
39023567449,1
390237901576,1
390237920651,1
390237920797,1
390238244011,1
390239304815,1
390240042149,1
390240042465,1
390240042723,1
390240042756,1
390240044150,1
390240047068,1
390240135543,1
390240700510,1
390240700608,1
390240700779,2
390240705300,2
390240706144,3
390240707510,1
390240709777,1
390240709921,1
390240741138,2
390240741601,1
390242107377,1
390245072144,1
390245073157,1
390245073381,1
390245073698,1
390245074371,1
390245074507,1
390245075289,2
390245467015,1
390247924004,1
390247924108,1
390247924212,1
390247924654,1
390247924926,1
390247950851,2
390247951760,1
390250029396,1
390250073773,1
39025077717,1
390256565445,1
390273103752,1
390273103768,1
390273103775,1
390273103781,1
390273103786,1
390273103787,2
390273103788,2
390273103799,4
390273103814,2
390273103817,1
390273103824,1
390273103834,3
390273103839,1
390279100177,1
390279102800,1
390279250165,1
390279251538,1
390280040184,1
390280781745,1
390280782026,1
390280889337,2
390280889687,2
390280896150,1
390280897606,1
390280897869,1
390281276702,1
390281278039,1
390281279666,1
390282861558,1
390282949024,1
390283905761,1
390285908558,1
390286882684,1
390287165818,1
390287176887,3
390287177924,1
39028717794,1
390289950751,1
390289954791,1
39029014430,1
39029094239,1
390299946676,1
390299949851,1
390302042035,1
390302045638,1
390302046333,1
390302046612,2
390303891379,1
390303891559,1
390303891971,1
390305780445,1
390306801622,1
390307640570,1
390316685458,1
390316882338,1
390319120277,1
3903211742909,1
3903311735143,1
390344012459,1
390344012750,1
390350087509,1
390350687414,1
390350688930,1
3903550050893,1
3903620920102,1
3903711982446,1
390390110840803,1
390392742750,1
390405894576,1
390410989901,1
390418688842,1
3904261955315,1
3904321709985,1
3904371850993,1
3904371854359,1
3904441521572,1
3904611122161,1
3904611221701,1
3904611222041,1
3904711270153,1
390481385346,1
390492975169,1
390492977899,1
390492978765,1
390509355678,1
39051021610,1
390510216109,1
390510670272,1
390510670797,1
390510827982,1
390510915109,1
390510918384,1
390515790000,1
390519524083,1
3905211900901,1
3905221441771,2
3905231923650,1
390523192372,1
3905231923855,1
390536042665,1
390536845376,1
3905411727934,1
3905411771071,1
390543050538,1
390558009440,1
390575357875,1
3905771804957,1
390583210111,1
39058355318,1
3905841776345,1
390592934643,1
390620197179,1
390620197572,1
390620197648,1
39062418775,1
39065503175,1
390656557258,3
390656558185,1
390662270944,2
390662290704,1
39066229074,1
390669791804,1
390669791825,1
390669791848,1
390672654201,1
390673000731,1
390673000805,2
390673000813,1
390680451511,1
390681157170,1
390682951206,1
390682955,1
390683393764,1
390683846806,1
390684033981,1
390685901769,1
390685903339,1
390687153873,1
390687811484,1
390687811786,1
390691712274,1
390694808047,1
390695550196,1
390698235791,1
390698241155,1
390698241952,1
390698380353,2
390699181232,1
390699330100,1
390712383942,1
390712383949,1
390712384125,1
390712384316,1
390712384357,1
390712385502,1
390712385513,1
390716250112,1
3907211640857,1
390742617822,1
390753693832,1
390753694147,1
39076113535,1
3907611682449,1
390775399307,1
390784030406,1
390808600233,1
390809997696,1
3908118555480,1
3908118933477,1
3908118933764,2
3908119676204,1
3908119676285,1
3908119676339,1
3908119757096,1
390812361575,1
390815514314,1
390818142743,1
39081997008,1
3908231882916,1
3908241910586,1
3908351844980,1
390852293088,1
390852296266,1
390852296312,1
390862373150,1
3908711760232,1
3908741912567,1
390881030790,1
3908902843930,1
390892843688,1
390912575387,1
390918775231,1
3909321810501,1
390957304777,1
3909651963472,1
3909651963494,1
3909711783266,1
3909711783278,1
3909841999802,1
3910052500,1
39213661262924,1
3922946000575,1
392349066511228,1
393019075445,1
39302310397624,1
393068059214,1
393138090112,1
393203696722,1
393240040490,2
393245819072,4
393271185541,1
393271379466,1
393271403551,1
393272747164,1
393273313945,1
393274023131,1
393276154655,1
393276276790,1
393280484975,1
393285644901,1
393286169315,1
393287090449,1
39328869594,1
393290087205,1
393290159738,1
393294553656,1
393295553791,1
393296976407,1
393299366520,1
39330519566,1
393311630704,1
393314371760,1
393317256563,1
393317445282,1
39331903421174,1
393332836518,1
393334401750,1
393335393895,1
393335694903,1
393336158548,1
393338286453,1
393338544043,1
393339204225,1
393343231333,1
39335346334,1
393356055140,1
393356362848,1
393356879722,1
3933644679307,1
393373046331,1
3933767757158,1
393381827027,1
39338260188,1
393387385738,1
393387391831,1
393387505160,1
39339221637,1
393392500481,1
393397367619,1
393398104265,1
393399957376,1
393402627686,1
393404090224,1
393405542649,1
393409156991,1
393420562375,1
393421923762,1
393429926139,1
393444201253,1
393451769031,1
393457690423,1
393459259649,1
393461457564,1
393464446616,1
393464773713,1
393466329244,1
393470075441,1
393472550176,1
393475979311,1
393476050792,1
393476964333,1
393478423710,1
393481796465,1
393485852489,1
393490021872,1
393492196841,1
393497796431,1
393497895652,1
393500493275,1
393500914364,1
393500959123,1
393501017644,1
393501429604,2
393501906805,1
393501931350,1
393505785998,1
393505874674,1
393508079768,1
393508100031,1
393508219995,1
393508389052,2
393508443386,1
393508618711,2
393508689554,1
393508702815,1
393508712634,1
393508768667,1
393508782953,1
393509016496,1
393509036448,2
393509039533,1
393509138753,2
393509238589,1
393509277960,1
393509298686,1
393509343934,1
393509392135,1
393509552577,1
393509594232,1
393509722932,1
393509732045,1
393509814875,1
393509852090,1
393509891762,1
393509957703,1
393510084632,1
393510141458,1
393510333831,1
393510413346,1
393510508990,1
393510549480,1
393510572650,1
393510589141,1
393510595013,1
393510621292,1
393510850851,1
393510891144,1
393510925265,1
393511017150,1
393511080660,1
393511144398,1
393511147389,1
393511282904,1
393511614435,1
393511615558,1
393511699378,1
393511819013,1
393511867267,1
393511920451,1
393511932211,1
393512230132,2
393512250849,1
393512288432,1
393512355925,1
393512464307,1
393512487246,1
393512532040,1
393512535006,1
393512581410,2
393512613092,1
393512625853,3
393512643223,1
393512759915,1
393512775021,1
393512837652,1
393513164440,1
393513325788,1
393513345857,1
393513356217,1
393513775570,1
393513799195,1
393513807106,1
393514036943,1
393514127563,1
393514263298,1
393514275996,1
393514337964,1
393514478931,2
393514639943,1
393514782619,1
393514788393,1
393514833386,1
393515407865,1
393516047553,1
3935166920727,1
393516984083,1
393516997115,1
393517050856,1
393517691431,1
393517917297,1
393518032767,1
393518206335,1
393518703471,1
39351966732205,1
393520025108,1
393520043023,1
393520179333,1
393520187916,1
393520261884,1
393520411874,1
393520515702,1
393520522461,1
393520591011,1
393520615267,1
393520688505,1
393520719255,1
393520719936,1
393520769307,1
393520793644,1
393520817446,1
39352081881,1
393520829339,2
393520835999,1
393520979722,1
393522087746,1
393522149454,1
393522169645,1
393522179149,1
393522265030,1
393522368306,1
393522534021,1
393522756234,1
393522900368,1
393522925271,1
393522969340,1
393532177926,1
393533128833,1
393533405181,1
393534010129,1
393534045243,1
393534053027,1
393534075308,1
393534085905,1
393534086569,1
393534088695,1
393534089978,1
393534168665,1
393534169867,1
393534178241,1
393534247516,1
393534253791,1
393534262320,1
393534268845,1
393534277679,1
393534413831,1
393534526546,1
393534928186,1
393534934270,1
393534956886,1
393534962724,1
393534989056,1
393534990724,1
393534994668,1
393534995679,1
393534995836,1
393534998697,1
3935794480258,1
39359677160,1
393667586452,1
393714241635,1
393757856828,1
393760243915,1
393760243985,2
393760758929,1
393760759404,1
393760766156,1
393761559473,1
393761944305,1
393762887377,1
393762895598,1
393770977786,1
393770981536,1
393771320514,1
393773027758,1
393773042696,1
393773046331,1
393773060366,1
393773129581,1
393773178777,1
393773192531,1
393773194682,1
393773239404,1
393773252507,1
393773266843,1
393773275311,1
393773292407,2
393773295236,1
393773319292,1
393773327260,1
393773358109,1
393773359802,1
393773360558,1
393773364026,1
393773377818,1
393773407862,1
393773416461,1
393773421266,1
393773429965,1
393773523928,1
393773543873,2
393773557143,1
393773600484,1
393773608264,1
393773621755,1
393773643216,1
393773792517,1
393773810976,1
393773832801,1
393773837075,1
393773925753,1
393773948723,1
393773961406,1
393773984022,1
393775774516,1
393775780911,1
393775786518,1
393775791904,1
393775791908,1
393775981511,1
393778123869,1
393778221658,2
393778299253,1
393778543804,1
393778544884,1
393778544976,1
393778546673,1
393778830905,1
393778873527,1
393780390711,1
393784108646,1
393784120990,1
393784121153,1
393784136644,1
393784137534,1
393784137920,1
393784148586,1
393784333548,1
393784435333,1
393784444585,1
393784445924,1
393784475516,1
393784483618,1
393784488150,1
393784489642,1
393784490007,2
393792523241,1
393792568122,1
393793083050,1
393793094951,1
393793189229,1
393793267995,1
393793596239,1
393793789804,1
393793791179,1
393793801358,1
393793836676,1
393793890741,1
393793895877,1
393793913820,1
393793958247,1
393793966140,1
393793970959,1
393801466124,1
393890005798,1
393890414143,1
393895857481,1
39390102385437,1
393901119117646,1
393918767043,1
393924734460,1
393924812988,1
393926866967,1
393929870026,1
39393375231326,1
393934515872,2
39393491435468,1
393935089030,1
39393519776413,1
39393534987415,1
39393534995836,1
39393773060366,1
39393784471818,1
39393784484136,1
393989344819,2
39417790487691,1
39436566172825,1
39447462983049,1
394915153052663,1
39672560707,1
39672857659,1
39800729016,1
398297650795,1
398495884183,1
398848075393,1
3989342218,1
3989342220,1
3989342229,1
3989342256,1
3989342267,2
3989347795,1
3989347796,1
3989349448,1
3989349464,1
40778280600,1
41779239433,1
41794860985,1
41918016125,1
436755166479,1
436755170227,1
436776116502,1
441641270001,1
447346264538,1
447380889105,2
447450346465,1
447575553365,1
447822104277,1
454294580,1
456566163633,1
4915585010865,1
491710361645,1
491716099995,1
4917631513324,1
4917650754506,1
573019075445,1
573102600292,1
881641437452,1